repo,pr_number,url,Time to Merge (days),Number of Unique Reviewers,Total Discussion Comments,Commits After First Review,Time Between First and Last Comments (days),Requested Changes,log1p Time to Merge (days),log1p Number of Unique Reviewers,log1p Total Discussion Comments,log1p Commits After First Review,log1p Time Between First and Last Comments (days),log1p Requested Changes
Trilinos,2043,https://github.com/trilinos/Trilinos/pull/2043,45.06,2,47,34,45.04,0,3.829944894392539,1.0986122886681096,3.8712010109078907,3.5553480614894135,3.829510583853682,0.0
Trilinos,2599,https://github.com/trilinos/Trilinos/pull/2599,4.05,3,35,1,4.03,0,1.6193882432872684,1.3862943611198906,3.58351893845611,0.6931471805599453,1.6154199841116479,0.0
Trilinos,2611,https://github.com/trilinos/Trilinos/pull/2611,24.1,3,19,1,24.09,0,3.2228678461377385,1.3862943611198906,2.995732273553991,0.6931471805599453,3.222469360378331,0.0
Trilinos,3024,https://github.com/trilinos/Trilinos/pull/3024,21.9,3,21,3,21.85,0,3.131136910560194,1.3862943611198906,3.091042453358316,1.3862943611198906,3.128951117340214,0.0
Trilinos,3210,https://github.com/trilinos/Trilinos/pull/3210,2.06,2,23,4,2.06,0,1.1184149159642893,1.0986122886681096,3.1780538303479458,1.6094379124341003,1.1184149159642893,0.0
Trilinos,3354,https://github.com/trilinos/Trilinos/pull/3354,34.73,1,24,2,34.73,0,3.5759906720353185,0.6931471805599453,3.2188758248682006,1.0986122886681096,3.5759906720353185,0.0
Trilinos,4302,https://github.com/trilinos/Trilinos/pull/4302,6.96,3,45,2,6.08,0,2.0744289998562917,1.3862943611198906,3.828641396489095,1.0986122886681096,1.9572739077056285,0.0
Trilinos,4350,https://github.com/trilinos/Trilinos/pull/4350,1.95,2,16,1,1.44,0,1.0818051703517284,1.0986122886681096,2.833213344056216,0.6931471805599453,0.8919980393051105,0.0
Trilinos,4606,https://github.com/trilinos/Trilinos/pull/4606,6.65,2,43,1,6.5,0,2.0347056478384444,1.0986122886681096,3.784189633918261,0.6931471805599453,2.0149030205422647,0.0
Trilinos,4618,https://github.com/trilinos/Trilinos/pull/4618,5.78,2,24,1,5.3,0,1.9139771019523042,1.0986122886681096,3.2188758248682006,0.6931471805599453,1.840549633397487,0.0
Trilinos,4918,https://github.com/trilinos/Trilinos/pull/4918,343.97,3,58,9,343.93,0,5.843457456728683,1.3862943611198906,4.07753744390572,2.302585092994046,5.843341497893939,0.0
Trilinos,4968,https://github.com/trilinos/Trilinos/pull/4968,2.99,1,25,1,2.99,0,1.3837912309017721,0.6931471805599453,3.258096538021482,0.6931471805599453,1.3837912309017721,0.0
Trilinos,5126,https://github.com/trilinos/Trilinos/pull/5126,0.8,3,14,1,0.43,0,0.5877866649021191,1.3862943611198906,2.70805020110221,0.6931471805599453,0.3576744442718159,0.0
Trilinos,5290,https://github.com/trilinos/Trilinos/pull/5290,108.89,5,97,10,106.89,0,4.699479865458833,1.791759469228055,4.584967478670572,2.3978952727983707,4.681112189563248,0.0
Trilinos,5369,https://github.com/trilinos/Trilinos/pull/5369,103.53,3,97,1,103.2,0,4.649474111544616,1.3862943611198906,4.584967478670572,0.6931471805599453,4.646312129319266,0.0
Trilinos,5518,https://github.com/trilinos/Trilinos/pull/5518,125.96,3,72,11,125.95,0,4.843872076218154,1.3862943611198906,4.290459441148391,2.4849066497880004,4.843793308150688,0.0
Trilinos,5701,https://github.com/trilinos/Trilinos/pull/5701,0.3,2,16,2,0.58,0,0.26236426446749106,1.0986122886681096,2.833213344056216,1.0986122886681096,0.4574248470388754,0.0
Trilinos,5708,https://github.com/trilinos/Trilinos/pull/5708,0.49,4,25,2,0.48,0,0.3987761199573678,1.6094379124341003,3.258096538021482,1.0986122886681096,0.3920420877760237,0.0
Trilinos,5737,https://github.com/trilinos/Trilinos/pull/5737,0.77,2,18,1,0.76,0,0.5709795465857378,1.0986122886681096,2.9444389791664403,0.6931471805599453,0.5653138090500605,0.0
Trilinos,5841,https://github.com/trilinos/Trilinos/pull/5841,1.04,1,16,1,1.04,0,0.712949807856125,0.6931471805599453,2.833213344056216,0.6931471805599453,0.712949807856125,0.0
Trilinos,5852,https://github.com/trilinos/Trilinos/pull/5852,48.16,2,43,4,63.57,0,3.895080284697834,1.0986122886681096,3.784189633918261,1.6094379124341003,4.167749906638376,0.0
Trilinos,5856,https://github.com/trilinos/Trilinos/pull/5856,0.91,1,21,2,0.9,0,0.6471032420585385,0.6931471805599453,3.091042453358316,1.0986122886681096,0.6418538861723948,0.0
Trilinos,5861,https://github.com/trilinos/Trilinos/pull/5861,0.79,4,37,3,0.74,0,0.5822156198526637,1.6094379124341003,3.6375861597263857,1.3862943611198906,0.5538851132264376,0.0
Trilinos,5883,https://github.com/trilinos/Trilinos/pull/5883,8.24,3,67,35,10.28,1,2.2235418856535927,1.3862943611198906,4.219507705176107,3.58351893845611,2.423031246069913,0.6931471805599453
Trilinos,5894,https://github.com/trilinos/Trilinos/pull/5894,1.89,2,22,1,1.88,0,1.0612565021243408,1.0986122886681096,3.1354942159291497,0.6931471805599453,1.0577902941478545,0.0
Trilinos,5926,https://github.com/trilinos/Trilinos/pull/5926,0.08,1,7,1,0.08,0,0.07696104113612832,0.6931471805599453,2.0794415416798357,0.6931471805599453,0.07696104113612832,0.0
Trilinos,5958,https://github.com/trilinos/Trilinos/pull/5958,148.73,3,170,1,147.77,0,5.008833672149628,1.3862943611198906,5.14166355650266,0.6931471805599453,5.002401489169152,0.0
Trilinos,6038,https://github.com/trilinos/Trilinos/pull/6038,0.13,3,21,1,0.13,0,0.12221763272424921,1.3862943611198906,3.091042453358316,0.6931471805599453,0.12221763272424921,0.0
Trilinos,6067,https://github.com/trilinos/Trilinos/pull/6067,1.19,2,30,3,1.18,0,0.7839015438284094,1.0986122886681096,3.4339872044851463,1.3862943611198906,0.7793248768009976,0.0
Trilinos,6085,https://github.com/trilinos/Trilinos/pull/6085,1.32,2,17,1,0.68,0,0.8415671856782186,1.0986122886681096,2.8903717578961645,0.6931471805599453,0.5187937934151676,0.0
Trilinos,6137,https://github.com/trilinos/Trilinos/pull/6137,0.99,3,24,2,0.98,0,0.688134638736401,1.3862943611198906,3.2188758248682006,1.0986122886681096,0.6830968447064438,0.0
Trilinos,6160,https://github.com/trilinos/Trilinos/pull/6160,0.24,4,18,1,3.97,0,0.2151113796169455,1.6094379124341003,2.9444389791664403,0.6931471805599453,1.6034198401085373,0.0
Trilinos,6174,https://github.com/trilinos/Trilinos/pull/6174,0.92,1,14,1,0.9,0,0.6523251860396903,0.6931471805599453,2.70805020110221,0.6931471805599453,0.6418538861723948,0.0
Trilinos,6226,https://github.com/trilinos/Trilinos/pull/6226,30.73,3,36,1,30.71,0,3.4572626055951043,1.3862943611198906,3.6109179126442243,0.6931471805599453,3.456632088550256,0.0
Trilinos,6235,https://github.com/trilinos/Trilinos/pull/6235,4.74,2,21,5,4.73,0,1.747459210331475,1.0986122886681096,3.091042453358316,1.791759469228055,1.7457155307266483,0.0
Trilinos,6270,https://github.com/trilinos/Trilinos/pull/6270,1.04,3,30,2,1.02,0,0.712949807856125,1.3862943611198906,3.4339872044851463,1.0986122886681096,0.7030975114131134,0.0
Trilinos,6271,https://github.com/trilinos/Trilinos/pull/6271,0.99,1,11,1,0.97,0,0.688134638736401,0.6931471805599453,2.4849066497880004,0.6931471805599453,0.6780335427498971,0.0
Trilinos,6342,https://github.com/trilinos/Trilinos/pull/6342,2.09,4,48,2,7.17,0,1.128171090909654,1.6094379124341003,3.8918202981106265,1.0986122886681096,2.1004689088719113,0.0
Trilinos,6387,https://github.com/trilinos/Trilinos/pull/6387,9.21,1,18,1,8.62,0,2.3233676321765744,0.6931471805599453,2.9444389791664403,0.6931471805599453,2.263844264677615,0.0
Trilinos,6405,https://github.com/trilinos/Trilinos/pull/6405,0.55,3,18,1,4.71,1,0.4382549309311553,1.3862943611198906,2.9444389791664403,0.6931471805599453,1.7422190236679187,0.6931471805599453
Trilinos,6410,https://github.com/trilinos/Trilinos/pull/6410,2.28,1,37,2,2.27,1,1.1878434223960523,0.6931471805599453,3.6375861597263857,1.0986122886681096,1.184789984909162,0.6931471805599453
Trilinos,6439,https://github.com/trilinos/Trilinos/pull/6439,0.94,3,29,2,0.9,0,0.6626879730752367,1.3862943611198906,3.4011973816621555,1.0986122886681096,0.6418538861723948,0.0
Trilinos,6452,https://github.com/trilinos/Trilinos/pull/6452,26.75,4,36,3,26.74,1,3.3232358401924436,1.6094379124341003,3.6109179126442243,1.3862943611198906,3.3228754148866857,0.6931471805599453
Trilinos,6465,https://github.com/trilinos/Trilinos/pull/6465,1.72,2,24,5,1.72,0,1.000631880307906,1.0986122886681096,3.2188758248682006,1.791759469228055,1.000631880307906,0.0
Trilinos,6473,https://github.com/trilinos/Trilinos/pull/6473,15.04,2,41,1,15.45,0,2.7750856024383683,1.0986122886681096,3.7376696182833684,0.6931471805599453,2.800325477211381,0.0
Trilinos,6526,https://github.com/trilinos/Trilinos/pull/6526,0.12,3,18,1,0.11,0,0.11332868530700317,1.3862943611198906,2.9444389791664403,0.6931471805599453,0.10436001532424277,0.0
Trilinos,6535,https://github.com/trilinos/Trilinos/pull/6535,1.39,2,26,1,1.39,0,0.8712933659434192,1.0986122886681096,3.295836866004329,0.6931471805599453,0.8712933659434192,0.0
Trilinos,6572,https://github.com/trilinos/Trilinos/pull/6572,0.1,1,6,2,0.09,0,0.09531017980432487,0.6931471805599453,1.9459101490553132,1.0986122886681096,0.08617769624105233,0.0
Trilinos,6583,https://github.com/trilinos/Trilinos/pull/6583,1.15,3,28,3,1.14,0,0.7654678421395714,1.3862943611198906,3.367295829986474,1.3862943611198906,0.76080582903376,0.0
Trilinos,6617,https://github.com/trilinos/Trilinos/pull/6617,6.96,2,30,3,6.93,0,2.0744289998562917,1.0986122886681096,3.4339872044851463,1.3862943611198906,2.0706530356467567,0.0
Trilinos,6683,https://github.com/trilinos/Trilinos/pull/6683,7.07,3,30,22,7.05,0,2.0881534822818573,1.3862943611198906,3.4339872044851463,3.1354942159291497,2.085672091430472,0.0
Trilinos,6684,https://github.com/trilinos/Trilinos/pull/6684,16.01,3,74,11,15.89,0,2.8338014064077703,1.3862943611198906,4.31748811353631,2.4849066497880004,2.826721730819709,0.0
Trilinos,6693,https://github.com/trilinos/Trilinos/pull/6693,0.41,2,24,3,0.41,0,0.3435897043900769,1.0986122886681096,3.2188758248682006,1.3862943611198906,0.3435897043900769,0.0
Trilinos,6707,https://github.com/trilinos/Trilinos/pull/6707,32.94,4,31,2,32.95,0,3.52459425980608,1.6094379124341003,3.4657359027997265,1.0986122886681096,3.5248888540047054,0.0
Trilinos,6717,https://github.com/trilinos/Trilinos/pull/6717,15.06,3,70,11,15.05,2,2.7763317085186157,1.3862943611198906,4.2626798770413155,2.4849066497880004,2.775708849576025,1.0986122886681096
Trilinos,6768,https://github.com/trilinos/Trilinos/pull/6768,0.13,3,24,1,0.12,0,0.12221763272424921,1.3862943611198906,3.2188758248682006,0.6931471805599453,0.11332868530700317,0.0
Trilinos,6770,https://github.com/trilinos/Trilinos/pull/6770,3.9,3,88,5,3.96,2,1.589235205116581,1.3862943611198906,4.48863636973214,1.791759469228055,1.601405740736836,1.0986122886681096
Trilinos,6793,https://github.com/trilinos/Trilinos/pull/6793,0.16,3,19,1,0.16,0,0.14842000511827327,1.3862943611198906,2.995732273553991,0.6931471805599453,0.14842000511827327,0.0
Trilinos,6808,https://github.com/trilinos/Trilinos/pull/6808,63.05,3,50,2,62.99,1,4.1596640283427435,1.3862943611198906,3.9318256327243257,1.0986122886681096,4.158726821151369,0.6931471805599453
Trilinos,6813,https://github.com/trilinos/Trilinos/pull/6813,6.3,3,58,9,6.29,0,1.9878743481543455,1.3862943611198906,4.07753744390572,2.302585092994046,1.986503546020567,0.0
Trilinos,6865,https://github.com/trilinos/Trilinos/pull/6865,2.45,2,37,6,2.39,0,1.2383742310432684,1.0986122886681096,3.6375861597263857,1.9459101490553132,1.220829921392359,0.0
Trilinos,6867,https://github.com/trilinos/Trilinos/pull/6867,6.04,4,40,3,6.0,0,1.951608170169951,1.6094379124341003,3.713572066704308,1.3862943611198906,1.9459101490553132,0.0
Trilinos,6874,https://github.com/trilinos/Trilinos/pull/6874,10.87,2,30,1,10.75,0,2.4740142086215764,1.0986122886681096,3.4339872044851463,0.6931471805599453,2.463853240590168,0.0
Trilinos,6880,https://github.com/trilinos/Trilinos/pull/6880,4.19,2,23,2,3.16,0,1.6467336971777973,1.0986122886681096,3.1780538303479458,1.0986122886681096,1.425515074273172,0.0
Trilinos,6912,https://github.com/trilinos/Trilinos/pull/6912,3.44,2,27,5,3.25,1,1.4906543764441333,1.0986122886681096,3.332204510175204,1.791759469228055,1.4469189829363254,0.6931471805599453
Trilinos,6913,https://github.com/trilinos/Trilinos/pull/6913,3.81,3,39,3,3.35,0,1.5706970841176697,1.3862943611198906,3.6888794541139363,1.3862943611198906,1.4701758451005928,0.0
Trilinos,6931,https://github.com/trilinos/Trilinos/pull/6931,14.18,4,119,10,139.94,2,2.719978771967484,1.6094379124341003,4.787491742782046,2.3978952727983707,4.948334267898876,1.0986122886681096
Trilinos,6974,https://github.com/trilinos/Trilinos/pull/6974,0.21,1,14,2,0.19,0,0.1906203596086497,0.6931471805599453,2.70805020110221,1.0986122886681096,0.173953307123438,0.0
Trilinos,6998,https://github.com/trilinos/Trilinos/pull/6998,2.79,1,29,2,2.77,0,1.332366019094335,0.6931471805599453,3.4011973816621555,1.0986122886681096,1.3270750014599193,0.0
Trilinos,7009,https://github.com/trilinos/Trilinos/pull/7009,32.82,1,53,11,32.63,1,3.5210523434704344,0.6931471805599453,3.9889840465642745,2.4849066497880004,3.515418525752178,0.6931471805599453
Trilinos,7077,https://github.com/trilinos/Trilinos/pull/7077,0.15,1,20,1,0.13,1,0.13976194237515868,0.6931471805599453,3.044522437723423,0.6931471805599453,0.12221763272424921,0.6931471805599453
Trilinos,7086,https://github.com/trilinos/Trilinos/pull/7086,13.32,2,55,9,13.18,1,2.6616571615324998,1.0986122886681096,4.02535169073515,2.302585092994046,2.6518325211039815,0.6931471805599453
Trilinos,7103,https://github.com/trilinos/Trilinos/pull/7103,6.65,1,38,3,6.64,0,2.0347056478384444,0.6931471805599453,3.6635616461296463,1.3862943611198906,2.033397603178429,0.0
Trilinos,7105,https://github.com/trilinos/Trilinos/pull/7105,0.37,1,16,1,0.36,0,0.31481073984003355,0.6931471805599453,2.833213344056216,0.6931471805599453,0.3074846997479606,0.0
Trilinos,7131,https://github.com/trilinos/Trilinos/pull/7131,1.59,2,19,1,1.57,1,0.9516578757114464,1.0986122886681096,2.995732273553991,0.6931471805599453,0.9439058989071285,0.6931471805599453
Trilinos,7133,https://github.com/trilinos/Trilinos/pull/7133,3.96,2,44,10,3.95,1,1.601405740736836,1.0986122886681096,3.8066624897703196,2.3978952727983707,1.599387576580599,0.6931471805599453
Trilinos,7150,https://github.com/trilinos/Trilinos/pull/7150,5.69,1,19,1,1.21,0,1.900613874140137,0.6931471805599453,2.995732273553991,0.6931471805599453,0.7929925155296614,0.0
Trilinos,7165,https://github.com/trilinos/Trilinos/pull/7165,0.28,2,15,1,2.56,1,0.2468600779315258,1.0986122886681096,2.772588722239781,0.6931471805599453,1.269760544863939,0.6931471805599453
Trilinos,7167,https://github.com/trilinos/Trilinos/pull/7167,0.26,3,32,1,1.26,2,0.23111172096338664,1.3862943611198906,3.4965075614664802,0.6931471805599453,0.8153648132841945,1.0986122886681096
Trilinos,7186,https://github.com/trilinos/Trilinos/pull/7186,5.92,2,28,2,5.89,0,1.9344157696295783,1.0986122886681096,3.367295829986474,1.0986122886681096,1.9300710850255671,0.0
Trilinos,7194,https://github.com/trilinos/Trilinos/pull/7194,4.31,1,22,1,4.31,1,1.6695918352538475,0.6931471805599453,3.1354942159291497,0.6931471805599453,1.6695918352538475,0.6931471805599453
Trilinos,7248,https://github.com/trilinos/Trilinos/pull/7248,5.83,1,15,1,5.79,0,1.9213246735826988,0.6931471805599453,2.772588722239781,0.6931471805599453,1.9154509415706047,0.0
Trilinos,7254,https://github.com/trilinos/Trilinos/pull/7254,5.91,1,29,2,5.77,1,1.9329696377795786,0.6931471805599453,3.4011973816621555,1.0986122886681096,1.9125010869241836,0.6931471805599453
Trilinos,7258,https://github.com/trilinos/Trilinos/pull/7258,3.06,2,16,1,2.95,1,1.4011829736136412,1.0986122886681096,2.833213344056216,0.6931471805599453,1.3737155789130306,0.6931471805599453
Trilinos,7270,https://github.com/trilinos/Trilinos/pull/7270,1.82,3,45,6,1.82,0,1.0367368849500223,1.3862943611198906,3.828641396489095,1.9459101490553132,1.0367368849500223,0.0
Trilinos,7291,https://github.com/trilinos/Trilinos/pull/7291,1.0,3,29,1,1.0,0,0.6931471805599453,1.3862943611198906,3.4011973816621555,0.6931471805599453,0.6931471805599453,0.0
Trilinos,7387,https://github.com/trilinos/Trilinos/pull/7387,11.05,3,32,1,11.04,1,2.489064659936664,1.3862943611198906,3.4965075614664802,0.6931471805599453,2.488234439880675,0.6931471805599453
Trilinos,7397,https://github.com/trilinos/Trilinos/pull/7397,2.0,2,31,1,1.94,1,1.0986122886681096,1.0986122886681096,3.4657359027997265,0.6931471805599453,1.0784095813505903,0.6931471805599453
Trilinos,7415,https://github.com/trilinos/Trilinos/pull/7415,3.67,2,19,1,3.57,0,1.541159071680806,1.0986122886681096,2.995732273553991,0.6931471805599453,1.5195132049061133,0.0
Trilinos,7460,https://github.com/trilinos/Trilinos/pull/7460,112.91,1,72,2,112.43,0,4.735408662911821,0.6931471805599453,4.290459441148391,1.0986122886681096,4.731185906570952,0.0
Trilinos,7490,https://github.com/trilinos/Trilinos/pull/7490,9.87,1,33,1,9.5,0,2.386006701133118,0.6931471805599453,3.5263605246161616,0.6931471805599453,2.3513752571634776,0.0
Trilinos,7512,https://github.com/trilinos/Trilinos/pull/7512,8.87,4,43,4,8.86,0,2.28949985344539,1.6094379124341003,3.784189633918261,1.6094379124341003,2.288486168614544,0.0
Trilinos,7555,https://github.com/trilinos/Trilinos/pull/7555,5.35,1,14,1,1.39,0,1.8484548129046003,0.6931471805599453,2.70805020110221,0.6931471805599453,0.8712933659434192,0.0
Trilinos,7556,https://github.com/trilinos/Trilinos/pull/7556,1.09,2,13,2,1.07,0,0.7371640659767197,1.0986122886681096,2.639057329615259,1.0986122886681096,0.7275486072772778,0.0
Trilinos,7559,https://github.com/trilinos/Trilinos/pull/7559,10.96,2,55,1,10.83,0,2.481567748522486,1.0986122886681096,4.02535169073515,0.6931471805599453,2.4706386779902956,0.0
Trilinos,7569,https://github.com/trilinos/Trilinos/pull/7569,15.2,4,84,9,15.19,0,2.785011242238338,1.6094379124341003,4.442651256490317,2.302585092994046,2.7843937676895436,0.0
Trilinos,7572,https://github.com/trilinos/Trilinos/pull/7572,21.7,3,70,3,21.11,0,3.122364924487357,1.3862943611198906,4.2626798770413155,1.3862943611198906,3.096029994869355,0.0
Trilinos,7672,https://github.com/trilinos/Trilinos/pull/7672,19.63,3,67,2,19.61,0,3.0267463270831603,1.3862943611198906,4.219507705176107,1.0986122886681096,3.0257763949023677,0.0
Trilinos,7707,https://github.com/trilinos/Trilinos/pull/7707,0.95,2,25,2,0.94,1,0.6678293725756554,1.0986122886681096,3.258096538021482,1.0986122886681096,0.6626879730752367,0.6931471805599453
Trilinos,7728,https://github.com/trilinos/Trilinos/pull/7728,2.48,2,39,3,2.46,0,1.247032293786383,1.0986122886681096,3.6888794541139363,1.3862943611198906,1.2412685890696329,0.0
Trilinos,7753,https://github.com/trilinos/Trilinos/pull/7753,4.95,2,13,1,4.94,0,1.7833912195575383,1.0986122886681096,2.639057329615259,0.6931471805599453,1.7817091333745536,0.0
Trilinos,7771,https://github.com/trilinos/Trilinos/pull/7771,3.65,3,23,1,3.43,0,1.536867219599265,1.3862943611198906,3.1780538303479458,0.6931471805599453,1.4883995840570443,0.0
Trilinos,7908,https://github.com/trilinos/Trilinos/pull/7908,1.54,3,12,3,1.42,0,0.9321640810304452,1.3862943611198906,2.5649493574615367,1.3862943611198906,0.8837675401685949,0.0
Trilinos,7916,https://github.com/trilinos/Trilinos/pull/7916,0.13,2,9,1,0.12,0,0.12221763272424921,1.0986122886681096,2.302585092994046,0.6931471805599453,0.11332868530700317,0.0
Trilinos,7926,https://github.com/trilinos/Trilinos/pull/7926,12.94,3,46,8,12.29,0,2.6347624053323777,1.3862943611198906,3.8501476017100584,2.1972245773362196,2.587011872725154,0.0
Trilinos,7946,https://github.com/trilinos/Trilinos/pull/7946,603.09,6,106,1,581.05,0,6.403723193456948,1.9459101490553132,4.672828834461906,0.6931471805599453,6.36655635469425,0.0
Trilinos,7965,https://github.com/trilinos/Trilinos/pull/7965,7.14,1,28,2,6.28,1,2.096790180014449,0.6931471805599453,3.367295829986474,1.0986122886681096,1.9851308622085946,0.6931471805599453
Trilinos,7985,https://github.com/trilinos/Trilinos/pull/7985,10.95,1,24,1,10.85,1,2.4807312783775197,0.6931471805599453,3.2188758248682006,0.6931471805599453,2.47232786758114,0.6931471805599453
Trilinos,7991,https://github.com/trilinos/Trilinos/pull/7991,0.28,2,18,1,0.28,0,0.2468600779315258,1.0986122886681096,2.9444389791664403,0.6931471805599453,0.2468600779315258,0.0
Trilinos,7992,https://github.com/trilinos/Trilinos/pull/7992,0.89,2,17,1,0.87,1,0.636576829071551,1.0986122886681096,2.8903717578961645,0.6931471805599453,0.6259384308664953,0.6931471805599453
Trilinos,7993,https://github.com/trilinos/Trilinos/pull/7993,0.82,1,18,1,0.81,0,0.598836501088704,0.6931471805599453,2.9444389791664403,0.6931471805599453,0.5933268452777344,0.0
Trilinos,7994,https://github.com/trilinos/Trilinos/pull/7994,5.1,3,24,2,5.1,1,1.8082887711792655,1.3862943611198906,3.2188758248682006,1.0986122886681096,1.8082887711792655,0.6931471805599453
Trilinos,8000,https://github.com/trilinos/Trilinos/pull/8000,4.9,2,11,1,4.85,0,1.7749523509116738,1.0986122886681096,2.4849066497880004,0.6931471805599453,1.766441661243765,0.0
Trilinos,8006,https://github.com/trilinos/Trilinos/pull/8006,32.98,2,64,7,32.97,0,3.525772116243786,1.0986122886681096,4.174387269895637,2.0794415416798357,3.5254777821724925,0.0
Trilinos,8052,https://github.com/trilinos/Trilinos/pull/8052,28.86,3,72,1,28.85,1,3.3965197921110444,1.3862943611198906,4.290459441148391,0.6931471805599453,3.396184839838611,0.6931471805599453
Trilinos,8054,https://github.com/trilinos/Trilinos/pull/8054,3.98,1,23,1,3.96,1,1.6054298910365616,0.6931471805599453,3.1780538303479458,0.6931471805599453,1.601405740736836,0.6931471805599453
Trilinos,8068,https://github.com/trilinos/Trilinos/pull/8068,10.12,2,87,8,9.78,1,2.4087452888224363,1.0986122886681096,4.477336814478207,2.1972245773362196,2.377692565480851,0.6931471805599453
Trilinos,8076,https://github.com/trilinos/Trilinos/pull/8076,7.99,1,37,3,7.7,0,2.196112848483529,0.6931471805599453,3.6375861597263857,1.3862943611198906,2.1633230256605382,0.0
Trilinos,8082,https://github.com/trilinos/Trilinos/pull/8082,1.98,1,11,1,0.12,0,1.091923300517313,0.6931471805599453,2.4849066497880004,0.6931471805599453,0.11332868530700317,0.0
Trilinos,8102,https://github.com/trilinos/Trilinos/pull/8102,0.71,2,27,16,0.7,0,0.5364933705145685,1.0986122886681096,3.332204510175204,2.833213344056216,0.5306282510621704,0.0
Trilinos,8126,https://github.com/trilinos/Trilinos/pull/8126,1.28,2,18,1,1.13,0,0.8241754429663495,1.0986122886681096,2.9444389791664403,0.6931471805599453,0.7561219797213337,0.0
Trilinos,8193,https://github.com/trilinos/Trilinos/pull/8193,1.06,3,24,1,1.06,0,0.7227059828014898,1.3862943611198906,3.2188758248682006,0.6931471805599453,0.7227059828014898,0.0
Trilinos,8237,https://github.com/trilinos/Trilinos/pull/8237,0.93,1,26,2,0.92,0,0.6575200029167942,0.6931471805599453,3.295836866004329,1.0986122886681096,0.6523251860396903,0.0
Trilinos,8330,https://github.com/trilinos/Trilinos/pull/8330,0.12,2,14,1,0.11,0,0.11332868530700317,1.0986122886681096,2.70805020110221,0.6931471805599453,0.10436001532424277,0.0
Trilinos,8342,https://github.com/trilinos/Trilinos/pull/8342,1.78,2,15,2,1.74,0,1.0224509277025458,1.0986122886681096,2.772588722239781,1.0986122886681096,1.007957920399979,0.0
Trilinos,8369,https://github.com/trilinos/Trilinos/pull/8369,13.21,3,21,1,12.71,1,2.6539459421090092,1.3862943611198906,3.091042453358316,0.6931471805599453,2.6181254935742233,0.6931471805599453
Trilinos,8472,https://github.com/trilinos/Trilinos/pull/8472,35.98,3,63,9,35.31,0,3.610377225958979,1.3862943611198906,4.1588830833596715,2.302585092994046,3.5920931854262443,0.0
Trilinos,8479,https://github.com/trilinos/Trilinos/pull/8479,41.15,1,61,1,41.14,0,3.7412346844478646,0.6931471805599453,4.127134385045092,0.6931471805599453,3.740997408376043,0.0
Trilinos,8506,https://github.com/trilinos/Trilinos/pull/8506,87.06,1,29,7,77.63,0,4.478018400327608,0.6931471805599453,3.4011973816621555,2.0794415416798357,4.364753306003425,0.0
Trilinos,8549,https://github.com/trilinos/Trilinos/pull/8549,34.76,4,79,2,34.75,0,3.576829950305313,1.6094379124341003,4.382026634673881,1.0986122886681096,3.5765502691400166,0.0
Trilinos,8573,https://github.com/trilinos/Trilinos/pull/8573,30.0,3,30,2,29.17,0,3.4339872044851463,1.3862943611198906,3.4339872044851463,1.0986122886681096,3.40684805317097,0.0
Trilinos,8593,https://github.com/trilinos/Trilinos/pull/8593,12.92,3,56,1,12.78,1,2.6333266549062735,1.3862943611198906,4.04305126783455,0.6931471805599453,2.6232182655855123,0.6931471805599453
Trilinos,8610,https://github.com/trilinos/Trilinos/pull/8610,0.81,1,9,1,0.66,0,0.5933268452777344,0.6931471805599453,2.302585092994046,0.6931471805599453,0.5068176023684519,0.0
Trilinos,8739,https://github.com/trilinos/Trilinos/pull/8739,1.37,2,36,1,1.37,0,0.8628899551470399,1.0986122886681096,3.6109179126442243,0.6931471805599453,0.8628899551470399,0.0
Trilinos,8748,https://github.com/trilinos/Trilinos/pull/8748,2.62,2,40,1,2.62,0,1.2864740258376797,1.0986122886681096,3.713572066704308,0.6931471805599453,1.2864740258376797,0.0
Trilinos,8752,https://github.com/trilinos/Trilinos/pull/8752,0.02,1,6,1,0.0,0,0.019802627296179712,0.6931471805599453,1.9459101490553132,0.6931471805599453,0.0,0.0
Trilinos,8764,https://github.com/trilinos/Trilinos/pull/8764,1.47,5,35,4,1.34,0,0.9042181506398859,1.791759469228055,3.58351893845611,1.6094379124341003,0.8501509293696101,0.0
Trilinos,8804,https://github.com/trilinos/Trilinos/pull/8804,14.95,1,45,1,14.93,0,2.7694588292308535,0.6931471805599453,3.828641396489095,0.6931471805599453,2.768204123921957,0.0
Trilinos,8814,https://github.com/trilinos/Trilinos/pull/8814,18.37,2,18,2,18.23,0,2.9637254774189046,1.0986122886681096,2.9444389791664403,1.0986122886681096,2.9564715596006885,0.0
Trilinos,8827,https://github.com/trilinos/Trilinos/pull/8827,6.23,3,17,3,6.15,0,1.9782390361706734,1.3862943611198906,2.8903717578961645,1.3862943611198906,1.9671123567059163,0.0
Trilinos,8828,https://github.com/trilinos/Trilinos/pull/8828,1.28,3,15,1,1.19,0,0.8241754429663495,1.3862943611198906,2.772588722239781,0.6931471805599453,0.7839015438284094,0.0
Trilinos,8831,https://github.com/trilinos/Trilinos/pull/8831,0.97,1,15,2,0.95,0,0.6780335427498971,0.6931471805599453,2.772588722239781,1.0986122886681096,0.6678293725756554,0.0
Trilinos,8897,https://github.com/trilinos/Trilinos/pull/8897,47.97,3,37,5,46.63,1,3.891207865714226,1.3862943611198906,3.6375861597263857,1.791759469228055,3.863462814812769,0.6931471805599453
Trilinos,8912,https://github.com/trilinos/Trilinos/pull/8912,6.92,2,31,7,6.82,0,2.0693912058263346,1.0986122886681096,3.4657359027997265,2.0794415416798357,2.05668455455722,0.0
Trilinos,8937,https://github.com/trilinos/Trilinos/pull/8937,0.34,2,18,3,0.33,0,0.29266961396282,1.0986122886681096,2.9444389791664403,1.3862943611198906,0.2851789422336624,0.0
Trilinos,8943,https://github.com/trilinos/Trilinos/pull/8943,0.94,1,14,1,0.92,0,0.6626879730752367,0.6931471805599453,2.70805020110221,0.6931471805599453,0.6523251860396903,0.0
Trilinos,8953,https://github.com/trilinos/Trilinos/pull/8953,0.64,2,11,1,0.18,0,0.49469624183610705,1.0986122886681096,2.4849066497880004,0.6931471805599453,0.16551443847757338,0.0
Trilinos,8956,https://github.com/trilinos/Trilinos/pull/8956,13.56,3,51,6,13.48,0,2.67827804276854,1.3862943611198906,3.9512437185814275,1.9459101490553132,2.6727683869575705,0.0
Trilinos,8974,https://github.com/trilinos/Trilinos/pull/8974,0.78,1,12,2,0.78,0,0.5766133643039938,0.6931471805599453,2.5649493574615367,1.0986122886681096,0.5766133643039938,0.0
Trilinos,9038,https://github.com/trilinos/Trilinos/pull/9038,44.17,4,77,6,44.13,0,3.8104331496665127,1.6094379124341003,4.356708826689592,1.9459101490553132,3.80954721383891,0.0
Trilinos,9084,https://github.com/trilinos/Trilinos/pull/9084,1.09,3,14,1,1.09,0,0.7371640659767197,1.3862943611198906,2.70805020110221,0.6931471805599453,0.7371640659767197,0.0
Trilinos,9085,https://github.com/trilinos/Trilinos/pull/9085,0.68,1,15,1,0.67,0,0.5187937934151676,0.6931471805599453,2.772588722239781,0.6931471805599453,0.5128236264286637,0.0
Trilinos,9086,https://github.com/trilinos/Trilinos/pull/9086,35.72,5,62,13,35.72,3,3.6033215657522897,1.791759469228055,4.143134726391533,2.639057329615259,3.6033215657522897,1.3862943611198906
Trilinos,9107,https://github.com/trilinos/Trilinos/pull/9107,126.05,4,130,4,125.91,1,4.8445807097661735,1.6094379124341003,4.875197323201151,1.6094379124341003,4.843478173822073,0.6931471805599453
Trilinos,9132,https://github.com/trilinos/Trilinos/pull/9132,37.26,3,65,3,37.09,0,3.644404964012107,1.3862943611198906,4.189654742026425,1.3862943611198906,3.6399517804905126,0.0
Trilinos,9145,https://github.com/trilinos/Trilinos/pull/9145,31.75,1,18,1,9.67,0,3.488902962081261,0.6931471805599453,2.9444389791664403,0.6931471805599453,2.367436065313662,0.0
Trilinos,9153,https://github.com/trilinos/Trilinos/pull/9153,7.18,4,37,1,7.13,2,2.1016921506146558,1.6094379124341003,3.6375861597263857,0.6931471805599453,2.0955609235597192,1.0986122886681096
Trilinos,9159,https://github.com/trilinos/Trilinos/pull/9159,39.15,3,62,6,39.15,0,3.6926224403927708,1.3862943611198906,4.143134726391533,1.9459101490553132,3.6926224403927708,0.0
Trilinos,9181,https://github.com/trilinos/Trilinos/pull/9181,6.54,2,63,1,6.52,0,2.020222182019865,1.0986122886681096,4.1588830833596715,0.6931471805599453,2.017566137961748,0.0
Trilinos,9189,https://github.com/trilinos/Trilinos/pull/9189,10.09,2,32,1,10.09,0,2.4060438013622756,1.0986122886681096,3.4965075614664802,0.6931471805599453,2.4060438013622756,0.0
Trilinos,9191,https://github.com/trilinos/Trilinos/pull/9191,4.04,2,29,4,4.02,1,1.6174060820832772,1.0986122886681096,3.4011973816621555,1.6094379124341003,1.6134299337036377,0.6931471805599453
Trilinos,9220,https://github.com/trilinos/Trilinos/pull/9220,11.12,6,55,4,8.76,1,2.4948569806411682,1.9459101490553132,4.02535169073515,1.6094379124341003,2.278292400425001,0.6931471805599453
Trilinos,9222,https://github.com/trilinos/Trilinos/pull/9222,2.91,2,18,2,2.9,1,1.3635373739972745,1.0986122886681096,2.9444389791664403,1.0986122886681096,1.3609765531356006,0.6931471805599453
Trilinos,9294,https://github.com/trilinos/Trilinos/pull/9294,1.05,2,24,1,1.05,0,0.7178397931503169,1.0986122886681096,3.2188758248682006,0.6931471805599453,0.7178397931503169,0.0
Trilinos,9321,https://github.com/trilinos/Trilinos/pull/9321,2.45,2,46,6,2.45,0,1.2383742310432684,1.0986122886681096,3.8501476017100584,1.9459101490553132,1.2383742310432684,0.0
Trilinos,9338,https://github.com/trilinos/Trilinos/pull/9338,6.05,4,82,24,5.35,0,1.9530276168241771,1.6094379124341003,4.418840607796598,3.2188758248682006,1.8484548129046003,0.0
Trilinos,9349,https://github.com/trilinos/Trilinos/pull/9349,3.89,1,16,1,3.88,0,1.5871923034867808,0.6931471805599453,2.833213344056216,0.6931471805599453,1.5851452198650557,0.0
Trilinos,9353,https://github.com/trilinos/Trilinos/pull/9353,0.17,4,16,1,0.16,0,0.15700374880966475,1.6094379124341003,2.833213344056216,0.6931471805599453,0.14842000511827327,0.0
Trilinos,9361,https://github.com/trilinos/Trilinos/pull/9361,1.01,2,22,3,0.99,0,0.6981347220709844,1.0986122886681096,3.1354942159291497,1.3862943611198906,0.688134638736401,0.0
Trilinos,9374,https://github.com/trilinos/Trilinos/pull/9374,21.3,2,49,2,21.29,1,3.104586678466073,1.0986122886681096,3.912023005428146,1.0986122886681096,3.1041381473977774,0.6931471805599453
Trilinos,9429,https://github.com/trilinos/Trilinos/pull/9429,13.13,2,54,2,13.12,1,2.648300196696436,1.0986122886681096,4.007333185232471,1.0986122886681096,2.647592232065096,0.6931471805599453
Trilinos,9450,https://github.com/trilinos/Trilinos/pull/9450,4.37,1,37,1,4.36,1,1.6808279085207734,0.6931471805599453,3.6375861597263857,0.6931471805599453,1.6789639750827106,0.6931471805599453
Trilinos,9457,https://github.com/trilinos/Trilinos/pull/9457,0.9,2,23,1,0.86,0,0.6418538861723948,1.0986122886681096,3.1780538303479458,0.6931471805599453,0.6205764877251099,0.0
Trilinos,9470,https://github.com/trilinos/Trilinos/pull/9470,1.45,3,40,2,1.43,1,0.8960880245566356,1.3862943611198906,3.713572066704308,1.0986122886681096,0.8878912573524571,0.6931471805599453
Trilinos,9477,https://github.com/trilinos/Trilinos/pull/9477,12.87,3,20,3,12.17,1,2.6297282343267403,1.3862943611198906,3.044522437723423,1.3862943611198906,2.5779415157551897,0.6931471805599453
Trilinos,9530,https://github.com/trilinos/Trilinos/pull/9530,0.09,1,9,1,0.09,0,0.08617769624105233,0.6931471805599453,2.302585092994046,0.6931471805599453,0.08617769624105233,0.0
Trilinos,9532,https://github.com/trilinos/Trilinos/pull/9532,39.01,5,57,4,39.01,1,3.6891294228691436,1.791759469228055,4.060443010546419,1.6094379124341003,3.6891294228691436,0.6931471805599453
Trilinos,9536,https://github.com/trilinos/Trilinos/pull/9536,4.5,2,19,9,4.08,1,1.7047480922384253,1.0986122886681096,2.995732273553991,2.302585092994046,1.6253112615903906,0.6931471805599453
Trilinos,9551,https://github.com/trilinos/Trilinos/pull/9551,0.97,3,31,4,0.84,0,0.6780335427498971,1.3862943611198906,3.4657359027997265,1.6094379124341003,0.6097655716208943,0.0
Trilinos,9559,https://github.com/trilinos/Trilinos/pull/9559,2.26,2,22,1,2.25,0,1.1817271953786161,1.0986122886681096,3.1354942159291497,0.6931471805599453,1.1786549963416462,0.0
Trilinos,9569,https://github.com/trilinos/Trilinos/pull/9569,0.25,2,30,5,0.24,0,0.22314355131420976,1.0986122886681096,3.4339872044851463,1.791759469228055,0.2151113796169455,0.0
Trilinos,9580,https://github.com/trilinos/Trilinos/pull/9580,1.58,2,15,1,1.54,0,0.9477893989335261,1.0986122886681096,2.772588722239781,0.6931471805599453,0.9321640810304452,0.0
Trilinos,9589,https://github.com/trilinos/Trilinos/pull/9589,0.6,2,16,1,0.58,0,0.4700036292457356,1.0986122886681096,2.833213344056216,0.6931471805599453,0.4574248470388754,0.0
Trilinos,9613,https://github.com/trilinos/Trilinos/pull/9613,0.22,1,13,1,0.14,0,0.1988508587451652,0.6931471805599453,2.639057329615259,0.6931471805599453,0.1310282624064041,0.0
Trilinos,9616,https://github.com/trilinos/Trilinos/pull/9616,40.94,4,164,17,42.63,0,3.7362400254737738,1.6094379124341003,5.10594547390058,2.8903717578961645,3.775744987135518,0.0
Trilinos,9626,https://github.com/trilinos/Trilinos/pull/9626,10.91,2,54,1,10.58,0,2.477378383367209,1.0986122886681096,4.007333185232471,0.6931471805599453,2.449279472144849,0.0
Trilinos,9627,https://github.com/trilinos/Trilinos/pull/9627,4.62,2,30,4,4.62,1,1.7263316639055997,1.0986122886681096,3.4339872044851463,1.6094379124341003,1.7263316639055997,0.6931471805599453
Trilinos,9628,https://github.com/trilinos/Trilinos/pull/9628,32.79,3,88,2,32.55,0,3.5201649007261984,1.3862943611198906,4.48863636973214,1.0986122886681096,3.5130368634176907,0.0
Trilinos,9691,https://github.com/trilinos/Trilinos/pull/9691,4.03,1,30,1,4.03,0,1.6154199841116479,0.6931471805599453,3.4339872044851463,0.6931471805599453,1.6154199841116479,0.0
Trilinos,9695,https://github.com/trilinos/Trilinos/pull/9695,9.84,2,19,2,9.83,1,2.3832429960115,1.0986122886681096,2.995732273553991,1.0986122886681096,2.382320061012899,0.6931471805599453
Trilinos,9718,https://github.com/trilinos/Trilinos/pull/9718,1.15,2,17,2,1.14,0,0.7654678421395714,1.0986122886681096,2.8903717578961645,1.0986122886681096,0.76080582903376,0.0
Trilinos,9722,https://github.com/trilinos/Trilinos/pull/9722,2.2,3,12,1,2.05,1,1.1631508098056809,1.3862943611198906,2.5649493574615367,0.6931471805599453,1.11514159061932,0.6931471805599453
Trilinos,9747,https://github.com/trilinos/Trilinos/pull/9747,79.25,2,89,3,79.22,0,4.385146762010125,1.0986122886681096,4.499809670330265,1.3862943611198906,4.384772860341907,0.0
Trilinos,9787,https://github.com/trilinos/Trilinos/pull/9787,4.35,2,36,1,4.35,0,1.6770965609079151,1.0986122886681096,3.6109179126442243,0.6931471805599453,1.6770965609079151,0.0
Trilinos,9828,https://github.com/trilinos/Trilinos/pull/9828,7.85,4,39,2,7.85,0,2.180417459019838,1.6094379124341003,3.6888794541139363,1.0986122886681096,2.180417459019838,0.0
Trilinos,9832,https://github.com/trilinos/Trilinos/pull/9832,79.45,1,91,10,79.33,0,4.387635873438392,0.6931471805599453,4.5217885770490405,2.3978952727983707,4.386143150185721,0.0
Trilinos,9860,https://github.com/trilinos/Trilinos/pull/9860,104.26,1,46,1,56.38,0,4.656433479925633,0.6931471805599453,3.8501476017100584,0.6931471805599453,4.049695810553219,0.0
Trilinos,9873,https://github.com/trilinos/Trilinos/pull/9873,40.86,2,75,4,40.73,0,3.734330717017854,1.0986122886681096,4.330733340286331,1.6094379124341003,3.731220294603461,0.0
Trilinos,9878,https://github.com/trilinos/Trilinos/pull/9878,364.78,2,35,6,364.29,0,5.902032059776429,1.0986122886681096,3.58351893845611,1.9459101490553132,5.90069155866607,0.0
Trilinos,9953,https://github.com/trilinos/Trilinos/pull/9953,5.43,3,36,3,5.38,1,1.860974538249528,1.3862943611198906,3.6109179126442243,1.3862943611198906,1.8531680973566984,0.6931471805599453
Trilinos,10007,https://github.com/trilinos/Trilinos/pull/10007,5.03,2,31,1,4.89,0,1.7967470107390942,1.0986122886681096,3.4657359027997265,0.6931471805599453,1.7732559976634952,0.0
Trilinos,10011,https://github.com/trilinos/Trilinos/pull/10011,78.76,2,55,2,56.83,0,4.379022125653583,1.0986122886681096,4.02535169073515,1.0986122886681096,4.057507672170127,0.0
Trilinos,10032,https://github.com/trilinos/Trilinos/pull/10032,55.92,2,91,3,55.82,0,4.041646773221651,1.0986122886681096,4.5217885770490405,1.3862943611198906,4.039888376426042,0.0
Trilinos,10073,https://github.com/trilinos/Trilinos/pull/10073,1.89,2,30,1,1.88,0,1.0612565021243408,1.0986122886681096,3.4339872044851463,0.6931471805599453,1.0577902941478545,0.0
Trilinos,10083,https://github.com/trilinos/Trilinos/pull/10083,7.65,1,28,1,7.64,0,2.157559320943788,0.6931471805599453,3.367295829986474,0.6931471805599453,2.1564025828159643,0.0
Trilinos,10206,https://github.com/trilinos/Trilinos/pull/10206,10.74,2,30,1,10.27,0,2.4630018143999504,1.0986122886681096,3.4339872044851463,0.6931471805599453,2.422144328051685,0.0
Trilinos,10218,https://github.com/trilinos/Trilinos/pull/10218,2.91,2,21,1,2.79,1,1.3635373739972745,1.0986122886681096,3.091042453358316,0.6931471805599453,1.332366019094335,0.6931471805599453
Trilinos,10253,https://github.com/trilinos/Trilinos/pull/10253,59.67,2,170,23,59.69,0,4.105449341954206,1.0986122886681096,5.14166355650266,3.1780538303479458,4.105778939847764,0.0
Trilinos,10263,https://github.com/trilinos/Trilinos/pull/10263,54.82,2,133,16,54.87,0,4.022132228108176,1.0986122886681096,4.897839799950911,2.833213344056216,4.023027563471057,0.0
Trilinos,10278,https://github.com/trilinos/Trilinos/pull/10278,1.27,1,11,1,1.17,0,0.8197798314933114,0.6931471805599453,2.4849066497880004,0.6931471805599453,0.7747271675523681,0.0
Trilinos,10297,https://github.com/trilinos/Trilinos/pull/10297,7.53,3,34,1,7.43,0,2.143589361503588,1.3862943611198906,3.5553480614894135,0.6931471805599453,2.131796772013764,0.0
Trilinos,10328,https://github.com/trilinos/Trilinos/pull/10328,0.83,2,26,2,0.83,0,0.6043159668533296,1.0986122886681096,3.295836866004329,1.0986122886681096,0.6043159668533296,0.0
Trilinos,10341,https://github.com/trilinos/Trilinos/pull/10341,1.55,2,32,3,1.54,0,0.9360933591703348,1.0986122886681096,3.4965075614664802,1.3862943611198906,0.9321640810304452,0.0
Trilinos,10370,https://github.com/trilinos/Trilinos/pull/10370,0.44,2,21,3,0.44,0,0.36464311358790924,1.0986122886681096,3.091042453358316,1.3862943611198906,0.36464311358790924,0.0
Trilinos,10408,https://github.com/trilinos/Trilinos/pull/10408,22.58,1,84,4,22.58,1,3.160398895109225,0.6931471805599453,4.442651256490317,1.6094379124341003,3.160398895109225,0.6931471805599453
Trilinos,10432,https://github.com/trilinos/Trilinos/pull/10432,9.11,1,19,1,9.1,0,2.3135250330323798,0.6931471805599453,2.995732273553991,0.6931471805599453,2.312535423847214,0.0
Trilinos,10437,https://github.com/trilinos/Trilinos/pull/10437,15.01,3,63,4,14.99,1,2.773213527008623,1.3862943611198906,4.1588830833596715,1.6094379124341003,2.771963526845863,0.6931471805599453
Trilinos,10484,https://github.com/trilinos/Trilinos/pull/10484,37.68,2,91,3,37.65,1,3.6553226705850936,1.0986122886681096,4.5217885770490405,1.3862943611198906,3.654546775033431,0.6931471805599453
Trilinos,10499,https://github.com/trilinos/Trilinos/pull/10499,3.86,3,14,1,3.85,0,1.5810384379124023,1.3862943611198906,2.70805020110221,0.6931471805599453,1.578978704949392,0.0
Trilinos,10502,https://github.com/trilinos/Trilinos/pull/10502,3.13,2,16,1,2.43,0,1.4182774069729414,1.0986122886681096,2.833213344056216,0.6931471805599453,1.2325602611778486,0.0
Trilinos,10507,https://github.com/trilinos/Trilinos/pull/10507,30.07,2,84,8,29.54,0,3.436242723404956,1.0986122886681096,4.442651256490317,2.1972245773362196,3.4190372997904865,0.0
Trilinos,10523,https://github.com/trilinos/Trilinos/pull/10523,9.02,1,21,5,8.59,2,2.3045830956567186,0.6931471805599453,3.091042453358316,1.791759469228055,2.2607208888953467,1.0986122886681096
Trilinos,10565,https://github.com/trilinos/Trilinos/pull/10565,28.66,3,87,2,27.31,0,3.389799336709786,1.3862943611198906,4.477336814478207,1.0986122886681096,3.343215099123808,0.0
Trilinos,10606,https://github.com/trilinos/Trilinos/pull/10606,66.86,2,73,5,66.8,1,4.2174467593560845,1.0986122886681096,4.304065093204169,1.791759469228055,4.216562194946349,0.6931471805599453
Trilinos,10675,https://github.com/trilinos/Trilinos/pull/10675,17.59,3,30,1,14.84,0,2.922623801733353,1.3862943611198906,3.4339872044851463,0.6931471805599453,2.7625383863862796,0.0
Trilinos,10707,https://github.com/trilinos/Trilinos/pull/10707,1.39,2,21,1,1.35,0,0.8712933659434192,1.0986122886681096,3.091042453358316,0.6931471805599453,0.8544153281560676,0.0
Trilinos,10708,https://github.com/trilinos/Trilinos/pull/10708,1.89,2,15,1,1.61,0,1.0612565021243408,1.0986122886681096,2.772588722239781,0.6931471805599453,0.9593502213346021,0.0
Trilinos,10720,https://github.com/trilinos/Trilinos/pull/10720,5.07,2,49,4,5.07,0,1.803358605071407,1.0986122886681096,3.912023005428146,1.6094379124341003,1.803358605071407,0.0
Trilinos,10721,https://github.com/trilinos/Trilinos/pull/10721,0.43,2,6,1,0.14,0,0.3576744442718159,1.0986122886681096,1.9459101490553132,0.6931471805599453,0.1310282624064041,0.0
Trilinos,10751,https://github.com/trilinos/Trilinos/pull/10751,43.1,1,462,8,42.27,0,3.7864597824528,0.6931471805599453,6.137727054086234,2.1972245773362196,3.7674595542367935,0.0
Trilinos,10808,https://github.com/trilinos/Trilinos/pull/10808,20.19,1,75,7,20.19,0,3.0535293722802077,0.6931471805599453,4.330733340286331,2.0794415416798357,3.0535293722802077,0.0
Trilinos,10811,https://github.com/trilinos/Trilinos/pull/10811,27.95,4,44,1,27.94,0,3.3655702040190043,1.6094379124341003,3.8066624897703196,0.6931471805599453,3.365224721203338,0.0
Trilinos,10817,https://github.com/trilinos/Trilinos/pull/10817,5.49,1,28,1,5.47,1,1.8702625307159986,0.6931471805599453,3.367295829986474,0.6931471805599453,1.8671761085128091,0.6931471805599453
Trilinos,10902,https://github.com/trilinos/Trilinos/pull/10902,4.7,6,49,2,3.27,1,1.7404661748405044,1.9459101490553132,3.912023005428146,1.0986122886681096,1.4516138272405332,0.6931471805599453
Trilinos,10909,https://github.com/trilinos/Trilinos/pull/10909,11.27,3,53,6,11.21,0,2.50715725872282,1.3862943611198906,3.9889840465642745,1.9459101490553132,2.502255288122613,0.0
Trilinos,10916,https://github.com/trilinos/Trilinos/pull/10916,24.97,2,47,3,23.33,1,3.256942025674657,1.0986122886681096,3.8712010109078907,1.3862943611198906,3.1917101567954314,0.6931471805599453
Trilinos,10962,https://github.com/trilinos/Trilinos/pull/10962,14.2,8,172,26,22.74,2,2.7212954278522306,2.1972245773362196,5.153291594497779,3.295836866004329,3.167161389181522,1.0986122886681096
Trilinos,10965,https://github.com/trilinos/Trilinos/pull/10965,28.94,1,30,1,13.93,0,3.3991953789914824,0.6931471805599453,3.4339872044851463,0.6931471805599453,2.703372611551099,0.0
Trilinos,10969,https://github.com/trilinos/Trilinos/pull/10969,14.62,3,24,4,14.55,0,2.7485521444115397,1.3862943611198906,3.2188758248682006,1.6094379124341003,2.744060638625243,0.0
Trilinos,11025,https://github.com/trilinos/Trilinos/pull/11025,0.19,2,12,1,0.18,0,0.173953307123438,1.0986122886681096,2.5649493574615367,0.6931471805599453,0.16551443847757338,0.0
Trilinos,11029,https://github.com/trilinos/Trilinos/pull/11029,2.88,1,10,1,2.62,0,1.355835153635182,0.6931471805599453,2.3978952727983707,0.6931471805599453,1.2864740258376797,0.0
Trilinos,11043,https://github.com/trilinos/Trilinos/pull/11043,1.85,2,19,3,1.83,0,1.0473189942805592,1.0986122886681096,2.995732273553991,1.3862943611198906,1.0402767116551463,0.0
Trilinos,11070,https://github.com/trilinos/Trilinos/pull/11070,2.08,2,26,5,2.05,0,1.1249295969854831,1.0986122886681096,3.295836866004329,1.791759469228055,1.11514159061932,0.0
Trilinos,11080,https://github.com/trilinos/Trilinos/pull/11080,1.11,2,12,1,1.09,0,0.7466879474879752,1.0986122886681096,2.5649493574615367,0.6931471805599453,0.7371640659767197,0.0
Trilinos,11089,https://github.com/trilinos/Trilinos/pull/11089,3.06,2,15,1,6.0,0,1.4011829736136412,1.0986122886681096,2.772588722239781,0.6931471805599453,1.9459101490553132,0.0
Trilinos,11090,https://github.com/trilinos/Trilinos/pull/11090,33.37,2,13,2,32.95,1,3.5371840908617425,1.0986122886681096,2.639057329615259,1.0986122886681096,3.5248888540047054,0.6931471805599453
Trilinos,11100,https://github.com/trilinos/Trilinos/pull/11100,15.74,2,37,31,15.64,0,2.8178010650613294,1.0986122886681096,3.6375861597263857,3.4657359027997265,2.8118094353930627,0.0
Trilinos,11113,https://github.com/trilinos/Trilinos/pull/11113,12.12,3,61,1,12.12,0,2.574137783515943,1.3862943611198906,4.127134385045092,0.6931471805599453,2.574137783515943,0.0
Trilinos,11196,https://github.com/trilinos/Trilinos/pull/11196,1.66,3,12,1,1.11,0,0.9783261227936076,1.3862943611198906,2.5649493574615367,0.6931471805599453,0.7466879474879752,0.0
Trilinos,11221,https://github.com/trilinos/Trilinos/pull/11221,0.47,1,13,1,0.31,0,0.3852624007906449,0.6931471805599453,2.639057329615259,0.6931471805599453,0.27002713721306015,0.0
Trilinos,11222,https://github.com/trilinos/Trilinos/pull/11222,34.91,5,115,15,34.91,2,3.5810158082379915,1.791759469228055,4.7535901911063645,2.772588722239781,3.5810158082379915,1.0986122886681096
Trilinos,11231,https://github.com/trilinos/Trilinos/pull/11231,6.31,2,34,4,6.22,1,1.9892432737616872,1.0986122886681096,3.5553480614894135,1.6094379124341003,1.9768549529047348,0.6931471805599453
Trilinos,11251,https://github.com/trilinos/Trilinos/pull/11251,5.02,1,17,1,4.89,0,1.7950872593207297,0.6931471805599453,2.8903717578961645,0.6931471805599453,1.7732559976634952,0.0
Trilinos,11350,https://github.com/trilinos/Trilinos/pull/11350,291.64,1,17,1,290.61,0,5.678943184642556,0.6931471805599453,2.8903717578961645,0.6931471805599453,5.675417293099304,0.0
Trilinos,11354,https://github.com/trilinos/Trilinos/pull/11354,1.56,2,24,2,1.55,0,0.9400072584914712,1.0986122886681096,3.2188758248682006,1.0986122886681096,0.9360933591703348,0.0
Trilinos,11440,https://github.com/trilinos/Trilinos/pull/11440,1.3,5,23,2,1.29,0,0.832909122935104,1.791759469228055,3.1780538303479458,1.0986122886681096,0.8285518175661483,0.0
Trilinos,11452,https://github.com/trilinos/Trilinos/pull/11452,0.26,3,13,1,0.25,0,0.23111172096338664,1.3862943611198906,2.639057329615259,0.6931471805599453,0.22314355131420976,0.0
Trilinos,11500,https://github.com/trilinos/Trilinos/pull/11500,5.89,2,12,2,5.87,1,1.9300710850255671,1.0986122886681096,2.5649493574615367,1.0986122886681096,1.927164106234258,0.6931471805599453
Trilinos,11514,https://github.com/trilinos/Trilinos/pull/11514,0.17,1,8,1,0.16,0,0.15700374880966475,0.6931471805599453,2.1972245773362196,0.6931471805599453,0.14842000511827327,0.0
Trilinos,11517,https://github.com/trilinos/Trilinos/pull/11517,89.03,2,51,7,19.37,0,4.500142948120385,1.0986122886681096,3.9512437185814275,2.0794415416798357,3.0140632302387145,0.0
Trilinos,11550,https://github.com/trilinos/Trilinos/pull/11550,1.23,2,16,5,1.15,0,0.8020015854720274,1.0986122886681096,2.833213344056216,1.791759469228055,0.7654678421395714,0.0
Trilinos,11574,https://github.com/trilinos/Trilinos/pull/11574,4.96,2,16,2,4.95,0,1.7850704810772584,1.0986122886681096,2.833213344056216,1.0986122886681096,1.7833912195575383,0.0
Trilinos,11588,https://github.com/trilinos/Trilinos/pull/11588,0.67,1,11,1,0.66,0,0.5128236264286637,0.6931471805599453,2.4849066497880004,0.6931471805599453,0.5068176023684519,0.0
Trilinos,11627,https://github.com/trilinos/Trilinos/pull/11627,7.24,3,26,10,7.22,0,2.1090003439213802,1.3862943611198906,3.295836866004329,2.3978952727983707,2.1065702090680887,0.0
Trilinos,11646,https://github.com/trilinos/Trilinos/pull/11646,0.41,1,12,7,0.2,0,0.3435897043900769,0.6931471805599453,2.5649493574615367,2.0794415416798357,0.18232155679395462,0.0
Trilinos,11661,https://github.com/trilinos/Trilinos/pull/11661,5.73,3,31,3,2.82,0,1.9065751436566365,1.3862943611198906,3.4657359027997265,1.3862943611198906,1.3402504226184837,0.0
Trilinos,11677,https://github.com/trilinos/Trilinos/pull/11677,19.75,3,53,6,19.66,1,3.0325462466767075,1.3862943611198906,3.9889840465642745,1.9459101490553132,3.0281994636914926,0.6931471805599453
Trilinos,11688,https://github.com/trilinos/Trilinos/pull/11688,0.93,4,18,1,0.69,0,0.6575200029167942,1.6094379124341003,2.9444389791664403,0.6931471805599453,0.5247285289349821,0.0
Trilinos,11705,https://github.com/trilinos/Trilinos/pull/11705,2.41,3,25,1,2.33,0,1.2267122912954256,1.3862943611198906,3.258096538021482,0.6931471805599453,1.2029723039923526,0.0
Trilinos,11714,https://github.com/trilinos/Trilinos/pull/11714,41.17,3,82,4,41.13,0,3.7417090677584683,1.3862943611198906,4.418840607796598,1.6094379124341003,3.7407600759909254,0.0
Trilinos,11724,https://github.com/trilinos/Trilinos/pull/11724,19.11,4,57,9,19.04,0,3.001217203784561,1.6094379124341003,4.060443010546419,2.302585092994046,2.997730276216664,0.0
Trilinos,11726,https://github.com/trilinos/Trilinos/pull/11726,17.63,3,96,1,14.29,0,2.924773184613497,1.3862943611198906,4.574710978503383,0.6931471805599453,2.727199019940971,0.0
Trilinos,11734,https://github.com/trilinos/Trilinos/pull/11734,56.6,2,94,13,57.82,0,4.053522567701846,1.0986122886681096,4.553876891600541,2.639057329615259,4.074481933125849,0.0
Trilinos,11735,https://github.com/trilinos/Trilinos/pull/11735,41.93,3,71,6,77.74,0,3.7595708822364693,1.3862943611198906,4.276666119016055,1.9459101490553132,4.366151285515591,0.0
Trilinos,11739,https://github.com/trilinos/Trilinos/pull/11739,20.83,4,54,2,20.59,0,3.0832851705618527,1.6094379124341003,4.007333185232471,1.0986122886681096,3.072230244526716,0.0
Trilinos,11748,https://github.com/trilinos/Trilinos/pull/11748,56.71,3,92,3,56.34,0,4.055430468722875,1.3862943611198906,4.532599493153256,1.3862943611198906,4.048998460455224,0.0
Trilinos,11768,https://github.com/trilinos/Trilinos/pull/11768,0.36,2,13,1,0.36,0,0.3074846997479606,1.0986122886681096,2.639057329615259,0.6931471805599453,0.3074846997479606,0.0
Trilinos,11771,https://github.com/trilinos/Trilinos/pull/11771,0.7,1,14,2,0.6,0,0.5306282510621704,0.6931471805599453,2.70805020110221,1.0986122886681096,0.4700036292457356,0.0
Trilinos,11783,https://github.com/trilinos/Trilinos/pull/11783,14.2,2,30,3,13.9,0,2.7212954278522306,1.0986122886681096,3.4339872044851463,1.3862943611198906,2.7013612129514133,0.0
Trilinos,11840,https://github.com/trilinos/Trilinos/pull/11840,85.46,3,62,4,49.6,1,4.4596818792394854,1.3862943611198906,4.143134726391533,1.6094379124341003,3.92395157629342,0.6931471805599453
Trilinos,11905,https://github.com/trilinos/Trilinos/pull/11905,1.35,1,24,1,1.32,1,0.8544153281560676,0.6931471805599453,3.2188758248682006,0.6931471805599453,0.8415671856782186,0.6931471805599453
Trilinos,11952,https://github.com/trilinos/Trilinos/pull/11952,0.23,1,13,2,0.23,0,0.20701416938432615,0.6931471805599453,2.639057329615259,1.0986122886681096,0.20701416938432615,0.0
Trilinos,11988,https://github.com/trilinos/Trilinos/pull/11988,7.8,3,35,4,7.63,0,2.174751721484161,1.3862943611198906,3.58351893845611,1.6094379124341003,2.1552445050953364,0.0
Trilinos,11989,https://github.com/trilinos/Trilinos/pull/11989,8.23,1,10,1,8.03,0,2.222459048514761,0.6931471805599453,2.3978952727983707,0.6931471805599453,2.200552367428894,0.0
Trilinos,11990,https://github.com/trilinos/Trilinos/pull/11990,278.29,2,47,1,278.34,1,5.632250668514958,1.0986122886681096,3.8712010109078907,0.6931471805599453,5.632429677877625,0.6931471805599453
Trilinos,11996,https://github.com/trilinos/Trilinos/pull/11996,11.87,1,33,2,11.63,1,2.554899021608035,0.6931471805599453,3.5263605246161616,1.0986122886681096,2.5360749363624,0.6931471805599453
Trilinos,12008,https://github.com/trilinos/Trilinos/pull/12008,6.19,2,20,3,5.79,0,1.9726911717329554,1.0986122886681096,3.044522437723423,1.3862943611198906,1.9154509415706047,0.0
Trilinos,12032,https://github.com/trilinos/Trilinos/pull/12032,0.93,1,13,1,0.86,0,0.6575200029167942,0.6931471805599453,2.639057329615259,0.6931471805599453,0.6205764877251099,0.0
Trilinos,12058,https://github.com/trilinos/Trilinos/pull/12058,154.16,6,85,5,154.24,0,5.044456842571766,1.9459101490553132,4.454347296253507,1.791759469228055,5.044972306500705,0.0
Trilinos,12142,https://github.com/trilinos/Trilinos/pull/12142,73.64,4,102,11,186.7,0,4.312676556539088,1.6094379124341003,4.634728988229636,2.4849066497880004,5.2348449435924636,0.0
Trilinos,12144,https://github.com/trilinos/Trilinos/pull/12144,12.1,2,35,1,12.05,0,2.5726122302071057,1.0986122886681096,3.58351893845611,0.6931471805599453,2.5687881337687024,0.0
Trilinos,12263,https://github.com/trilinos/Trilinos/pull/12263,5.16,3,39,4,4.57,1,1.8180767775454285,1.3862943611198906,3.6888794541139363,1.6094379124341003,1.7173950539391927,0.6931471805599453
Trilinos,12278,https://github.com/trilinos/Trilinos/pull/12278,0.21,2,11,2,0.12,0,0.1906203596086497,1.0986122886681096,2.4849066497880004,1.0986122886681096,0.11332868530700317,0.0
Trilinos,12297,https://github.com/trilinos/Trilinos/pull/12297,28.96,4,59,5,27.8,1,3.3998631586490187,1.6094379124341003,4.0943445622221,1.791759469228055,3.3603753871419,0.6931471805599453
Trilinos,12344,https://github.com/trilinos/Trilinos/pull/12344,25.78,2,79,3,25.75,2,3.2876553402630266,1.0986122886681096,4.382026634673881,1.3862943611198906,3.2865344733420154,1.0986122886681096
Trilinos,12369,https://github.com/trilinos/Trilinos/pull/12369,0.69,2,10,2,0.31,0,0.5247285289349821,1.0986122886681096,2.3978952727983707,1.0986122886681096,0.27002713721306015,0.0
Trilinos,12415,https://github.com/trilinos/Trilinos/pull/12415,126.18,3,154,10,126.17,2,4.845603405839261,1.3862943611198906,5.043425116919247,2.3978952727983707,4.845524774032656,1.0986122886681096
Trilinos,12425,https://github.com/trilinos/Trilinos/pull/12425,28.62,3,74,6,28.42,1,3.3884498088396526,1.3862943611198906,4.31748811353631,1.9459101490553132,3.3816747151732915,0.6931471805599453
Trilinos,12429,https://github.com/trilinos/Trilinos/pull/12429,0.33,1,9,1,0.28,0,0.2851789422336624,0.6931471805599453,2.302585092994046,0.6931471805599453,0.2468600779315258,0.0
Trilinos,12434,https://github.com/trilinos/Trilinos/pull/12434,0.45,2,11,2,0.44,1,0.37156355643248307,1.0986122886681096,2.4849066497880004,1.0986122886681096,0.36464311358790924,0.6931471805599453
Trilinos,12464,https://github.com/trilinos/Trilinos/pull/12464,0.3,3,10,2,0.26,0,0.26236426446749106,1.3862943611198906,2.3978952727983707,1.0986122886681096,0.23111172096338664,0.0
Trilinos,12471,https://github.com/trilinos/Trilinos/pull/12471,0.25,3,19,1,0.24,0,0.22314355131420976,1.3862943611198906,2.995732273553991,0.6931471805599453,0.2151113796169455,0.0
Trilinos,12518,https://github.com/trilinos/Trilinos/pull/12518,5.08,3,22,2,5.07,0,1.8050046959780757,1.3862943611198906,3.1354942159291497,1.0986122886681096,1.803358605071407,0.0
Trilinos,12591,https://github.com/trilinos/Trilinos/pull/12591,1.5,1,10,1,1.5,1,0.9162907318741551,0.6931471805599453,2.3978952727983707,0.6931471805599453,0.9162907318741551,0.6931471805599453
Trilinos,12660,https://github.com/trilinos/Trilinos/pull/12660,0.15,3,20,2,0.12,0,0.13976194237515868,1.3862943611198906,3.044522437723423,1.0986122886681096,0.11332868530700317,0.0
Trilinos,12666,https://github.com/trilinos/Trilinos/pull/12666,0.03,2,10,1,0.02,0,0.0295588022415444,1.0986122886681096,2.3978952727983707,0.6931471805599453,0.019802627296179712,0.0
Trilinos,12677,https://github.com/trilinos/Trilinos/pull/12677,4.99,2,15,2,4.98,1,1.790091412127358,1.0986122886681096,2.772588722239781,1.0986122886681096,1.7884205679625405,0.6931471805599453
Trilinos,12728,https://github.com/trilinos/Trilinos/pull/12728,12.03,4,71,8,12.02,1,2.567254391136754,1.6094379124341003,4.276666119016055,2.1972245773362196,2.5664866367804233,0.6931471805599453
Trilinos,12790,https://github.com/trilinos/Trilinos/pull/12790,0.86,1,25,1,0.85,1,0.6205764877251099,0.6931471805599453,3.258096538021482,0.6931471805599453,0.6151856390902335,0.6931471805599453
Trilinos,12791,https://github.com/trilinos/Trilinos/pull/12791,4.8,2,31,1,4.79,0,1.7578579175523736,1.0986122886681096,3.4657359027997265,0.6931471805599453,1.7561322915849038,0.0
Trilinos,12798,https://github.com/trilinos/Trilinos/pull/12798,8.74,2,63,5,8.73,1,2.2762411176544437,1.0986122886681096,4.1588830833596715,1.791759469228055,2.2752138961979136,0.6931471805599453
Trilinos,12852,https://github.com/trilinos/Trilinos/pull/12852,5.08,1,20,2,5.07,0,1.8050046959780757,0.6931471805599453,3.044522437723423,1.0986122886681096,1.803358605071407,0.0
Trilinos,12894,https://github.com/trilinos/Trilinos/pull/12894,55.57,2,35,6,55.22,0,4.035478809355064,1.0986122886681096,3.58351893845611,1.9459101490553132,4.029272565478386,0.0
Trilinos,12909,https://github.com/trilinos/Trilinos/pull/12909,50.43,2,10,1,50.38,0,3.940221659786825,1.0986122886681096,2.3978952727983707,0.6931471805599453,3.9392489916817377,0.0
Trilinos,12929,https://github.com/trilinos/Trilinos/pull/12929,0.17,2,13,1,0.16,1,0.15700374880966475,1.0986122886681096,2.639057329615259,0.6931471805599453,0.14842000511827327,0.6931471805599453
Trilinos,12995,https://github.com/trilinos/Trilinos/pull/12995,1.08,3,21,2,0.96,0,0.7323678937132266,1.3862943611198906,3.091042453358316,1.0986122886681096,0.6729444732424258,0.0
Trilinos,13018,https://github.com/trilinos/Trilinos/pull/13018,14.81,2,20,1,13.72,0,2.7606426512213806,1.0986122886681096,3.044522437723423,0.6931471805599453,2.6892071133007303,0.0
Trilinos,13028,https://github.com/trilinos/Trilinos/pull/13028,9.26,1,28,2,9.25,0,2.3282528397426234,0.6931471805599453,3.367295829986474,1.0986122886681096,2.327277705584417,0.0
Trilinos,13052,https://github.com/trilinos/Trilinos/pull/13052,59.79,3,34,7,41.74,1,4.107425301760631,1.3862943611198906,3.5553480614894135,2.0794415416798357,3.755135249891002,0.6931471805599453
Trilinos,13057,https://github.com/trilinos/Trilinos/pull/13057,8.16,3,54,7,10.0,0,2.214846178686039,1.3862943611198906,4.007333185232471,2.0794415416798357,2.3978952727983707,0.0
Trilinos,13082,https://github.com/trilinos/Trilinos/pull/13082,6.96,2,25,1,6.96,0,2.0744289998562917,1.0986122886681096,3.258096538021482,0.6931471805599453,2.0744289998562917,0.0
Trilinos,13120,https://github.com/trilinos/Trilinos/pull/13120,7.01,3,22,4,6.19,0,2.080690761080268,1.3862943611198906,3.1354942159291497,1.6094379124341003,1.9726911717329554,0.0
Trilinos,13207,https://github.com/trilinos/Trilinos/pull/13207,1.45,2,15,1,1.4,0,0.8960880245566356,1.0986122886681096,2.772588722239781,0.6931471805599453,0.8754687373538999,0.0
Trilinos,13270,https://github.com/trilinos/Trilinos/pull/13270,0.33,1,16,1,0.24,0,0.2851789422336624,0.6931471805599453,2.833213344056216,0.6931471805599453,0.2151113796169455,0.0
Trilinos,13316,https://github.com/trilinos/Trilinos/pull/13316,2.69,1,19,1,1.97,0,1.3056264580524357,0.6931471805599453,2.995732273553991,0.6931471805599453,1.0885619528146082,0.0
Trilinos,13334,https://github.com/trilinos/Trilinos/pull/13334,4.62,4,22,4,4.54,0,1.7263316639055997,1.6094379124341003,3.1354942159291497,1.6094379124341003,1.7119945007591926,0.0
Trilinos,13353,https://github.com/trilinos/Trilinos/pull/13353,0.9,3,17,1,0.8,0,0.6418538861723948,1.3862943611198906,2.8903717578961645,0.6931471805599453,0.5877866649021191,0.0
Trilinos,13424,https://github.com/trilinos/Trilinos/pull/13424,6.17,3,22,2,6.04,0,1.969905654611529,1.3862943611198906,3.1354942159291497,1.0986122886681096,1.951608170169951,0.0
Trilinos,13502,https://github.com/trilinos/Trilinos/pull/13502,5.91,2,24,1,5.29,0,1.9329696377795786,1.0986122886681096,3.2188758248682006,0.6931471805599453,1.8389610707123492,0.0
Trilinos,13540,https://github.com/trilinos/Trilinos/pull/13540,9.15,2,33,4,9.14,1,2.3174737054877963,1.0986122886681096,3.5263605246161616,1.6094379124341003,2.316487998163037,0.6931471805599453
Trilinos,13566,https://github.com/trilinos/Trilinos/pull/13566,5.17,2,31,1,5.15,0,1.8196988379172965,1.0986122886681096,3.4657359027997265,0.6931471805599453,1.8164520818184267,0.0
Trilinos,13575,https://github.com/trilinos/Trilinos/pull/13575,133.03,1,345,2,132.31,1,4.898063655490406,0.6931471805599453,5.846438775057724,1.0986122886681096,4.892677243125585,0.6931471805599453
Trilinos,13579,https://github.com/trilinos/Trilinos/pull/13579,6.78,2,52,5,6.75,1,2.0515563381903004,1.0986122886681096,3.970291913552122,1.791759469228055,2.0476928433652555,0.6931471805599453
Trilinos,13592,https://github.com/trilinos/Trilinos/pull/13592,1.3,2,24,3,1.29,0,0.832909122935104,1.0986122886681096,3.2188758248682006,1.3862943611198906,0.8285518175661483,0.0
Trilinos,13625,https://github.com/trilinos/Trilinos/pull/13625,0.15,1,6,1,0.03,0,0.13976194237515868,0.6931471805599453,1.9459101490553132,0.6931471805599453,0.0295588022415444,0.0
Trilinos,13629,https://github.com/trilinos/Trilinos/pull/13629,0.22,1,11,2,0.22,0,0.1988508587451652,0.6931471805599453,2.4849066497880004,1.0986122886681096,0.1988508587451652,0.0
Trilinos,13635,https://github.com/trilinos/Trilinos/pull/13635,5.88,3,14,1,5.87,0,1.9286186519452522,1.3862943611198906,2.70805020110221,0.6931471805599453,1.927164106234258,0.0
Trilinos,13662,https://github.com/trilinos/Trilinos/pull/13662,43.06,4,84,16,43.05,0,3.785552341374197,1.6094379124341003,4.442651256490317,2.833213344056216,3.7853253523821886,0.0
Trilinos,13674,https://github.com/trilinos/Trilinos/pull/13674,0.83,2,14,1,0.73,1,0.6043159668533296,1.0986122886681096,2.70805020110221,0.6931471805599453,0.5481214085096876,0.6931471805599453
Trilinos,13714,https://github.com/trilinos/Trilinos/pull/13714,37.09,3,89,6,31.16,0,3.6399517804905126,1.3862943611198906,4.499809670330265,1.9459101490553132,3.4707234443107655,0.0
Trilinos,13742,https://github.com/trilinos/Trilinos/pull/13742,18.84,1,30,2,18.83,1,2.987700101856727,0.6931471805599453,3.4339872044851463,1.0986122886681096,2.9871959425317045,0.6931471805599453
Trilinos,13751,https://github.com/trilinos/Trilinos/pull/13751,8.38,2,44,1,8.36,0,2.238579763018133,1.0986122886681096,3.8066624897703196,0.6931471805599453,2.2364452904895007,0.0
Trilinos,13778,https://github.com/trilinos/Trilinos/pull/13778,8.08,3,34,1,13.18,0,2.206074192613202,1.3862943611198906,3.5553480614894135,0.6931471805599453,2.6518325211039815,0.0
Trilinos,13789,https://github.com/trilinos/Trilinos/pull/13789,8.15,2,22,1,8.14,0,2.21375387928743,1.0986122886681096,3.1354942159291497,0.6931471805599453,2.2126603854660587,0.0
Trilinos,13805,https://github.com/trilinos/Trilinos/pull/13805,12.87,2,44,1,12.86,0,2.6297282343267403,1.0986122886681096,3.8066624897703196,0.6931471805599453,2.6290069937617573,0.0
Trilinos,13869,https://github.com/trilinos/Trilinos/pull/13869,0.05,2,6,1,0.04,0,0.04879016416943201,1.0986122886681096,1.9459101490553132,0.6931471805599453,0.039220713153281295,0.0
Trilinos,13884,https://github.com/trilinos/Trilinos/pull/13884,14.01,2,41,13,13.04,0,2.7087166456453704,1.0986122886681096,3.7376696182833684,2.639057329615259,2.641910398597665,0.0
Trilinos,13906,https://github.com/trilinos/Trilinos/pull/13906,8.7,3,60,3,9.71,0,2.272125885509337,1.3862943611198906,4.110873864173311,1.3862943611198906,2.3711778844596574,0.0
Trilinos,13934,https://github.com/trilinos/Trilinos/pull/13934,7.9,3,61,4,6.65,0,2.186051276738094,1.3862943611198906,4.127134385045092,1.6094379124341003,2.0347056478384444,0.0
Trilinos,13960,https://github.com/trilinos/Trilinos/pull/13960,0.37,2,14,1,0.36,0,0.31481073984003355,1.0986122886681096,2.70805020110221,0.6931471805599453,0.3074846997479606,0.0
Trilinos,13986,https://github.com/trilinos/Trilinos/pull/13986,0.28,1,15,1,0.26,0,0.2468600779315258,0.6931471805599453,2.772588722239781,0.6931471805599453,0.23111172096338664,0.0
Trilinos,13994,https://github.com/trilinos/Trilinos/pull/13994,0.15,2,14,1,0.1,0,0.13976194237515868,1.0986122886681096,2.70805020110221,0.6931471805599453,0.09531017980432487,0.0
Trilinos,13995,https://github.com/trilinos/Trilinos/pull/13995,0.94,2,13,1,0.87,0,0.6626879730752367,1.0986122886681096,2.639057329615259,0.6931471805599453,0.6259384308664953,0.0
Trilinos,14017,https://github.com/trilinos/Trilinos/pull/14017,0.6,2,36,1,0.6,0,0.4700036292457356,1.0986122886681096,3.6109179126442243,0.6931471805599453,0.4700036292457356,0.0
Trilinos,14028,https://github.com/trilinos/Trilinos/pull/14028,3.0,3,12,1,3.0,0,1.3862943611198906,1.3862943611198906,2.5649493574615367,0.6931471805599453,1.3862943611198906,0.0
amrex,3,https://github.com/AMReX-Codes/amrex/pull/3,0.74,1,3,1,0.02,0,0.5538851132264376,0.6931471805599453,1.3862943611198906,0.6931471805599453,0.019802627296179712,0.0
amrex,14,https://github.com/AMReX-Codes/amrex/pull/14,6.61,2,6,6,0.47,0,2.0294631718735947,1.0986122886681096,1.9459101490553132,1.9459101490553132,0.3852624007906449,0.0
amrex,27,https://github.com/AMReX-Codes/amrex/pull/27,0.01,3,5,1,0.98,1,0.009950330853168083,1.3862943611198906,1.791759469228055,0.6931471805599453,0.6830968447064438,0.6931471805599453
amrex,40,https://github.com/AMReX-Codes/amrex/pull/40,0.55,2,3,1,0.03,0,0.4382549309311553,1.0986122886681096,1.3862943611198906,0.6931471805599453,0.0295588022415444,0.0
amrex,56,https://github.com/AMReX-Codes/amrex/pull/56,0.11,2,5,5,0.1,0,0.10436001532424277,1.0986122886681096,1.791759469228055,1.791759469228055,0.09531017980432487,0.0
amrex,129,https://github.com/AMReX-Codes/amrex/pull/129,0.61,1,0,1,,0,0.4762341789963716,0.6931471805599453,0.0,0.6931471805599453,,0.0
amrex,176,https://github.com/AMReX-Codes/amrex/pull/176,0.66,1,1,1,,0,0.5068176023684519,0.6931471805599453,0.6931471805599453,0.6931471805599453,,0.0
amrex,210,https://github.com/AMReX-Codes/amrex/pull/210,0.44,3,8,1,6.86,0,0.36464311358790924,1.3862943611198906,2.1972245773362196,0.6931471805599453,2.061786606441115,0.0
amrex,246,https://github.com/AMReX-Codes/amrex/pull/246,96.28,2,19,1,86.81,0,4.577593418217857,1.0986122886681096,2.995732273553991,0.6931471805599453,4.475175389371904,0.0
amrex,331,https://github.com/AMReX-Codes/amrex/pull/331,0.16,2,9,5,0.1,0,0.14842000511827327,1.0986122886681096,2.302585092994046,1.791759469228055,0.09531017980432487,0.0
amrex,403,https://github.com/AMReX-Codes/amrex/pull/403,3.96,3,9,4,3.91,0,1.601405740736836,1.3862943611198906,2.302585092994046,1.6094379124341003,1.5912739418064292,0.0
amrex,428,https://github.com/AMReX-Codes/amrex/pull/428,0.95,3,21,9,1.86,0,0.6678293725756554,1.3862943611198906,3.091042453358316,2.302585092994046,1.0508216248317612,0.0
amrex,440,https://github.com/AMReX-Codes/amrex/pull/440,15.95,3,10,11,3.17,0,2.830267833826459,1.3862943611198906,2.3978952727983707,2.4849066497880004,1.4279160358107101,0.0
amrex,446,https://github.com/AMReX-Codes/amrex/pull/446,0.98,2,3,1,0.93,0,0.6830968447064438,1.0986122886681096,1.3862943611198906,0.6931471805599453,0.6575200029167942,0.0
amrex,489,https://github.com/AMReX-Codes/amrex/pull/489,6.89,2,26,3,0.84,1,2.065596134857783,1.0986122886681096,3.295836866004329,1.3862943611198906,0.6097655716208943,0.6931471805599453
amrex,578,https://github.com/AMReX-Codes/amrex/pull/578,0.03,2,2,1,0.02,0,0.0295588022415444,1.0986122886681096,1.0986122886681096,0.6931471805599453,0.019802627296179712,0.0
amrex,614,https://github.com/AMReX-Codes/amrex/pull/614,1.05,3,10,7,0.22,0,0.7178397931503169,1.3862943611198906,2.3978952727983707,2.0794415416798357,0.1988508587451652,0.0
amrex,616,https://github.com/AMReX-Codes/amrex/pull/616,156.99,4,47,37,139.01,0,5.062531739884758,1.6094379124341003,3.8712010109078907,3.6375861597263857,4.941713848629834,0.0
amrex,619,https://github.com/AMReX-Codes/amrex/pull/619,0.89,1,4,3,0.82,0,0.636576829071551,0.6931471805599453,1.6094379124341003,1.3862943611198906,0.598836501088704,0.0
amrex,626,https://github.com/AMReX-Codes/amrex/pull/626,106.78,3,5,1,84.82,0,4.680092112505351,1.3862943611198906,1.791759469228055,0.6931471805599453,4.452252079563379,0.0
amrex,630,https://github.com/AMReX-Codes/amrex/pull/630,1.16,3,32,1,1.17,0,0.7701082216960736,1.3862943611198906,3.4965075614664802,0.6931471805599453,0.7747271675523681,0.0
amrex,661,https://github.com/AMReX-Codes/amrex/pull/661,2.78,3,2,3,0.01,0,1.3297240096314962,1.3862943611198906,1.0986122886681096,1.3862943611198906,0.009950330853168083,0.0
amrex,725,https://github.com/AMReX-Codes/amrex/pull/725,2.52,2,6,5,2.51,0,1.2584609896100059,1.0986122886681096,1.9459101490553132,1.791759469228055,1.2556160374777745,0.0
amrex,761,https://github.com/AMReX-Codes/amrex/pull/761,0.98,1,1,1,,0,0.6830968447064438,0.6931471805599453,0.6931471805599453,0.6931471805599453,,0.0
amrex,770,https://github.com/AMReX-Codes/amrex/pull/770,0.29,3,17,9,0.11,0,0.2546422183735807,1.3862943611198906,2.8903717578961645,2.302585092994046,0.10436001532424277,0.0
amrex,776,https://github.com/AMReX-Codes/amrex/pull/776,0.04,1,0,2,,0,0.039220713153281295,0.6931471805599453,0.0,1.0986122886681096,,0.0
amrex,784,https://github.com/AMReX-Codes/amrex/pull/784,0.02,1,1,1,,0,0.019802627296179712,0.6931471805599453,0.6931471805599453,0.6931471805599453,,0.0
amrex,789,https://github.com/AMReX-Codes/amrex/pull/789,1.06,2,4,1,1.05,0,0.7227059828014898,1.0986122886681096,1.6094379124341003,0.6931471805599453,0.7178397931503169,0.0
amrex,790,https://github.com/AMReX-Codes/amrex/pull/790,2.63,2,3,1,0.28,0,1.2892326482767593,1.0986122886681096,1.3862943611198906,0.6931471805599453,0.2468600779315258,0.0
amrex,799,https://github.com/AMReX-Codes/amrex/pull/799,0.79,1,1,1,,0,0.5822156198526637,0.6931471805599453,0.6931471805599453,0.6931471805599453,,0.0
amrex,802,https://github.com/AMReX-Codes/amrex/pull/802,2.28,1,0,1,,0,1.1878434223960523,0.6931471805599453,0.0,0.6931471805599453,,0.0
amrex,803,https://github.com/AMReX-Codes/amrex/pull/803,0.09,2,15,3,0.06,0,0.08617769624105233,1.0986122886681096,2.772588722239781,1.3862943611198906,0.058268908123975775,0.0
amrex,805,https://github.com/AMReX-Codes/amrex/pull/805,3.78,2,28,4,2.74,1,1.5644405465033646,1.0986122886681096,3.367295829986474,1.6094379124341003,1.3190856114264407,0.6931471805599453
amrex,808,https://github.com/AMReX-Codes/amrex/pull/808,5.09,2,26,13,4.87,0,1.8066480817218056,1.0986122886681096,3.295836866004329,2.639057329615259,1.769854633840005,0.0
amrex,810,https://github.com/AMReX-Codes/amrex/pull/810,1.17,4,3,2,0.02,0,0.7747271675523681,1.6094379124341003,1.3862943611198906,1.0986122886681096,0.019802627296179712,0.0
amrex,817,https://github.com/AMReX-Codes/amrex/pull/817,0.15,1,0,1,,0,0.13976194237515868,0.6931471805599453,0.0,0.6931471805599453,,0.0
amrex,835,https://github.com/AMReX-Codes/amrex/pull/835,2.84,2,4,2,194.92,0,1.3454723665996355,1.0986122886681096,1.6094379124341003,1.0986122886681096,5.277706412643912,0.0
amrex,838,https://github.com/AMReX-Codes/amrex/pull/838,0.15,1,2,2,,0,0.13976194237515868,0.6931471805599453,1.0986122886681096,1.0986122886681096,,0.0
amrex,842,https://github.com/AMReX-Codes/amrex/pull/842,0.13,2,2,1,0.01,0,0.12221763272424921,1.0986122886681096,1.0986122886681096,0.6931471805599453,0.009950330853168083,0.0
amrex,845,https://github.com/AMReX-Codes/amrex/pull/845,1.74,2,11,2,0.1,0,1.007957920399979,1.0986122886681096,2.4849066497880004,1.0986122886681096,0.09531017980432487,0.0
amrex,869,https://github.com/AMReX-Codes/amrex/pull/869,0.08,2,3,1,0.01,0,0.07696104113612832,1.0986122886681096,1.3862943611198906,0.6931471805599453,0.009950330853168083,0.0
amrex,877,https://github.com/AMReX-Codes/amrex/pull/877,0.13,2,2,1,0.01,0,0.12221763272424921,1.0986122886681096,1.0986122886681096,0.6931471805599453,0.009950330853168083,0.0
amrex,880,https://github.com/AMReX-Codes/amrex/pull/880,0.53,2,1,1,,0,0.4252677354043441,1.0986122886681096,0.6931471805599453,0.6931471805599453,,0.0
amrex,882,https://github.com/AMReX-Codes/amrex/pull/882,0.06,2,2,1,0.01,0,0.058268908123975775,1.0986122886681096,1.0986122886681096,0.6931471805599453,0.009950330853168083,0.0
amrex,947,https://github.com/AMReX-Codes/amrex/pull/947,4.06,2,11,3,3.11,0,1.6213664832993742,1.0986122886681096,2.4849066497880004,1.3862943611198906,1.4134230285081433,0.0
amrex,977,https://github.com/AMReX-Codes/amrex/pull/977,4.73,2,3,2,0.08,0,1.7457155307266483,1.0986122886681096,1.3862943611198906,1.0986122886681096,0.07696104113612832,0.0
amrex,983,https://github.com/AMReX-Codes/amrex/pull/983,1.83,2,4,1,0.04,0,1.0402767116551463,1.0986122886681096,1.6094379124341003,0.6931471805599453,0.039220713153281295,0.0
amrex,994,https://github.com/AMReX-Codes/amrex/pull/994,0.95,3,7,2,0.94,0,0.6678293725756554,1.3862943611198906,2.0794415416798357,1.0986122886681096,0.6626879730752367,0.0
amrex,1017,https://github.com/AMReX-Codes/amrex/pull/1017,0.08,2,1,1,,0,0.07696104113612832,1.0986122886681096,0.6931471805599453,0.6931471805599453,,0.0
amrex,1034,https://github.com/AMReX-Codes/amrex/pull/1034,0.63,1,2,1,,0,0.48858001481867097,0.6931471805599453,1.0986122886681096,0.6931471805599453,,0.0
amrex,1047,https://github.com/AMReX-Codes/amrex/pull/1047,0.08,3,7,4,0.03,0,0.07696104113612832,1.3862943611198906,2.0794415416798357,1.6094379124341003,0.0295588022415444,0.0
amrex,1049,https://github.com/AMReX-Codes/amrex/pull/1049,12.76,2,11,11,9.3,0,2.6217658325051976,1.0986122886681096,2.4849066497880004,2.4849066497880004,2.33214389523559,0.0
amrex,1058,https://github.com/AMReX-Codes/amrex/pull/1058,5.92,3,10,5,0.1,0,1.9344157696295783,1.3862943611198906,2.3978952727983707,1.791759469228055,0.09531017980432487,0.0
amrex,1063,https://github.com/AMReX-Codes/amrex/pull/1063,0.36,2,3,1,0.1,0,0.3074846997479606,1.0986122886681096,1.3862943611198906,0.6931471805599453,0.09531017980432487,0.0
amrex,1064,https://github.com/AMReX-Codes/amrex/pull/1064,0.31,3,5,1,0.23,0,0.27002713721306015,1.3862943611198906,1.791759469228055,0.6931471805599453,0.20701416938432615,0.0
amrex,1094,https://github.com/AMReX-Codes/amrex/pull/1094,0.11,2,5,2,0.02,0,0.10436001532424277,1.0986122886681096,1.791759469228055,1.0986122886681096,0.019802627296179712,0.0
amrex,1097,https://github.com/AMReX-Codes/amrex/pull/1097,2.21,3,4,1,2.06,0,1.1662709371419244,1.3862943611198906,1.6094379124341003,0.6931471805599453,1.1184149159642893,0.0
amrex,1100,https://github.com/AMReX-Codes/amrex/pull/1100,0.1,1,0,1,,0,0.09531017980432487,0.6931471805599453,0.0,0.6931471805599453,,0.0
amrex,1126,https://github.com/AMReX-Codes/amrex/pull/1126,4.33,4,10,3,8.1,1,1.6733512381777533,1.6094379124341003,2.3978952727983707,1.3862943611198906,2.2082744135228043,0.6931471805599453
amrex,1130,https://github.com/AMReX-Codes/amrex/pull/1130,0.13,3,9,3,0.12,0,0.12221763272424921,1.3862943611198906,2.302585092994046,1.3862943611198906,0.11332868530700317,0.0
amrex,1135,https://github.com/AMReX-Codes/amrex/pull/1135,11.75,4,24,7,10.84,0,2.5455312716044354,1.6094379124341003,3.2188758248682006,2.0794415416798357,2.4714836294558595,0.0
amrex,1149,https://github.com/AMReX-Codes/amrex/pull/1149,5.29,2,4,1,4.01,0,1.8389610707123492,1.0986122886681096,1.6094379124341003,0.6931471805599453,1.6114359150967734,0.0
amrex,1150,https://github.com/AMReX-Codes/amrex/pull/1150,3.12,2,4,1,2.28,1,1.415853163361435,1.0986122886681096,1.6094379124341003,0.6931471805599453,1.1878434223960523,0.6931471805599453
amrex,1152,https://github.com/AMReX-Codes/amrex/pull/1152,1.01,3,2,1,0.19,1,0.6981347220709844,1.3862943611198906,1.0986122886681096,0.6931471805599453,0.173953307123438,0.6931471805599453
amrex,1158,https://github.com/AMReX-Codes/amrex/pull/1158,0.83,2,14,4,0.1,0,0.6043159668533296,1.0986122886681096,2.70805020110221,1.6094379124341003,0.09531017980432487,0.0
amrex,1166,https://github.com/AMReX-Codes/amrex/pull/1166,1.07,4,27,1,1.19,1,0.7275486072772778,1.6094379124341003,3.332204510175204,0.6931471805599453,0.7839015438284094,0.6931471805599453
amrex,1171,https://github.com/AMReX-Codes/amrex/pull/1171,11.97,2,26,14,10.81,1,2.5626389983283526,1.0986122886681096,3.295836866004329,2.70805020110221,2.468946630209271,0.6931471805599453
amrex,1187,https://github.com/AMReX-Codes/amrex/pull/1187,9.67,2,5,3,3.45,0,2.367436065313662,1.0986122886681096,1.791759469228055,1.3862943611198906,1.4929040961781488,0.0
amrex,1199,https://github.com/AMReX-Codes/amrex/pull/1199,8.9,1,0,2,,0,2.2925347571405443,0.6931471805599453,0.0,1.0986122886681096,,0.0
amrex,1209,https://github.com/AMReX-Codes/amrex/pull/1209,15.66,2,14,12,10.75,0,2.8130106367386967,1.0986122886681096,2.70805020110221,2.5649493574615367,2.463853240590168,0.0
amrex,1211,https://github.com/AMReX-Codes/amrex/pull/1211,0.06,2,8,1,0.07,0,0.058268908123975775,1.0986122886681096,2.1972245773362196,0.6931471805599453,0.06765864847381481,0.0
amrex,1221,https://github.com/AMReX-Codes/amrex/pull/1221,0.23,1,2,1,0.0,0,0.20701416938432615,0.6931471805599453,1.0986122886681096,0.6931471805599453,0.0,0.0
amrex,1222,https://github.com/AMReX-Codes/amrex/pull/1222,0.81,3,24,5,0.34,2,0.5933268452777344,1.3862943611198906,3.2188758248682006,1.791759469228055,0.29266961396282,1.0986122886681096
amrex,1228,https://github.com/AMReX-Codes/amrex/pull/1228,5.1,1,3,5,2.13,1,1.8082887711792655,0.6931471805599453,1.3862943611198906,1.791759469228055,1.1410330045520618,0.6931471805599453
amrex,1235,https://github.com/AMReX-Codes/amrex/pull/1235,3.86,2,4,3,2.72,1,1.5810384379124023,1.0986122886681096,1.6094379124341003,1.3862943611198906,1.3137236682850553,0.6931471805599453
amrex,1277,https://github.com/AMReX-Codes/amrex/pull/1277,0.02,1,0,1,,0,0.019802627296179712,0.6931471805599453,0.0,0.6931471805599453,,0.0
amrex,1303,https://github.com/AMReX-Codes/amrex/pull/1303,0.06,2,4,1,0.01,0,0.058268908123975775,1.0986122886681096,1.6094379124341003,0.6931471805599453,0.009950330853168083,0.0
amrex,1307,https://github.com/AMReX-Codes/amrex/pull/1307,0.14,2,3,1,0.01,1,0.1310282624064041,1.0986122886681096,1.3862943611198906,0.6931471805599453,0.009950330853168083,0.6931471805599453
amrex,1315,https://github.com/AMReX-Codes/amrex/pull/1315,0.8,1,9,5,0.42,0,0.5877866649021191,0.6931471805599453,2.302585092994046,1.791759469228055,0.35065687161316933,0.0
amrex,1332,https://github.com/AMReX-Codes/amrex/pull/1332,18.62,2,12,2,12.63,0,2.976549454137217,1.0986122886681096,2.5649493574615367,1.0986122886681096,2.612273245708441,0.0
amrex,1346,https://github.com/AMReX-Codes/amrex/pull/1346,0.03,3,2,1,0.0,0,0.0295588022415444,1.3862943611198906,1.0986122886681096,0.6931471805599453,0.0,0.0
amrex,1350,https://github.com/AMReX-Codes/amrex/pull/1350,1.73,2,4,1,0.23,1,1.0043016091968684,1.0986122886681096,1.6094379124341003,0.6931471805599453,0.20701416938432615,0.6931471805599453
amrex,1446,https://github.com/AMReX-Codes/amrex/pull/1446,4.61,2,3,1,4.45,0,1.724550719534605,1.0986122886681096,1.3862943611198906,0.6931471805599453,1.6956156086751528,0.0
amrex,1470,https://github.com/AMReX-Codes/amrex/pull/1470,100.23,1,0,1,,0,4.6173951556106605,0.6931471805599453,0.0,0.6931471805599453,,0.0
amrex,1483,https://github.com/AMReX-Codes/amrex/pull/1483,48.88,2,16,27,39.86,0,3.9096201208118355,1.0986122886681096,2.833213344056216,3.332204510175204,3.710151589389476,0.0
amrex,1492,https://github.com/AMReX-Codes/amrex/pull/1492,0.15,2,2,1,0.0,0,0.13976194237515868,1.0986122886681096,1.0986122886681096,0.6931471805599453,0.0,0.0
amrex,1515,https://github.com/AMReX-Codes/amrex/pull/1515,5.16,3,11,1,5.15,0,1.8180767775454285,1.3862943611198906,2.4849066497880004,0.6931471805599453,1.8164520818184267,0.0
amrex,1540,https://github.com/AMReX-Codes/amrex/pull/1540,1.88,2,1,1,,0,1.0577902941478545,1.0986122886681096,0.6931471805599453,0.6931471805599453,,0.0
amrex,1557,https://github.com/AMReX-Codes/amrex/pull/1557,4.41,2,4,3,4.38,0,1.6882490928583902,1.0986122886681096,1.6094379124341003,1.3862943611198906,1.682688374173693,0.0
amrex,1560,https://github.com/AMReX-Codes/amrex/pull/1560,58.05,2,23,5,57.03,0,4.078384542643371,1.0986122886681096,3.1780538303479458,1.791759469228055,4.060960118202517,0.0
amrex,1563,https://github.com/AMReX-Codes/amrex/pull/1563,1.38,1,4,2,0.28,0,0.8671004876833832,0.6931471805599453,1.6094379124341003,1.0986122886681096,0.2468600779315258,0.0
amrex,1575,https://github.com/AMReX-Codes/amrex/pull/1575,0.85,1,1,1,,0,0.6151856390902335,0.6931471805599453,0.6931471805599453,0.6931471805599453,,0.0
amrex,1592,https://github.com/AMReX-Codes/amrex/pull/1592,3.94,2,22,6,1.01,0,1.597365331199831,1.0986122886681096,3.1354942159291497,1.9459101490553132,0.6981347220709844,0.0
amrex,1594,https://github.com/AMReX-Codes/amrex/pull/1594,6.66,2,1,2,,1,2.0360119837525,1.0986122886681096,0.6931471805599453,1.0986122886681096,,0.6931471805599453
amrex,1627,https://github.com/AMReX-Codes/amrex/pull/1627,3.78,1,4,1,1.04,0,1.5644405465033646,0.6931471805599453,1.6094379124341003,0.6931471805599453,0.712949807856125,0.0
amrex,1631,https://github.com/AMReX-Codes/amrex/pull/1631,2.49,1,6,1,0.66,0,1.2499017362143359,0.6931471805599453,1.9459101490553132,0.6931471805599453,0.5068176023684519,0.0
amrex,1634,https://github.com/AMReX-Codes/amrex/pull/1634,20.85,1,4,5,18.3,0,3.084200921541599,0.6931471805599453,1.6094379124341003,1.791759469228055,2.9601050959108397,0.0
amrex,1646,https://github.com/AMReX-Codes/amrex/pull/1646,0.17,1,2,6,0.0,0,0.15700374880966475,0.6931471805599453,1.0986122886681096,1.9459101490553132,0.0,0.0
amrex,1658,https://github.com/AMReX-Codes/amrex/pull/1658,3.9,2,11,2,3.86,0,1.589235205116581,1.0986122886681096,2.4849066497880004,1.0986122886681096,1.5810384379124023,0.0
amrex,1684,https://github.com/AMReX-Codes/amrex/pull/1684,0.18,2,9,2,0.08,0,0.16551443847757338,1.0986122886681096,2.302585092994046,1.0986122886681096,0.07696104113612832,0.0
amrex,1690,https://github.com/AMReX-Codes/amrex/pull/1690,2.05,2,3,5,0.04,0,1.11514159061932,1.0986122886681096,1.3862943611198906,1.791759469228055,0.039220713153281295,0.0
amrex,1703,https://github.com/AMReX-Codes/amrex/pull/1703,0.67,3,5,1,0.12,0,0.5128236264286637,1.3862943611198906,1.791759469228055,0.6931471805599453,0.11332868530700317,0.0
amrex,1707,https://github.com/AMReX-Codes/amrex/pull/1707,13.65,3,16,6,3.77,0,2.6844403354630764,1.3862943611198906,2.833213344056216,1.9459101490553132,1.5623463049002497,0.0
amrex,1709,https://github.com/AMReX-Codes/amrex/pull/1709,6.81,2,9,1,4.12,0,2.0554049638515943,1.0986122886681096,2.302585092994046,0.6931471805599453,1.6331544390514163,0.0
amrex,1739,https://github.com/AMReX-Codes/amrex/pull/1739,0.03,2,4,1,0.0,0,0.0295588022415444,1.0986122886681096,1.6094379124341003,0.6931471805599453,0.0,0.0
amrex,1740,https://github.com/AMReX-Codes/amrex/pull/1740,0.07,2,12,2,0.05,0,0.06765864847381481,1.0986122886681096,2.5649493574615367,1.0986122886681096,0.04879016416943201,0.0
amrex,1757,https://github.com/AMReX-Codes/amrex/pull/1757,3.72,2,6,2,2.09,0,1.551808799597464,1.0986122886681096,1.9459101490553132,1.0986122886681096,1.128171090909654,0.0
amrex,1758,https://github.com/AMReX-Codes/amrex/pull/1758,0.06,2,2,1,0.04,0,0.058268908123975775,1.0986122886681096,1.0986122886681096,0.6931471805599453,0.039220713153281295,0.0
amrex,1765,https://github.com/AMReX-Codes/amrex/pull/1765,17.91,1,5,1,0.01,1,2.9396908826703663,0.6931471805599453,1.791759469228055,0.6931471805599453,0.009950330853168083,0.6931471805599453
amrex,1768,https://github.com/AMReX-Codes/amrex/pull/1768,0.59,2,2,1,0.15,0,0.46373401623214017,1.0986122886681096,1.0986122886681096,0.6931471805599453,0.13976194237515868,0.0
amrex,1787,https://github.com/AMReX-Codes/amrex/pull/1787,4.69,2,2,3,0.73,0,1.7387102481382395,1.0986122886681096,1.0986122886681096,1.3862943611198906,0.5481214085096876,0.0
amrex,1789,https://github.com/AMReX-Codes/amrex/pull/1789,0.11,2,0,1,,0,0.10436001532424277,1.0986122886681096,0.0,0.6931471805599453,,0.0
amrex,1793,https://github.com/AMReX-Codes/amrex/pull/1793,25.34,2,3,1,6.08,1,3.271088696315135,1.0986122886681096,1.3862943611198906,0.6931471805599453,1.9572739077056285,0.6931471805599453
amrex,1796,https://github.com/AMReX-Codes/amrex/pull/1796,0.8,2,5,5,0.01,0,0.5877866649021191,1.0986122886681096,1.791759469228055,1.791759469228055,0.009950330853168083,0.0
amrex,1800,https://github.com/AMReX-Codes/amrex/pull/1800,103.0,4,25,11,29.02,1,4.6443908991413725,1.6094379124341003,3.258096538021482,2.4849066497880004,3.401863826205316,0.6931471805599453
amrex,1805,https://github.com/AMReX-Codes/amrex/pull/1805,24.28,1,0,1,,0,3.2300135692786567,0.6931471805599453,0.0,0.6931471805599453,,0.0
amrex,1810,https://github.com/AMReX-Codes/amrex/pull/1810,2.97,1,16,6,0.2,1,1.3787660946990992,0.6931471805599453,2.833213344056216,1.9459101490553132,0.18232155679395462,0.6931471805599453
amrex,1826,https://github.com/AMReX-Codes/amrex/pull/1826,0.07,1,3,3,0.0,0,0.06765864847381481,0.6931471805599453,1.3862943611198906,1.3862943611198906,0.0,0.0
amrex,1836,https://github.com/AMReX-Codes/amrex/pull/1836,11.7,2,13,6,0.56,0,2.5416019934645457,1.0986122886681096,2.639057329615259,1.9459101490553132,0.44468582126144574,0.0
amrex,1839,https://github.com/AMReX-Codes/amrex/pull/1839,1.39,2,4,3,0.47,1,0.8712933659434192,1.0986122886681096,1.6094379124341003,1.3862943611198906,0.3852624007906449,0.6931471805599453
amrex,1847,https://github.com/AMReX-Codes/amrex/pull/1847,12.41,4,16,4,10.84,0,2.5960006972935874,1.6094379124341003,2.833213344056216,1.6094379124341003,2.4714836294558595,0.0
amrex,1853,https://github.com/AMReX-Codes/amrex/pull/1853,0.27,2,2,1,0.02,0,0.23901690047049992,1.0986122886681096,1.0986122886681096,0.6931471805599453,0.019802627296179712,0.0
amrex,1862,https://github.com/AMReX-Codes/amrex/pull/1862,0.22,2,2,1,0.03,0,0.1988508587451652,1.0986122886681096,1.0986122886681096,0.6931471805599453,0.0295588022415444,0.0
amrex,1884,https://github.com/AMReX-Codes/amrex/pull/1884,0.04,3,9,1,0.03,0,0.039220713153281295,1.3862943611198906,2.302585092994046,0.6931471805599453,0.0295588022415444,0.0
amrex,1895,https://github.com/AMReX-Codes/amrex/pull/1895,0.08,2,1,4,,0,0.07696104113612832,1.0986122886681096,0.6931471805599453,1.6094379124341003,,0.0
amrex,1905,https://github.com/AMReX-Codes/amrex/pull/1905,0.05,1,1,1,,0,0.04879016416943201,0.6931471805599453,0.6931471805599453,0.6931471805599453,,0.0
amrex,1910,https://github.com/AMReX-Codes/amrex/pull/1910,0.85,4,9,5,0.22,0,0.6151856390902335,1.6094379124341003,2.302585092994046,1.791759469228055,0.1988508587451652,0.0
amrex,1925,https://github.com/AMReX-Codes/amrex/pull/1925,0.81,2,1,1,,0,0.5933268452777344,1.0986122886681096,0.6931471805599453,0.6931471805599453,,0.0
amrex,1955,https://github.com/AMReX-Codes/amrex/pull/1955,3.94,1,0,1,,0,1.597365331199831,0.6931471805599453,0.0,0.6931471805599453,,0.0
amrex,1956,https://github.com/AMReX-Codes/amrex/pull/1956,0.64,1,0,1,,0,0.49469624183610705,0.6931471805599453,0.0,0.6931471805599453,,0.0
amrex,1991,https://github.com/AMReX-Codes/amrex/pull/1991,0.19,1,2,1,0.0,0,0.173953307123438,0.6931471805599453,1.0986122886681096,0.6931471805599453,0.0,0.0
amrex,1997,https://github.com/AMReX-Codes/amrex/pull/1997,0.03,1,1,1,,0,0.0295588022415444,0.6931471805599453,0.6931471805599453,0.6931471805599453,,0.0
amrex,2001,https://github.com/AMReX-Codes/amrex/pull/2001,0.2,2,2,1,0.0,0,0.18232155679395462,1.0986122886681096,1.0986122886681096,0.6931471805599453,0.0,0.0
amrex,2005,https://github.com/AMReX-Codes/amrex/pull/2005,0.13,1,0,1,,0,0.12221763272424921,0.6931471805599453,0.0,0.6931471805599453,,0.0
amrex,2016,https://github.com/AMReX-Codes/amrex/pull/2016,39.95,3,29,22,39.22,0,3.7123518102990785,1.3862943611198906,3.4011973816621555,3.1354942159291497,3.6943643843445058,0.0
amrex,2025,https://github.com/AMReX-Codes/amrex/pull/2025,9.75,2,11,1,8.76,0,2.374905754573672,1.0986122886681096,2.4849066497880004,0.6931471805599453,2.278292400425001,0.0
amrex,2035,https://github.com/AMReX-Codes/amrex/pull/2035,13.95,2,3,1,0.14,0,2.7047112998366956,1.0986122886681096,1.3862943611198906,0.6931471805599453,0.1310282624064041,0.0
amrex,2041,https://github.com/AMReX-Codes/amrex/pull/2041,4.71,1,3,1,0.0,1,1.7422190236679187,0.6931471805599453,1.3862943611198906,0.6931471805599453,0.0,0.6931471805599453
amrex,2054,https://github.com/AMReX-Codes/amrex/pull/2054,1.98,1,1,1,,1,1.091923300517313,0.6931471805599453,0.6931471805599453,0.6931471805599453,,0.6931471805599453
amrex,2057,https://github.com/AMReX-Codes/amrex/pull/2057,1.91,5,27,7,0.84,0,1.068153081183401,1.791759469228055,3.332204510175204,2.0794415416798357,0.6097655716208943,0.0
amrex,2059,https://github.com/AMReX-Codes/amrex/pull/2059,0.04,2,2,1,0.01,0,0.039220713153281295,1.0986122886681096,1.0986122886681096,0.6931471805599453,0.009950330853168083,0.0
amrex,2063,https://github.com/AMReX-Codes/amrex/pull/2063,4.85,3,5,3,0.06,0,1.766441661243765,1.3862943611198906,1.791759469228055,1.3862943611198906,0.058268908123975775,0.0
amrex,2066,https://github.com/AMReX-Codes/amrex/pull/2066,124.78,3,23,10,119.05,0,4.834534349115358,1.3862943611198906,3.1780538303479458,2.3978952727983707,4.7879083226672625,0.0
amrex,2121,https://github.com/AMReX-Codes/amrex/pull/2121,2.75,3,4,1,1.69,0,1.3217558399823195,1.3862943611198906,1.6094379124341003,0.6931471805599453,0.9895411936137477,0.0
amrex,2150,https://github.com/AMReX-Codes/amrex/pull/2150,0.76,1,2,1,,1,0.5653138090500605,0.6931471805599453,1.0986122886681096,0.6931471805599453,,0.6931471805599453
amrex,2183,https://github.com/AMReX-Codes/amrex/pull/2183,4.45,2,9,2,1.86,1,1.6956156086751528,1.0986122886681096,2.302585092994046,1.0986122886681096,1.0508216248317612,0.6931471805599453
amrex,2185,https://github.com/AMReX-Codes/amrex/pull/2185,2.23,2,13,3,1.36,0,1.172482137234565,1.0986122886681096,2.639057329615259,1.3862943611198906,0.8586616190375187,0.0
amrex,2195,https://github.com/AMReX-Codes/amrex/pull/2195,1.65,2,8,2,0.16,0,0.9745596399981308,1.0986122886681096,2.1972245773362196,1.0986122886681096,0.14842000511827327,0.0
amrex,2197,https://github.com/AMReX-Codes/amrex/pull/2197,0.82,2,3,2,0.07,0,0.598836501088704,1.0986122886681096,1.3862943611198906,1.0986122886681096,0.06765864847381481,0.0
amrex,2219,https://github.com/AMReX-Codes/amrex/pull/2219,1.17,2,14,3,0.85,0,0.7747271675523681,1.0986122886681096,2.70805020110221,1.3862943611198906,0.6151856390902335,0.0
amrex,2235,https://github.com/AMReX-Codes/amrex/pull/2235,1.63,1,12,8,0.0,0,0.9669838461896731,0.6931471805599453,2.5649493574615367,2.1972245773362196,0.0,0.0
amrex,2238,https://github.com/AMReX-Codes/amrex/pull/2238,5.99,1,11,11,5.78,0,1.9444805562457188,0.6931471805599453,2.4849066497880004,2.4849066497880004,1.9139771019523042,0.0
amrex,2257,https://github.com/AMReX-Codes/amrex/pull/2257,1.83,2,5,1,0.0,0,1.0402767116551463,1.0986122886681096,1.791759469228055,0.6931471805599453,0.0,0.0
amrex,2262,https://github.com/AMReX-Codes/amrex/pull/2262,1.21,2,3,1,0.0,0,0.7929925155296614,1.0986122886681096,1.3862943611198906,0.6931471805599453,0.0,0.0
amrex,2264,https://github.com/AMReX-Codes/amrex/pull/2264,0.24,2,7,1,0.07,0,0.2151113796169455,1.0986122886681096,2.0794415416798357,0.6931471805599453,0.06765864847381481,0.0
amrex,2272,https://github.com/AMReX-Codes/amrex/pull/2272,0.29,3,2,1,0.21,0,0.2546422183735807,1.3862943611198906,1.0986122886681096,0.6931471805599453,0.1906203596086497,0.0
amrex,2273,https://github.com/AMReX-Codes/amrex/pull/2273,0.17,2,3,1,0.01,0,0.15700374880966475,1.0986122886681096,1.3862943611198906,0.6931471805599453,0.009950330853168083,0.0
amrex,2285,https://github.com/AMReX-Codes/amrex/pull/2285,6.1,2,13,1,3.93,1,1.9600947840472698,1.0986122886681096,2.639057329615259,0.6931471805599453,1.5953389880545987,0.6931471805599453
amrex,2299,https://github.com/AMReX-Codes/amrex/pull/2299,2.74,1,5,2,0.06,1,1.3190856114264407,0.6931471805599453,1.791759469228055,1.0986122886681096,0.058268908123975775,0.6931471805599453
amrex,2301,https://github.com/AMReX-Codes/amrex/pull/2301,1.01,2,3,2,0.05,0,0.6981347220709844,1.0986122886681096,1.3862943611198906,1.0986122886681096,0.04879016416943201,0.0
amrex,2320,https://github.com/AMReX-Codes/amrex/pull/2320,1.08,2,6,4,0.37,0,0.7323678937132266,1.0986122886681096,1.9459101490553132,1.6094379124341003,0.31481073984003355,0.0
amrex,2333,https://github.com/AMReX-Codes/amrex/pull/2333,0.86,2,1,2,,0,0.6205764877251099,1.0986122886681096,0.6931471805599453,1.0986122886681096,,0.0
amrex,2346,https://github.com/AMReX-Codes/amrex/pull/2346,2.83,1,2,3,0.99,0,1.3428648031925547,0.6931471805599453,1.0986122886681096,1.3862943611198906,0.688134638736401,0.0
amrex,2365,https://github.com/AMReX-Codes/amrex/pull/2365,0.41,2,8,2,0.41,0,0.3435897043900769,1.0986122886681096,2.1972245773362196,1.0986122886681096,0.3435897043900769,0.0
amrex,2388,https://github.com/AMReX-Codes/amrex/pull/2388,5.03,2,8,2,1.12,0,1.7967470107390942,1.0986122886681096,2.1972245773362196,1.0986122886681096,0.7514160886839212,0.0
amrex,2409,https://github.com/AMReX-Codes/amrex/pull/2409,3.99,1,4,1,0.0,1,1.6074359097634274,0.6931471805599453,1.6094379124341003,0.6931471805599453,0.0,0.6931471805599453
amrex,2413,https://github.com/AMReX-Codes/amrex/pull/2413,0.98,2,6,2,0.06,2,0.6830968447064438,1.0986122886681096,1.9459101490553132,1.0986122886681096,0.058268908123975775,1.0986122886681096
amrex,2432,https://github.com/AMReX-Codes/amrex/pull/2432,10.97,3,6,3,0.75,0,2.482403519569882,1.3862943611198906,1.9459101490553132,1.3862943611198906,0.5596157879354227,0.0
amrex,2480,https://github.com/AMReX-Codes/amrex/pull/2480,5.85,2,3,1,0.09,0,1.9242486522741338,1.0986122886681096,1.3862943611198906,0.6931471805599453,0.08617769624105233,0.0
amrex,2495,https://github.com/AMReX-Codes/amrex/pull/2495,40.01,2,4,1,0.91,0,3.713815939403968,1.0986122886681096,1.6094379124341003,0.6931471805599453,0.6471032420585385,0.0
amrex,2501,https://github.com/AMReX-Codes/amrex/pull/2501,1.2,2,2,1,,0,0.7884573603642702,1.0986122886681096,1.0986122886681096,0.6931471805599453,,0.0
amrex,2516,https://github.com/AMReX-Codes/amrex/pull/2516,2.68,3,30,11,6.32,0,1.3029127521808397,1.3862943611198906,3.4339872044851463,2.4849066497880004,1.9906103279732201,0.0
amrex,2528,https://github.com/AMReX-Codes/amrex/pull/2528,0.3,1,1,2,,0,0.26236426446749106,0.6931471805599453,0.6931471805599453,1.0986122886681096,,0.0
amrex,2541,https://github.com/AMReX-Codes/amrex/pull/2541,1.05,2,4,1,31.73,0,0.7178397931503169,1.0986122886681096,1.6094379124341003,0.6931471805599453,3.4882920885130893,0.0
amrex,2548,https://github.com/AMReX-Codes/amrex/pull/2548,0.31,2,5,2,0.11,1,0.27002713721306015,1.0986122886681096,1.791759469228055,1.0986122886681096,0.10436001532424277,0.6931471805599453
amrex,2549,https://github.com/AMReX-Codes/amrex/pull/2549,0.31,2,3,2,0.09,1,0.27002713721306015,1.0986122886681096,1.3862943611198906,1.0986122886681096,0.08617769624105233,0.6931471805599453
amrex,2550,https://github.com/AMReX-Codes/amrex/pull/2550,10.91,1,1,1,,0,2.477378383367209,0.6931471805599453,0.6931471805599453,0.6931471805599453,,0.0
amrex,2558,https://github.com/AMReX-Codes/amrex/pull/2558,0.15,1,2,1,0.0,0,0.13976194237515868,0.6931471805599453,1.0986122886681096,0.6931471805599453,0.0,0.0
amrex,2570,https://github.com/AMReX-Codes/amrex/pull/2570,0.07,1,2,1,0.0,0,0.06765864847381481,0.6931471805599453,1.0986122886681096,0.6931471805599453,0.0,0.0
amrex,2589,https://github.com/AMReX-Codes/amrex/pull/2589,0.14,1,3,3,0.0,0,0.1310282624064041,0.6931471805599453,1.3862943611198906,1.3862943611198906,0.0,0.0
amrex,2600,https://github.com/AMReX-Codes/amrex/pull/2600,6.71,4,3,21,3.14,0,2.0425181875752383,1.6094379124341003,1.3862943611198906,3.091042453358316,1.420695787837223,0.0
amrex,2602,https://github.com/AMReX-Codes/amrex/pull/2602,4.07,2,4,1,0.44,1,1.623340817603092,1.0986122886681096,1.6094379124341003,0.6931471805599453,0.36464311358790924,0.6931471805599453
amrex,2627,https://github.com/AMReX-Codes/amrex/pull/2627,6.84,1,6,2,11.92,0,2.0592388343623163,0.6931471805599453,1.9459101490553132,1.0986122886681096,2.558776498354456,0.0
amrex,2628,https://github.com/AMReX-Codes/amrex/pull/2628,16.07,3,11,1,2.09,0,2.837322536806349,1.3862943611198906,2.4849066497880004,0.6931471805599453,1.128171090909654,0.0
amrex,2640,https://github.com/AMReX-Codes/amrex/pull/2640,305.24,2,47,38,236.85,2,5.72436910826459,1.0986122886681096,3.8712010109078907,3.6635616461296463,5.471640222878291,1.0986122886681096
amrex,2649,https://github.com/AMReX-Codes/amrex/pull/2649,13.45,1,1,3,,0,2.670694414558441,0.6931471805599453,0.6931471805599453,1.3862943611198906,,0.0
amrex,2661,https://github.com/AMReX-Codes/amrex/pull/2661,7.9,1,3,6,0.03,1,2.186051276738094,0.6931471805599453,1.3862943611198906,1.9459101490553132,0.0295588022415444,0.6931471805599453
amrex,2667,https://github.com/AMReX-Codes/amrex/pull/2667,2.16,2,14,4,2.08,0,1.1505720275988207,1.0986122886681096,2.70805020110221,1.6094379124341003,1.1249295969854831,0.0
amrex,2668,https://github.com/AMReX-Codes/amrex/pull/2668,0.11,2,1,1,,0,0.10436001532424277,1.0986122886681096,0.6931471805599453,0.6931471805599453,,0.0
amrex,2676,https://github.com/AMReX-Codes/amrex/pull/2676,1.06,3,13,3,0.91,0,0.7227059828014898,1.3862943611198906,2.639057329615259,1.3862943611198906,0.6471032420585385,0.0
amrex,2683,https://github.com/AMReX-Codes/amrex/pull/2683,4.99,1,3,2,0.98,0,1.790091412127358,0.6931471805599453,1.3862943611198906,1.0986122886681096,0.6830968447064438,0.0
amrex,2695,https://github.com/AMReX-Codes/amrex/pull/2695,0.92,3,6,1,1.77,0,0.6523251860396903,1.3862943611198906,1.9459101490553132,0.6931471805599453,1.0188473201992472,0.0
amrex,2697,https://github.com/AMReX-Codes/amrex/pull/2697,5.71,2,2,3,,0,1.9035989509835904,1.0986122886681096,1.0986122886681096,1.3862943611198906,,0.0
amrex,2705,https://github.com/AMReX-Codes/amrex/pull/2705,60.8,1,1,3,,0,4.123903364463645,0.6931471805599453,0.6931471805599453,1.3862943611198906,,0.0
amrex,2708,https://github.com/AMReX-Codes/amrex/pull/2708,6.85,1,4,1,3.26,1,2.060513531794317,0.6931471805599453,1.6094379124341003,0.6931471805599453,1.449269160281279,0.6931471805599453
amrex,2717,https://github.com/AMReX-Codes/amrex/pull/2717,0.08,1,1,1,,0,0.07696104113612832,0.6931471805599453,0.6931471805599453,0.6931471805599453,,0.0
amrex,2723,https://github.com/AMReX-Codes/amrex/pull/2723,0.59,1,2,2,0.0,1,0.46373401623214017,0.6931471805599453,1.0986122886681096,1.0986122886681096,0.0,0.6931471805599453
amrex,2754,https://github.com/AMReX-Codes/amrex/pull/2754,5.02,2,2,1,0.0,0,1.7950872593207297,1.0986122886681096,1.0986122886681096,0.6931471805599453,0.0,0.0
amrex,2784,https://github.com/AMReX-Codes/amrex/pull/2784,7.53,3,6,4,1.03,1,2.143589361503588,1.3862943611198906,1.9459101490553132,1.6094379124341003,0.708035793053696,0.6931471805599453
amrex,2803,https://github.com/AMReX-Codes/amrex/pull/2803,2.05,2,16,5,2.01,0,1.11514159061932,1.0986122886681096,2.833213344056216,1.791759469228055,1.1019400787607843,0.0
amrex,2819,https://github.com/AMReX-Codes/amrex/pull/2819,0.99,2,2,1,0.58,0,0.688134638736401,1.0986122886681096,1.0986122886681096,0.6931471805599453,0.4574248470388754,0.0
amrex,2825,https://github.com/AMReX-Codes/amrex/pull/2825,668.0,1,4,8,664.04,0,6.505784060128229,0.6931471805599453,1.6094379124341003,2.1972245773362196,6.499847189222833,0.0
amrex,2831,https://github.com/AMReX-Codes/amrex/pull/2831,1.74,2,7,1,0.14,1,1.007957920399979,1.0986122886681096,2.0794415416798357,0.6931471805599453,0.1310282624064041,0.6931471805599453
amrex,2836,https://github.com/AMReX-Codes/amrex/pull/2836,1.55,2,7,2,0.82,1,0.9360933591703348,1.0986122886681096,2.0794415416798357,1.0986122886681096,0.598836501088704,0.6931471805599453
amrex,2842,https://github.com/AMReX-Codes/amrex/pull/2842,1.39,2,7,1,0.23,0,0.8712933659434192,1.0986122886681096,2.0794415416798357,0.6931471805599453,0.20701416938432615,0.0
amrex,2848,https://github.com/AMReX-Codes/amrex/pull/2848,1.95,2,4,1,0.06,0,1.0818051703517284,1.0986122886681096,1.6094379124341003,0.6931471805599453,0.058268908123975775,0.0
amrex,2867,https://github.com/AMReX-Codes/amrex/pull/2867,4.92,2,4,1,4.65,0,1.7783364488959144,1.0986122886681096,1.6094379124341003,0.6931471805599453,1.7316555451583495,0.0
amrex,2897,https://github.com/AMReX-Codes/amrex/pull/2897,34.24,2,17,10,9.56,2,3.562181801067979,1.0986122886681096,2.8903717578961645,2.3978952727983707,2.3570732782781154,1.0986122886681096
amrex,2908,https://github.com/AMReX-Codes/amrex/pull/2908,8.79,3,10,1,7.22,0,2.281361456542419,1.3862943611198906,2.3978952727983707,0.6931471805599453,2.1065702090680887,0.0
amrex,2909,https://github.com/AMReX-Codes/amrex/pull/2909,0.99,2,7,2,0.04,0,0.688134638736401,1.0986122886681096,2.0794415416798357,1.0986122886681096,0.039220713153281295,0.0
amrex,2912,https://github.com/AMReX-Codes/amrex/pull/2912,11.06,3,4,1,0.91,0,2.4898941912990393,1.3862943611198906,1.6094379124341003,0.6931471805599453,0.6471032420585385,0.0
amrex,2921,https://github.com/AMReX-Codes/amrex/pull/2921,15.43,1,14,1,9.95,1,2.799108932049177,0.6931471805599453,2.70805020110221,0.6931471805599453,2.3933394562625097,0.6931471805599453
amrex,2941,https://github.com/AMReX-Codes/amrex/pull/2941,0.04,1,0,1,,0,0.039220713153281295,0.6931471805599453,0.0,0.6931471805599453,,0.0
amrex,2947,https://github.com/AMReX-Codes/amrex/pull/2947,2.81,1,2,1,0.01,0,1.3376291891386096,0.6931471805599453,1.0986122886681096,0.6931471805599453,0.009950330853168083,0.0
amrex,2954,https://github.com/AMReX-Codes/amrex/pull/2954,28.7,1,13,1,28.47,0,3.391147045808654,0.6931471805599453,2.639057329615259,0.6931471805599453,3.3833727967496032,0.0
amrex,2958,https://github.com/AMReX-Codes/amrex/pull/2958,1.39,2,16,4,0.83,1,0.8712933659434192,1.0986122886681096,2.833213344056216,1.6094379124341003,0.6043159668533296,0.6931471805599453
amrex,2980,https://github.com/AMReX-Codes/amrex/pull/2980,42.45,2,10,1,38.0,0,3.771610851711401,1.0986122886681096,2.3978952727983707,0.6931471805599453,3.6635616461296463,0.0
amrex,2983,https://github.com/AMReX-Codes/amrex/pull/2983,0.16,2,7,1,0.11,0,0.14842000511827327,1.0986122886681096,2.0794415416798357,0.6931471805599453,0.10436001532424277,0.0
amrex,2985,https://github.com/AMReX-Codes/amrex/pull/2985,0.67,2,6,1,0.04,0,0.5128236264286637,1.0986122886681096,1.9459101490553132,0.6931471805599453,0.039220713153281295,0.0
amrex,2997,https://github.com/AMReX-Codes/amrex/pull/2997,1.07,1,1,1,,0,0.7275486072772778,0.6931471805599453,0.6931471805599453,0.6931471805599453,,0.0
amrex,3008,https://github.com/AMReX-Codes/amrex/pull/3008,37.35,2,3,1,0.29,0,3.646754527813265,1.0986122886681096,1.3862943611198906,0.6931471805599453,0.2546422183735807,0.0
amrex,3019,https://github.com/AMReX-Codes/amrex/pull/3019,0.67,3,5,1,0.02,0,0.5128236264286637,1.3862943611198906,1.791759469228055,0.6931471805599453,0.019802627296179712,0.0
amrex,3058,https://github.com/AMReX-Codes/amrex/pull/3058,1.14,3,12,1,0.15,0,0.76080582903376,1.3862943611198906,2.5649493574615367,0.6931471805599453,0.13976194237515868,0.0
amrex,3060,https://github.com/AMReX-Codes/amrex/pull/3060,25.9,1,7,12,22.9,0,3.292126286607793,0.6931471805599453,2.0794415416798357,2.5649493574615367,3.173878458937465,0.0
amrex,3088,https://github.com/AMReX-Codes/amrex/pull/3088,0.09,3,1,1,,0,0.08617769624105233,1.3862943611198906,0.6931471805599453,0.6931471805599453,,0.0
amrex,3105,https://github.com/AMReX-Codes/amrex/pull/3105,16.07,2,7,5,13.02,1,2.837322536806349,1.0986122886681096,2.0794415416798357,1.791759469228055,2.640484881606444,0.6931471805599453
amrex,3140,https://github.com/AMReX-Codes/amrex/pull/3140,2.03,1,2,1,0.0,0,1.1085626195212777,0.6931471805599453,1.0986122886681096,0.6931471805599453,0.0,0.0
amrex,3176,https://github.com/AMReX-Codes/amrex/pull/3176,11.7,4,14,2,98.58,0,2.5416019934645457,1.6094379124341003,2.70805020110221,1.0986122886681096,4.600961341214036,0.0
amrex,3185,https://github.com/AMReX-Codes/amrex/pull/3185,3.84,2,13,4,0.98,1,1.5769147207285403,1.0986122886681096,2.639057329615259,1.6094379124341003,0.6830968447064438,0.6931471805599453
amrex,3187,https://github.com/AMReX-Codes/amrex/pull/3187,0.16,3,5,2,0.1,0,0.14842000511827327,1.3862943611198906,1.791759469228055,1.0986122886681096,0.09531017980432487,0.0
amrex,3190,https://github.com/AMReX-Codes/amrex/pull/3190,2.0,2,1,1,,0,1.0986122886681096,1.0986122886681096,0.6931471805599453,0.6931471805599453,,0.0
amrex,3198,https://github.com/AMReX-Codes/amrex/pull/3198,1.14,3,9,1,1.1,0,0.76080582903376,1.3862943611198906,2.302585092994046,0.6931471805599453,0.7419373447293773,0.0
amrex,3201,https://github.com/AMReX-Codes/amrex/pull/3201,6.76,2,2,1,0.0,0,2.048982334195127,1.0986122886681096,1.0986122886681096,0.6931471805599453,0.0,0.0
amrex,3202,https://github.com/AMReX-Codes/amrex/pull/3202,7.04,2,11,1,6.76,0,2.084429083190875,1.0986122886681096,2.4849066497880004,0.6931471805599453,2.048982334195127,0.0
amrex,3203,https://github.com/AMReX-Codes/amrex/pull/3203,7.8,2,4,1,6.74,0,2.174751721484161,1.0986122886681096,1.6094379124341003,0.6931471805599453,2.046401687601636,0.0
amrex,3238,https://github.com/AMReX-Codes/amrex/pull/3238,360.06,3,5,7,140.17,0,5.889044149508512,1.3862943611198906,1.791759469228055,2.0794415416798357,4.9499648378961085,0.0
amrex,3251,https://github.com/AMReX-Codes/amrex/pull/3251,0.41,1,5,1,0.05,0,0.3435897043900769,0.6931471805599453,1.791759469228055,0.6931471805599453,0.04879016416943201,0.0
amrex,3269,https://github.com/AMReX-Codes/amrex/pull/3269,28.21,2,8,4,0.02,0,3.3745111163996495,1.0986122886681096,2.1972245773362196,1.6094379124341003,0.019802627296179712,0.0
amrex,3272,https://github.com/AMReX-Codes/amrex/pull/3272,0.17,1,2,1,0.0,0,0.15700374880966475,0.6931471805599453,1.0986122886681096,0.6931471805599453,0.0,0.0
amrex,3293,https://github.com/AMReX-Codes/amrex/pull/3293,0.81,2,9,1,0.71,1,0.5933268452777344,1.0986122886681096,2.302585092994046,0.6931471805599453,0.5364933705145685,0.6931471805599453
amrex,3307,https://github.com/AMReX-Codes/amrex/pull/3307,5.77,3,6,7,1.99,0,1.9125010869241836,1.3862943611198906,1.9459101490553132,2.0794415416798357,1.095273387402595,0.0
amrex,3317,https://github.com/AMReX-Codes/amrex/pull/3317,0.04,2,3,2,0.01,0,0.039220713153281295,1.0986122886681096,1.3862943611198906,1.0986122886681096,0.009950330853168083,0.0
amrex,3325,https://github.com/AMReX-Codes/amrex/pull/3325,0.09,2,8,1,0.0,0,0.08617769624105233,1.0986122886681096,2.1972245773362196,0.6931471805599453,0.0,0.0
amrex,3328,https://github.com/AMReX-Codes/amrex/pull/3328,0.09,2,3,2,0.02,0,0.08617769624105233,1.0986122886681096,1.3862943611198906,1.0986122886681096,0.019802627296179712,0.0
amrex,3332,https://github.com/AMReX-Codes/amrex/pull/3332,5.09,1,4,11,0.04,0,1.8066480817218056,0.6931471805599453,1.6094379124341003,2.4849066497880004,0.039220713153281295,0.0
amrex,3354,https://github.com/AMReX-Codes/amrex/pull/3354,2.24,2,5,2,1.19,0,1.1755733298042381,1.0986122886681096,1.791759469228055,1.0986122886681096,0.7839015438284094,0.0
amrex,3360,https://github.com/AMReX-Codes/amrex/pull/3360,6.09,3,5,2,0.36,0,1.958685340544036,1.3862943611198906,1.791759469228055,1.0986122886681096,0.3074846997479606,0.0
amrex,3381,https://github.com/AMReX-Codes/amrex/pull/3381,3.14,1,2,1,0.0,1,1.420695787837223,0.6931471805599453,1.0986122886681096,0.6931471805599453,0.0,0.6931471805599453
amrex,3384,https://github.com/AMReX-Codes/amrex/pull/3384,2.93,1,1,1,,1,1.3686394258811698,0.6931471805599453,0.6931471805599453,0.6931471805599453,,0.6931471805599453
amrex,3388,https://github.com/AMReX-Codes/amrex/pull/3388,0.7,1,2,1,0.0,0,0.5306282510621704,0.6931471805599453,1.0986122886681096,0.6931471805599453,0.0,0.0
amrex,3389,https://github.com/AMReX-Codes/amrex/pull/3389,1.17,2,4,5,0.98,0,0.7747271675523681,1.0986122886681096,1.6094379124341003,1.791759469228055,0.6830968447064438,0.0
amrex,3400,https://github.com/AMReX-Codes/amrex/pull/3400,49.18,2,5,2,49.01,0,3.9156165409382764,1.0986122886681096,1.791759469228055,1.0986122886681096,3.9122229854308124,0.0
amrex,3406,https://github.com/AMReX-Codes/amrex/pull/3406,0.06,2,2,1,0.0,0,0.058268908123975775,1.0986122886681096,1.0986122886681096,0.6931471805599453,0.0,0.0
amrex,3414,https://github.com/AMReX-Codes/amrex/pull/3414,2.18,1,8,1,0.93,1,1.1568811967920856,0.6931471805599453,2.1972245773362196,0.6931471805599453,0.6575200029167942,0.6931471805599453
amrex,3436,https://github.com/AMReX-Codes/amrex/pull/3436,59.92,2,7,5,56.94,0,4.109561528026961,1.0986122886681096,2.0794415416798357,1.791759469228055,4.059407992341204,0.0
amrex,3440,https://github.com/AMReX-Codes/amrex/pull/3440,58.86,2,10,1,58.79,0,4.0920085024245525,1.0986122886681096,2.3978952727983707,0.6931471805599453,4.090838422892813,0.0
amrex,3450,https://github.com/AMReX-Codes/amrex/pull/3450,0.2,1,2,1,0.03,0,0.18232155679395462,0.6931471805599453,1.0986122886681096,0.6931471805599453,0.0295588022415444,0.0
amrex,3466,https://github.com/AMReX-Codes/amrex/pull/3466,4.13,2,8,1,0.1,0,1.635105659182678,1.0986122886681096,2.1972245773362196,0.6931471805599453,0.09531017980432487,0.0
amrex,3484,https://github.com/AMReX-Codes/amrex/pull/3484,0.44,1,2,2,0.0,0,0.36464311358790924,0.6931471805599453,1.0986122886681096,1.0986122886681096,0.0,0.0
amrex,3510,https://github.com/AMReX-Codes/amrex/pull/3510,2.15,3,15,4,1.53,0,1.1474024528375417,1.3862943611198906,2.772588722239781,1.6094379124341003,0.9282193027394289,0.0
amrex,3549,https://github.com/AMReX-Codes/amrex/pull/3549,0.14,1,0,1,,0,0.1310282624064041,0.6931471805599453,0.0,0.6931471805599453,,0.0
amrex,3555,https://github.com/AMReX-Codes/amrex/pull/3555,13.01,1,12,9,97.95,1,2.6397713603489157,0.6931471805599453,2.5649493574615367,2.302585092994046,4.594614672048575,0.6931471805599453
amrex,3559,https://github.com/AMReX-Codes/amrex/pull/3559,9.79,1,7,3,7.75,0,2.378619779270043,0.6931471805599453,2.0794415416798357,1.3862943611198906,2.169053700369523,0.0
amrex,3563,https://github.com/AMReX-Codes/amrex/pull/3563,1.96,1,1,1,,0,1.085189268335969,0.6931471805599453,0.6931471805599453,0.6931471805599453,,0.0
amrex,3585,https://github.com/AMReX-Codes/amrex/pull/3585,66.07,2,9,8,17.08,0,4.205736850111646,1.0986122886681096,2.302585092994046,2.1972245773362196,2.89480635496403,0.0
amrex,3591,https://github.com/AMReX-Codes/amrex/pull/3591,28.16,2,55,20,150.97,0,3.3727979071404572,1.0986122886681096,4.02535169073515,3.044522437723423,5.023683132945513,0.0
amrex,3596,https://github.com/AMReX-Codes/amrex/pull/3596,6.77,1,4,1,0.04,0,2.050270164379556,0.6931471805599453,1.6094379124341003,0.6931471805599453,0.039220713153281295,0.0
amrex,3607,https://github.com/AMReX-Codes/amrex/pull/3607,9.58,2,15,7,36.29,0,2.3589654264301534,1.0986122886681096,2.772588722239781,2.0794415416798357,3.6187251941907292,0.0
amrex,3619,https://github.com/AMReX-Codes/amrex/pull/3619,5.02,1,1,1,,0,1.7950872593207297,0.6931471805599453,0.6931471805599453,0.6931471805599453,,0.0
amrex,3633,https://github.com/AMReX-Codes/amrex/pull/3633,89.84,2,6,1,89.84,0,4.5090997172373575,1.0986122886681096,1.9459101490553132,0.6931471805599453,4.5090997172373575,0.0
amrex,3636,https://github.com/AMReX-Codes/amrex/pull/3636,11.08,1,0,2,,0,2.4915511925066687,0.6931471805599453,0.0,1.0986122886681096,,0.0
amrex,3648,https://github.com/AMReX-Codes/amrex/pull/3648,43.97,4,4,1,8.79,0,3.805995600782616,1.6094379124341003,1.6094379124341003,0.6931471805599453,2.281361456542419,0.0
amrex,3674,https://github.com/AMReX-Codes/amrex/pull/3674,1.42,2,2,1,0.34,0,0.8837675401685949,1.0986122886681096,1.0986122886681096,0.6931471805599453,0.29266961396282,0.0
amrex,3682,https://github.com/AMReX-Codes/amrex/pull/3682,45.93,4,24,7,42.81,0,3.8486571298063263,1.6094379124341003,3.2188758248682006,2.0794415416798357,3.779862101825807,0.0
amrex,3688,https://github.com/AMReX-Codes/amrex/pull/3688,6.34,3,9,5,5.83,0,1.9933388426264242,1.3862943611198906,2.302585092994046,1.791759469228055,1.9213246735826988,0.0
amrex,3698,https://github.com/AMReX-Codes/amrex/pull/3698,0.59,2,8,4,0.52,0,0.46373401623214017,1.0986122886681096,2.1972245773362196,1.6094379124341003,0.41871033485818504,0.0
amrex,3701,https://github.com/AMReX-Codes/amrex/pull/3701,0.12,1,2,2,0.0,0,0.11332868530700317,0.6931471805599453,1.0986122886681096,1.0986122886681096,0.0,0.0
amrex,3714,https://github.com/AMReX-Codes/amrex/pull/3714,1.1,3,14,6,1.05,0,0.7419373447293773,1.3862943611198906,2.70805020110221,1.9459101490553132,0.7178397931503169,0.0
amrex,3724,https://github.com/AMReX-Codes/amrex/pull/3724,1.05,1,3,3,0.05,0,0.7178397931503169,0.6931471805599453,1.3862943611198906,1.3862943611198906,0.04879016416943201,0.0
amrex,3733,https://github.com/AMReX-Codes/amrex/pull/3733,0.12,2,7,6,0.02,0,0.11332868530700317,1.0986122886681096,2.0794415416798357,1.9459101490553132,0.019802627296179712,0.0
amrex,3735,https://github.com/AMReX-Codes/amrex/pull/3735,1.64,3,13,1,1.86,0,0.9707789171582247,1.3862943611198906,2.639057329615259,0.6931471805599453,1.0508216248317612,0.0
amrex,3748,https://github.com/AMReX-Codes/amrex/pull/3748,0.24,1,3,1,0.06,0,0.2151113796169455,0.6931471805599453,1.3862943611198906,0.6931471805599453,0.058268908123975775,0.0
amrex,3750,https://github.com/AMReX-Codes/amrex/pull/3750,0.95,2,2,6,0.0,0,0.6678293725756554,1.0986122886681096,1.0986122886681096,1.9459101490553132,0.0,0.0
amrex,3767,https://github.com/AMReX-Codes/amrex/pull/3767,0.09,2,2,1,0.0,0,0.08617769624105233,1.0986122886681096,1.0986122886681096,0.6931471805599453,0.0,0.0
amrex,3793,https://github.com/AMReX-Codes/amrex/pull/3793,0.37,2,5,3,0.34,1,0.31481073984003355,1.0986122886681096,1.791759469228055,1.3862943611198906,0.29266961396282,0.6931471805599453
amrex,3794,https://github.com/AMReX-Codes/amrex/pull/3794,1.69,2,6,3,0.06,0,0.9895411936137477,1.0986122886681096,1.9459101490553132,1.3862943611198906,0.058268908123975775,0.0
amrex,3806,https://github.com/AMReX-Codes/amrex/pull/3806,4.09,2,16,11,2.01,2,1.6272778305624314,1.0986122886681096,2.833213344056216,2.4849066497880004,1.1019400787607843,1.0986122886681096
amrex,3812,https://github.com/AMReX-Codes/amrex/pull/3812,163.63,2,2,1,,0,5.10370053165993,1.0986122886681096,1.0986122886681096,0.6931471805599453,,0.0
amrex,3830,https://github.com/AMReX-Codes/amrex/pull/3830,0.48,1,0,1,,0,0.3920420877760237,0.6931471805599453,0.0,0.6931471805599453,,0.0
amrex,3848,https://github.com/AMReX-Codes/amrex/pull/3848,2.25,2,12,4,2.02,0,1.1786549963416462,1.0986122886681096,2.5649493574615367,1.6094379124341003,1.1052568313867783,0.0
amrex,3855,https://github.com/AMReX-Codes/amrex/pull/3855,0.22,1,2,1,,0,0.1988508587451652,0.6931471805599453,1.0986122886681096,0.6931471805599453,,0.0
amrex,3866,https://github.com/AMReX-Codes/amrex/pull/3866,0.17,2,3,1,0.17,0,0.15700374880966475,1.0986122886681096,1.3862943611198906,0.6931471805599453,0.15700374880966475,0.0
amrex,3871,https://github.com/AMReX-Codes/amrex/pull/3871,7.16,1,5,2,0.92,0,2.0992441689760155,0.6931471805599453,1.791759469228055,1.0986122886681096,0.6523251860396903,0.0
amrex,3885,https://github.com/AMReX-Codes/amrex/pull/3885,5.89,2,8,4,5.91,0,1.9300710850255671,1.0986122886681096,2.1972245773362196,1.6094379124341003,1.9329696377795786,0.0
amrex,3907,https://github.com/AMReX-Codes/amrex/pull/3907,4.27,3,10,14,4.8,0,1.6620303625532709,1.3862943611198906,2.3978952727983707,2.70805020110221,1.7578579175523736,0.0
amrex,3958,https://github.com/AMReX-Codes/amrex/pull/3958,0.26,1,0,1,,0,0.23111172096338664,0.6931471805599453,0.0,0.6931471805599453,,0.0
amrex,3969,https://github.com/AMReX-Codes/amrex/pull/3969,11.01,3,27,1,6.4,0,2.485739636091892,1.3862943611198906,3.332204510175204,0.6931471805599453,2.0014800002101243,0.0
amrex,3974,https://github.com/AMReX-Codes/amrex/pull/3974,1.93,1,0,10,,0,1.0750024230289759,0.6931471805599453,0.0,2.3978952727983707,,0.0
amrex,4013,https://github.com/AMReX-Codes/amrex/pull/4013,3.9,2,4,1,2.16,0,1.589235205116581,1.0986122886681096,1.6094379124341003,0.6931471805599453,1.1505720275988207,0.0
amrex,4016,https://github.com/AMReX-Codes/amrex/pull/4016,30.17,2,8,2,24.21,0,3.4394560937792455,1.0986122886681096,2.1972245773362196,1.0986122886681096,3.2272407411998283,0.0
amrex,4022,https://github.com/AMReX-Codes/amrex/pull/4022,0.1,1,0,1,,0,0.09531017980432487,0.6931471805599453,0.0,0.6931471805599453,,0.0
amrex,4025,https://github.com/AMReX-Codes/amrex/pull/4025,0.11,1,2,1,0.06,0,0.10436001532424277,0.6931471805599453,1.0986122886681096,0.6931471805599453,0.058268908123975775,0.0
amrex,4030,https://github.com/AMReX-Codes/amrex/pull/4030,0.14,1,0,1,,0,0.1310282624064041,0.6931471805599453,0.0,0.6931471805599453,,0.0
amrex,4046,https://github.com/AMReX-Codes/amrex/pull/4046,2.56,3,6,2,2.52,0,1.269760544863939,1.3862943611198906,1.9459101490553132,1.0986122886681096,1.2584609896100059,0.0
amrex,4052,https://github.com/AMReX-Codes/amrex/pull/4052,12.81,3,6,4,12.02,0,2.6253929674212007,1.3862943611198906,1.9459101490553132,1.6094379124341003,2.5664866367804233,0.0
amrex,4073,https://github.com/AMReX-Codes/amrex/pull/4073,11.07,2,2,4,4.54,0,2.4907230351094403,1.0986122886681096,1.0986122886681096,1.6094379124341003,1.7119945007591926,0.0
amrex,4078,https://github.com/AMReX-Codes/amrex/pull/4078,0.11,1,1,3,,0,0.10436001532424277,0.6931471805599453,0.6931471805599453,1.3862943611198906,,0.0
amrex,4079,https://github.com/AMReX-Codes/amrex/pull/4079,0.25,1,3,2,0.0,1,0.22314355131420976,0.6931471805599453,1.3862943611198906,1.0986122886681096,0.0,0.6931471805599453
amrex,4096,https://github.com/AMReX-Codes/amrex/pull/4096,0.03,1,3,1,0.01,0,0.0295588022415444,0.6931471805599453,1.3862943611198906,0.6931471805599453,0.009950330853168083,0.0
amrex,4104,https://github.com/AMReX-Codes/amrex/pull/4104,16.88,1,0,1,,0,2.883682769745368,0.6931471805599453,0.0,0.6931471805599453,,0.0
amrex,4119,https://github.com/AMReX-Codes/amrex/pull/4119,5.86,2,5,1,5.01,0,1.925707441737794,1.0986122886681096,1.791759469228055,0.6931471805599453,1.7934247485471162,0.0
amrex,4143,https://github.com/AMReX-Codes/amrex/pull/4143,0.05,1,5,1,0.05,0,0.04879016416943201,0.6931471805599453,1.791759469228055,0.6931471805599453,0.04879016416943201,0.0
amrex,4145,https://github.com/AMReX-Codes/amrex/pull/4145,0.04,1,1,1,,0,0.039220713153281295,0.6931471805599453,0.6931471805599453,0.6931471805599453,,0.0
amrex,4151,https://github.com/AMReX-Codes/amrex/pull/4151,1.27,2,11,4,0.06,0,0.8197798314933114,1.0986122886681096,2.4849066497880004,1.6094379124341003,0.058268908123975775,0.0
amrex,4165,https://github.com/AMReX-Codes/amrex/pull/4165,197.88,2,4,7,176.93,0,5.292701627762401,1.0986122886681096,1.6094379124341003,2.0794415416798357,5.1813902145187445,0.0
amrex,4173,https://github.com/AMReX-Codes/amrex/pull/4173,2.16,2,17,3,0.14,0,1.1505720275988207,1.0986122886681096,2.8903717578961645,1.3862943611198906,0.1310282624064041,0.0
amrex,4175,https://github.com/AMReX-Codes/amrex/pull/4175,22.81,3,6,2,93.94,0,3.170105660498771,1.3862943611198906,1.9459101490553132,1.0986122886681096,4.553245113123172,0.0
amrex,4183,https://github.com/AMReX-Codes/amrex/pull/4183,0.1,1,0,1,,0,0.09531017980432487,0.6931471805599453,0.0,0.6931471805599453,,0.0
amrex,4187,https://github.com/AMReX-Codes/amrex/pull/4187,0.81,3,5,2,0.46,0,0.5933268452777344,1.3862943611198906,1.791759469228055,1.0986122886681096,0.3784364357202451,0.0
amrex,4193,https://github.com/AMReX-Codes/amrex/pull/4193,3.83,1,2,2,3.83,0,1.5748464676644813,0.6931471805599453,1.0986122886681096,1.0986122886681096,1.5748464676644813,0.0
amrex,4195,https://github.com/AMReX-Codes/amrex/pull/4195,0.17,2,6,3,0.07,0,0.15700374880966475,1.0986122886681096,1.9459101490553132,1.3862943611198906,0.06765864847381481,0.0
amrex,4200,https://github.com/AMReX-Codes/amrex/pull/4200,7.08,1,2,2,0.0,0,2.089391872533004,0.6931471805599453,1.0986122886681096,1.0986122886681096,0.0,0.0
amrex,4217,https://github.com/AMReX-Codes/amrex/pull/4217,2.31,2,4,1,0.01,0,1.1969481893889715,1.0986122886681096,1.6094379124341003,0.6931471805599453,0.009950330853168083,0.0
amrex,4221,https://github.com/AMReX-Codes/amrex/pull/4221,0.86,1,0,6,,0,0.6205764877251099,0.6931471805599453,0.0,1.9459101490553132,,0.0
amrex,4224,https://github.com/AMReX-Codes/amrex/pull/4224,0.81,1,0,4,,0,0.5933268452777344,0.6931471805599453,0.0,1.6094379124341003,,0.0
amrex,4257,https://github.com/AMReX-Codes/amrex/pull/4257,3.07,1,3,4,0.06,1,1.4036429994545037,0.6931471805599453,1.3862943611198906,1.6094379124341003,0.058268908123975775,0.6931471805599453
amrex,4259,https://github.com/AMReX-Codes/amrex/pull/4259,1.6,1,0,1,,0,0.9555114450274365,0.6931471805599453,0.0,0.6931471805599453,,0.0
amrex,4282,https://github.com/AMReX-Codes/amrex/pull/4282,4.92,2,12,3,4.85,0,1.7783364488959144,1.0986122886681096,2.5649493574615367,1.3862943611198906,1.766441661243765,0.0
amrex,4318,https://github.com/AMReX-Codes/amrex/pull/4318,5.62,1,6,3,4.73,1,1.890095369948917,0.6931471805599453,1.9459101490553132,1.3862943611198906,1.7457155307266483,0.6931471805599453
amrex,4326,https://github.com/AMReX-Codes/amrex/pull/4326,13.9,1,2,2,,0,2.7013612129514133,0.6931471805599453,1.0986122886681096,1.0986122886681096,,0.0
amrex,4348,https://github.com/AMReX-Codes/amrex/pull/4348,35.05,2,3,4,3.77,0,3.584906863730958,1.0986122886681096,1.3862943611198906,1.6094379124341003,1.5623463049002497,0.0
amrex,4351,https://github.com/AMReX-Codes/amrex/pull/4351,39.01,2,15,7,26.77,0,3.6891294228691436,1.0986122886681096,2.772588722239781,2.0794415416798357,3.323956301318708,0.0
amrex,4352,https://github.com/AMReX-Codes/amrex/pull/4352,26.89,1,1,1,,0,3.3282682016393976,0.6931471805599453,0.6931471805599453,0.6931471805599453,,0.0
amrex,4355,https://github.com/AMReX-Codes/amrex/pull/4355,29.81,3,7,4,29.81,0,3.4278393126085764,1.3862943611198906,2.0794415416798357,1.6094379124341003,3.4278393126085764,0.0
amrex,4364,https://github.com/AMReX-Codes/amrex/pull/4364,15.0,2,4,1,9.21,0,2.772588722239781,1.0986122886681096,1.6094379124341003,0.6931471805599453,2.3233676321765744,0.0
amrex,4366,https://github.com/AMReX-Codes/amrex/pull/4366,27.32,1,3,5,0.0,0,3.343568268825519,0.6931471805599453,1.3862943611198906,1.791759469228055,0.0,0.0
amrex,4384,https://github.com/AMReX-Codes/amrex/pull/4384,33.24,2,2,1,0.0,0,3.5333945512735414,1.0986122886681096,1.0986122886681096,0.6931471805599453,0.0,0.0
amrex,4395,https://github.com/AMReX-Codes/amrex/pull/4395,7.44,2,6,2,2.25,0,2.1329823086078656,1.0986122886681096,1.9459101490553132,1.0986122886681096,1.1786549963416462,0.0
mantid,25544,https://github.com/mantidproject/mantid/pull/25544,13.24,0,1,1,,0,2.65605490598383,0.0,0.6931471805599453,0.6931471805599453,,0.0
mantid,25939,https://github.com/mantidproject/mantid/pull/25939,12.14,0,3,1,0.17,0,2.5756610130564646,0.0,1.3862943611198906,0.6931471805599453,0.15700374880966475,0.0
mantid,26625,https://github.com/mantidproject/mantid/pull/26625,8.82,2,29,9,7.07,2,2.2844211223663744,1.0986122886681096,3.4011973816621555,2.302585092994046,2.0881534822818573,1.0986122886681096
mantid,27656,https://github.com/mantidproject/mantid/pull/27656,17.1,2,46,2,6.69,2,2.89591193827178,1.0986122886681096,3.8501476017100584,1.0986122886681096,2.0399207835175526,1.0986122886681096
mantid,27657,https://github.com/mantidproject/mantid/pull/27657,32.14,2,30,12,10.66,1,3.500741011998417,1.0986122886681096,3.4339872044851463,2.5649493574615367,2.4561641809223462,0.6931471805599453
mantid,29117,https://github.com/mantidproject/mantid/pull/29117,12.87,2,7,3,10.99,2,2.6297282343267403,1.0986122886681096,2.0794415416798357,1.3862943611198906,2.4840729690394228,1.0986122886681096
mantid,29256,https://github.com/mantidproject/mantid/pull/29256,218.79,3,23,20,78.13,0,5.392672545029182,1.3862943611198906,3.1780538303479458,3.044522437723423,4.371092069621102,0.0
mantid,29593,https://github.com/mantidproject/mantid/pull/29593,63.84,2,6,3,1.95,0,4.171922696867475,1.0986122886681096,1.9459101490553132,1.3862943611198906,1.0818051703517284,0.0
mantid,29687,https://github.com/mantidproject/mantid/pull/29687,63.88,3,32,16,58.28,2,4.1725394098071575,1.3862943611198906,3.4965075614664802,2.833213344056216,4.082271980987832,1.0986122886681096
mantid,29763,https://github.com/mantidproject/mantid/pull/29763,16.04,4,38,6,15.02,2,2.83556352140117,1.6094379124341003,3.6635616461296463,1.9459101490553132,2.7738379416402132,1.0986122886681096
mantid,29801,https://github.com/mantidproject/mantid/pull/29801,12.73,2,30,3,11.82,1,2.6195832197798796,1.0986122886681096,3.4339872044851463,1.3862943611198906,2.551006451492524,0.6931471805599453
mantid,29805,https://github.com/mantidproject/mantid/pull/29805,47.07,2,12,1,27.06,1,3.8726582819058692,1.0986122886681096,2.5649493574615367,0.6931471805599453,3.3343450746743146,0.6931471805599453
mantid,29833,https://github.com/mantidproject/mantid/pull/29833,6.21,2,23,9,0.44,1,1.9754689512968577,1.0986122886681096,3.1780538303479458,2.302585092994046,0.36464311358790924,0.6931471805599453
mantid,29857,https://github.com/mantidproject/mantid/pull/29857,12.96,2,9,4,0.17,1,2.6361960973342264,1.0986122886681096,2.302585092994046,1.6094379124341003,0.15700374880966475,0.6931471805599453
mantid,29870,https://github.com/mantidproject/mantid/pull/29870,3.27,1,2,1,,1,1.4516138272405332,0.6931471805599453,1.0986122886681096,0.6931471805599453,,0.6931471805599453
mantid,29871,https://github.com/mantidproject/mantid/pull/29871,9.21,2,7,1,0.19,1,2.3233676321765744,1.0986122886681096,2.0794415416798357,0.6931471805599453,0.173953307123438,0.6931471805599453
mantid,29895,https://github.com/mantidproject/mantid/pull/29895,42.7,3,6,5,26.73,0,3.7773481021015445,1.3862943611198906,1.9459101490553132,1.791759469228055,3.322514859627687,0.0
mantid,29897,https://github.com/mantidproject/mantid/pull/29897,7.99,3,10,1,2.17,1,2.196112848483529,1.3862943611198906,2.3978952727983707,0.6931471805599453,1.1537315878891892,0.6931471805599453
mantid,29902,https://github.com/mantidproject/mantid/pull/29902,12.87,1,2,2,,1,2.6297282343267403,0.6931471805599453,1.0986122886681096,1.0986122886681096,,0.6931471805599453
mantid,29929,https://github.com/mantidproject/mantid/pull/29929,29.12,2,10,3,0.75,0,3.405189402931693,1.0986122886681096,2.3978952727983707,1.3862943611198906,0.5596157879354227,0.0
mantid,29942,https://github.com/mantidproject/mantid/pull/29942,35.59,2,6,12,13.29,1,3.5997749790311158,1.0986122886681096,1.9459101490553132,2.5649493574615367,2.659559991941776,0.6931471805599453
mantid,29943,https://github.com/mantidproject/mantid/pull/29943,7.32,2,18,12,6.26,2,2.1186622548331173,1.0986122886681096,2.9444389791664403,2.5649493574615367,1.9823798288367047,1.0986122886681096
mantid,29955,https://github.com/mantidproject/mantid/pull/29955,6.12,3,4,1,0.0,0,1.9629077254238845,1.3862943611198906,1.6094379124341003,0.6931471805599453,0.0,0.0
mantid,29958,https://github.com/mantidproject/mantid/pull/29958,20.74,2,37,9,15.22,0,3.0791538816930633,1.0986122886681096,3.6375861597263857,2.302585092994046,2.7862450486872667,0.0
mantid,29976,https://github.com/mantidproject/mantid/pull/29976,51.71,2,21,6,26.2,0,3.9648051908671156,1.0986122886681096,3.091042453358316,1.9459101490553132,3.3032169733019514,0.0
mantid,29986,https://github.com/mantidproject/mantid/pull/29986,8.73,1,3,2,0.02,0,2.2752138961979136,0.6931471805599453,1.3862943611198906,1.0986122886681096,0.019802627296179712,0.0
mantid,29992,https://github.com/mantidproject/mantid/pull/29992,14.58,2,3,23,6.64,0,2.7459880404426023,1.0986122886681096,1.3862943611198906,3.1780538303479458,2.033397603178429,0.0
mantid,29999,https://github.com/mantidproject/mantid/pull/29999,11.94,2,12,126,2.76,2,2.5603232890727545,1.0986122886681096,2.5649493574615367,4.844187086458591,1.324418957401803,1.0986122886681096
mantid,30010,https://github.com/mantidproject/mantid/pull/30010,4.78,2,6,2,0.71,1,1.7544036826842861,1.0986122886681096,1.9459101490553132,1.0986122886681096,0.5364933705145685,0.6931471805599453
mantid,30039,https://github.com/mantidproject/mantid/pull/30039,10.91,1,0,1,,0,2.477378383367209,0.6931471805599453,0.0,0.6931471805599453,,0.0
mantid,30042,https://github.com/mantidproject/mantid/pull/30042,11.19,2,10,5,0.88,4,2.5006159434931803,1.0986122886681096,2.3978952727983707,1.791759469228055,0.6312717768418579,1.6094379124341003
mantid,30068,https://github.com/mantidproject/mantid/pull/30068,41.95,2,30,27,33.8,0,3.7600366484302645,1.0986122886681096,3.4339872044851463,3.332204510175204,3.5496173867804286,0.0
mantid,30083,https://github.com/mantidproject/mantid/pull/30083,10.81,1,6,2,8.22,1,2.468946630209271,0.6931471805599453,1.9459101490553132,1.0986122886681096,2.2213750375685026,0.6931471805599453
mantid,30089,https://github.com/mantidproject/mantid/pull/30089,22.02,4,67,5,3.26,3,3.1363634032937364,1.6094379124341003,4.219507705176107,1.791759469228055,1.449269160281279,1.3862943611198906
mantid,30099,https://github.com/mantidproject/mantid/pull/30099,1.5,1,3,3,0.0,1,0.9162907318741551,0.6931471805599453,1.3862943611198906,1.3862943611198906,0.0,0.6931471805599453
mantid,30123,https://github.com/mantidproject/mantid/pull/30123,1.1,2,17,12,0.13,2,0.7419373447293773,1.0986122886681096,2.8903717578961645,2.5649493574615367,0.12221763272424921,1.0986122886681096
mantid,30128,https://github.com/mantidproject/mantid/pull/30128,96.95,5,39,38,90.17,1,4.58445714439055,1.791759469228055,3.6888794541139363,3.6635616461296463,4.5127258955968115,0.6931471805599453
mantid,30135,https://github.com/mantidproject/mantid/pull/30135,1.73,2,4,3,0.02,2,1.0043016091968684,1.0986122886681096,1.6094379124341003,1.3862943611198906,0.019802627296179712,1.0986122886681096
mantid,30140,https://github.com/mantidproject/mantid/pull/30140,68.81,3,70,63,40.24,0,4.24577726598231,1.3862943611198906,4.2626798770413155,4.1588830833596715,3.719408659148759,0.0
mantid,30143,https://github.com/mantidproject/mantid/pull/30143,0.56,1,1,1,,0,0.44468582126144574,0.6931471805599453,0.6931471805599453,0.6931471805599453,,0.0
mantid,30146,https://github.com/mantidproject/mantid/pull/30146,37.79,1,4,3,9.86,1,3.6581624814518756,0.6931471805599453,1.6094379124341003,1.3862943611198906,2.3850863145057892,0.6931471805599453
mantid,30159,https://github.com/mantidproject/mantid/pull/30159,49.8,3,35,29,25.65,4,3.927896354584436,1.3862943611198906,3.58351893845611,3.4011973816621555,3.2827891506118534,1.6094379124341003
mantid,30164,https://github.com/mantidproject/mantid/pull/30164,0.74,2,6,1,0.13,1,0.5538851132264376,1.0986122886681096,1.9459101490553132,0.6931471805599453,0.12221763272424921,0.6931471805599453
mantid,30177,https://github.com/mantidproject/mantid/pull/30177,2.01,2,7,5,0.41,0,1.1019400787607843,1.0986122886681096,2.0794415416798357,1.791759469228055,0.3435897043900769,0.0
mantid,30187,https://github.com/mantidproject/mantid/pull/30187,42.66,2,16,23,4.05,0,3.7764323511217976,1.0986122886681096,2.833213344056216,3.1780538303479458,1.6193882432872684,0.0
mantid,30197,https://github.com/mantidproject/mantid/pull/30197,35.31,2,11,8,15.16,0,3.5920931854262443,1.0986122886681096,2.4849066497880004,2.1972245773362196,2.7825390530929495,0.0
mantid,30199,https://github.com/mantidproject/mantid/pull/30199,105.04,4,62,22,84.96,2,4.663816381420824,1.6094379124341003,4.143134726391533,3.1354942159291497,4.453882071774309,1.0986122886681096
mantid,30202,https://github.com/mantidproject/mantid/pull/30202,3.96,2,7,1,0.02,1,1.601405740736836,1.0986122886681096,2.0794415416798357,0.6931471805599453,0.019802627296179712,0.6931471805599453
mantid,30205,https://github.com/mantidproject/mantid/pull/30205,1.12,1,5,2,0.21,1,0.7514160886839212,0.6931471805599453,1.791759469228055,1.0986122886681096,0.1906203596086497,0.6931471805599453
mantid,30207,https://github.com/mantidproject/mantid/pull/30207,25.35,1,4,3,0.27,0,3.2714682749873716,0.6931471805599453,1.6094379124341003,1.3862943611198906,0.23901690047049992,0.0
mantid,30219,https://github.com/mantidproject/mantid/pull/30219,21.05,1,3,2,,1,3.093312601892855,0.6931471805599453,1.3862943611198906,1.0986122886681096,,0.6931471805599453
mantid,30248,https://github.com/mantidproject/mantid/pull/30248,14.12,2,10,4,1.99,0,2.716018370751387,1.0986122886681096,2.3978952727983707,1.6094379124341003,1.095273387402595,0.0
mantid,30294,https://github.com/mantidproject/mantid/pull/30294,20.7,2,40,13,1.23,0,3.077312260546414,1.0986122886681096,3.713572066704308,2.639057329615259,0.8020015854720274,0.0
mantid,30320,https://github.com/mantidproject/mantid/pull/30320,8.3,2,11,8,2.7,0,2.2300144001592104,1.0986122886681096,2.4849066497880004,2.1972245773362196,1.308332819650179,0.0
mantid,30324,https://github.com/mantidproject/mantid/pull/30324,0.45,2,19,2,0.11,1,0.37156355643248307,1.0986122886681096,2.995732273553991,1.0986122886681096,0.10436001532424277,0.6931471805599453
mantid,30388,https://github.com/mantidproject/mantid/pull/30388,6.8,1,5,3,2.23,0,2.0541237336955462,0.6931471805599453,1.791759469228055,1.3862943611198906,1.172482137234565,0.0
mantid,30430,https://github.com/mantidproject/mantid/pull/30430,14.93,1,3,9,,1,2.768204123921957,0.6931471805599453,1.3862943611198906,2.302585092994046,,0.6931471805599453
mantid,30461,https://github.com/mantidproject/mantid/pull/30461,1.78,2,17,1,0.07,1,1.0224509277025458,1.0986122886681096,2.8903717578961645,0.6931471805599453,0.06765864847381481,0.6931471805599453
mantid,30463,https://github.com/mantidproject/mantid/pull/30463,87.95,3,44,14,13.92,1,4.4880744141118445,1.3862943611198906,3.8066624897703196,2.70805020110221,2.702702594775615,0.6931471805599453
mantid,30479,https://github.com/mantidproject/mantid/pull/30479,3.06,2,15,9,0.95,1,1.4011829736136412,1.0986122886681096,2.772588722239781,2.302585092994046,0.6678293725756554,0.6931471805599453
mantid,30521,https://github.com/mantidproject/mantid/pull/30521,5.38,1,4,2,0.08,0,1.8531680973566984,0.6931471805599453,1.6094379124341003,1.0986122886681096,0.07696104113612832,0.0
mantid,30543,https://github.com/mantidproject/mantid/pull/30543,4.91,3,8,2,13.77,1,1.776645831418007,1.3862943611198906,2.1972245773362196,1.0986122886681096,2.6925980965432883,0.6931471805599453
mantid,30571,https://github.com/mantidproject/mantid/pull/30571,62.95,3,21,7,11.94,0,4.158101528024852,1.3862943611198906,3.091042453358316,2.0794415416798357,2.5603232890727545,0.0
mantid,30603,https://github.com/mantidproject/mantid/pull/30603,9.23,2,3,1,0.13,0,2.325324579963535,1.0986122886681096,1.3862943611198906,0.6931471805599453,0.12221763272424921,0.0
mantid,30608,https://github.com/mantidproject/mantid/pull/30608,1.02,1,0,1,,0,0.7030975114131134,0.6931471805599453,0.0,0.6931471805599453,,0.0
mantid,30613,https://github.com/mantidproject/mantid/pull/30613,51.85,3,59,14,49.74,1,3.9674577123162464,1.3862943611198906,4.0943445622221,2.70805020110221,3.9267145541711357,0.6931471805599453
mantid,30660,https://github.com/mantidproject/mantid/pull/30660,70.96,2,10,3,2.18,1,4.2761104090823325,1.0986122886681096,2.3978952727983707,1.3862943611198906,1.1568811967920856,0.6931471805599453
mantid,30669,https://github.com/mantidproject/mantid/pull/30669,22.06,3,8,1,2.59,2,3.138099514840913,1.3862943611198906,2.1972245773362196,0.6931471805599453,1.2781522025001875,1.0986122886681096
mantid,30674,https://github.com/mantidproject/mantid/pull/30674,4.79,1,1,2,,0,1.7561322915849038,0.6931471805599453,0.6931471805599453,1.0986122886681096,,0.0
mantid,30691,https://github.com/mantidproject/mantid/pull/30691,4.2,2,13,1,0.68,0,1.6486586255873816,1.0986122886681096,2.639057329615259,0.6931471805599453,0.5187937934151676,0.0
mantid,30733,https://github.com/mantidproject/mantid/pull/30733,2.96,1,2,1,,0,1.3762440252663892,0.6931471805599453,1.0986122886681096,0.6931471805599453,,0.0
mantid,30743,https://github.com/mantidproject/mantid/pull/30743,64.96,3,20,9,7.06,2,4.189048497691398,1.3862943611198906,3.044522437723423,2.302585092994046,2.086913556518537,1.0986122886681096
mantid,30745,https://github.com/mantidproject/mantid/pull/30745,7.11,2,11,1,4.77,0,2.093097868127322,1.0986122886681096,2.4849066497880004,0.6931471805599453,1.752672080520008,0.0
mantid,30800,https://github.com/mantidproject/mantid/pull/30800,7.71,3,35,6,4.9,1,2.1644717908644115,1.3862943611198906,3.58351893845611,1.9459101490553132,1.7749523509116738,0.6931471805599453
mantid,30809,https://github.com/mantidproject/mantid/pull/30809,7.24,1,13,15,4.85,2,2.1090003439213802,0.6931471805599453,2.639057329615259,2.772588722239781,1.766441661243765,1.0986122886681096
mantid,30812,https://github.com/mantidproject/mantid/pull/30812,5.99,2,24,21,0.18,0,1.9444805562457188,1.0986122886681096,3.2188758248682006,3.091042453358316,0.16551443847757338,0.0
mantid,30846,https://github.com/mantidproject/mantid/pull/30846,2.04,3,13,1,0.87,0,1.1118575154181303,1.3862943611198906,2.639057329615259,0.6931471805599453,0.6259384308664953,0.0
mantid,30856,https://github.com/mantidproject/mantid/pull/30856,2.92,1,16,4,1.98,1,1.366091653802371,0.6931471805599453,2.833213344056216,1.6094379124341003,1.091923300517313,0.6931471805599453
mantid,30864,https://github.com/mantidproject/mantid/pull/30864,6.75,1,3,1,,2,2.0476928433652555,0.6931471805599453,1.3862943611198906,0.6931471805599453,,1.0986122886681096
mantid,30879,https://github.com/mantidproject/mantid/pull/30879,143.98,2,22,7,4.09,0,4.976595801872731,1.0986122886681096,3.1354942159291497,2.0794415416798357,1.6272778305624314,0.0
mantid,30903,https://github.com/mantidproject/mantid/pull/30903,37.38,3,11,7,13.97,1,3.647536490579554,1.3862943611198906,2.4849066497880004,2.0794415416798357,2.706048198431537,0.6931471805599453
mantid,30915,https://github.com/mantidproject/mantid/pull/30915,7.6,1,5,18,0.05,1,2.151762203259462,0.6931471805599453,1.791759469228055,2.9444389791664403,0.04879016416943201,0.6931471805599453
mantid,30919,https://github.com/mantidproject/mantid/pull/30919,6.04,1,13,33,1.22,2,1.951608170169951,0.6931471805599453,2.639057329615259,3.5263605246161616,0.7975071958841881,1.0986122886681096
mantid,30938,https://github.com/mantidproject/mantid/pull/30938,5.91,2,11,8,3.86,1,1.9329696377795786,1.0986122886681096,2.4849066497880004,2.1972245773362196,1.5810384379124023,0.6931471805599453
mantid,30939,https://github.com/mantidproject/mantid/pull/30939,34.01,5,47,11,10.41,1,3.555633734966574,1.791759469228055,3.8712010109078907,2.4849066497880004,2.4344901638739844,0.6931471805599453
mantid,30953,https://github.com/mantidproject/mantid/pull/30953,6.35,2,6,1,0.32,0,1.9947003132247452,1.0986122886681096,1.9459101490553132,0.6931471805599453,0.2776317365982795,0.0
mantid,30959,https://github.com/mantidproject/mantid/pull/30959,83.02,2,49,85,19.87,1,4.431054865741236,1.0986122886681096,3.912023005428146,4.454347296253507,3.0383127210891097,0.6931471805599453
mantid,30966,https://github.com/mantidproject/mantid/pull/30966,103.21,2,21,11,53.69,0,4.646408094004336,1.0986122886681096,3.091042453358316,2.4849066497880004,4.001680877358681,0.0
mantid,30990,https://github.com/mantidproject/mantid/pull/30990,3.39,2,7,3,0.07,0,1.47932922708708,1.0986122886681096,2.0794415416798357,1.3862943611198906,0.06765864847381481,0.0
mantid,31016,https://github.com/mantidproject/mantid/pull/31016,6.79,2,11,10,4.03,1,2.052840859882657,1.0986122886681096,2.4849066497880004,2.3978952727983707,1.6154199841116479,0.6931471805599453
mantid,31018,https://github.com/mantidproject/mantid/pull/31018,23.05,2,9,4,14.07,0,3.1801349965517702,1.0986122886681096,2.302585092994046,1.6094379124341003,2.712706012638404,0.0
mantid,31022,https://github.com/mantidproject/mantid/pull/31022,5.14,2,2,1,0.13,1,1.814824742159051,1.0986122886681096,1.0986122886681096,0.6931471805599453,0.12221763272424921,0.6931471805599453
mantid,31084,https://github.com/mantidproject/mantid/pull/31084,0.83,2,8,1,0.43,0,0.6043159668533296,1.0986122886681096,2.1972245773362196,0.6931471805599453,0.3576744442718159,0.0
mantid,31087,https://github.com/mantidproject/mantid/pull/31087,14.95,3,20,1,1.81,1,2.7694588292308535,1.3862943611198906,3.044522437723423,0.6931471805599453,1.0331844833456545,0.6931471805599453
mantid,31092,https://github.com/mantidproject/mantid/pull/31092,4.76,2,4,4,0.03,0,1.7509374747077997,1.0986122886681096,1.6094379124341003,1.6094379124341003,0.0295588022415444,0.0
mantid,31095,https://github.com/mantidproject/mantid/pull/31095,17.0,3,40,2,9.09,2,2.8903717578961645,1.3862943611198906,3.713572066704308,1.0986122886681096,2.3115448343655176,1.0986122886681096
mantid,31096,https://github.com/mantidproject/mantid/pull/31096,11.08,1,4,26,0.72,0,2.4915511925066687,0.6931471805599453,1.6094379124341003,3.295836866004329,0.5423242908253616,0.0
mantid,31134,https://github.com/mantidproject/mantid/pull/31134,8.99,1,8,2,0.05,0,2.301584592660462,0.6931471805599453,2.1972245773362196,1.0986122886681096,0.04879016416943201,0.0
mantid,31160,https://github.com/mantidproject/mantid/pull/31160,7.15,3,19,6,2.99,1,2.0980179272527715,1.3862943611198906,2.995732273553991,1.9459101490553132,1.3837912309017721,0.6931471805599453
mantid,31163,https://github.com/mantidproject/mantid/pull/31163,3.03,3,27,2,1.85,1,1.3937663759585917,1.3862943611198906,3.332204510175204,1.0986122886681096,1.0473189942805592,0.6931471805599453
mantid,31164,https://github.com/mantidproject/mantid/pull/31164,2.7,1,2,2,,0,1.308332819650179,0.6931471805599453,1.0986122886681096,1.0986122886681096,,0.0
mantid,31167,https://github.com/mantidproject/mantid/pull/31167,73.04,1,3,4,0.14,0,4.304605487705297,0.6931471805599453,1.3862943611198906,1.6094379124341003,0.1310282624064041,0.0
mantid,31178,https://github.com/mantidproject/mantid/pull/31178,5.12,2,10,1,2.73,2,1.8115620965242347,1.0986122886681096,2.3978952727983707,0.6931471805599453,1.3164082336557241,1.0986122886681096
mantid,31184,https://github.com/mantidproject/mantid/pull/31184,2.07,1,3,1,,1,1.1216775615991057,0.6931471805599453,1.3862943611198906,0.6931471805599453,,0.6931471805599453
mantid,31213,https://github.com/mantidproject/mantid/pull/31213,0.38,3,4,1,0.0,1,0.32208349916911333,1.3862943611198906,1.6094379124341003,0.6931471805599453,0.0,0.6931471805599453
mantid,31287,https://github.com/mantidproject/mantid/pull/31287,5.9,1,4,1,0.0,1,1.9315214116032138,0.6931471805599453,1.6094379124341003,0.6931471805599453,0.0,0.6931471805599453
mantid,31288,https://github.com/mantidproject/mantid/pull/31288,6.03,2,7,2,0.68,1,1.9501867058225737,1.0986122886681096,2.0794415416798357,1.0986122886681096,0.5187937934151676,0.6931471805599453
mantid,31291,https://github.com/mantidproject/mantid/pull/31291,5.91,4,9,2,1.52,1,1.9329696377795786,1.6094379124341003,2.302585092994046,1.0986122886681096,0.924258901523332,0.6931471805599453
mantid,31343,https://github.com/mantidproject/mantid/pull/31343,9.69,2,8,2,1.74,1,2.3693087250369538,1.0986122886681096,2.1972245773362196,1.0986122886681096,1.007957920399979,0.6931471805599453
mantid,31368,https://github.com/mantidproject/mantid/pull/31368,7.9,3,15,1,0.67,0,2.186051276738094,1.3862943611198906,2.772588722239781,0.6931471805599453,0.5128236264286637,0.0
mantid,31370,https://github.com/mantidproject/mantid/pull/31370,1.35,2,2,1,,0,0.8544153281560676,1.0986122886681096,1.0986122886681096,0.6931471805599453,,0.0
mantid,31395,https://github.com/mantidproject/mantid/pull/31395,5.59,2,16,10,0.75,0,1.8855533485144158,1.0986122886681096,2.833213344056216,2.3978952727983707,0.5596157879354227,0.0
mantid,31396,https://github.com/mantidproject/mantid/pull/31396,2.03,3,17,4,2.68,2,1.1085626195212777,1.3862943611198906,2.8903717578961645,1.6094379124341003,1.3029127521808397,1.0986122886681096
mantid,31425,https://github.com/mantidproject/mantid/pull/31425,82.91,3,35,4,5.75,1,4.4297447958819784,1.3862943611198906,3.58351893845611,1.6094379124341003,1.9095425048844383,0.6931471805599453
mantid,31453,https://github.com/mantidproject/mantid/pull/31453,116.86,3,29,5,5.82,1,4.769497479409767,1.3862943611198906,3.4011973816621555,1.791759469228055,1.9198594718553708,0.6931471805599453
mantid,31473,https://github.com/mantidproject/mantid/pull/31473,10.69,3,16,9,5.79,1,2.458733775483977,1.3862943611198906,2.833213344056216,2.302585092994046,1.9154509415706047,0.6931471805599453
mantid,31488,https://github.com/mantidproject/mantid/pull/31488,1.81,2,7,1,0.03,0,1.0331844833456545,1.0986122886681096,2.0794415416798357,0.6931471805599453,0.0295588022415444,0.0
mantid,31507,https://github.com/mantidproject/mantid/pull/31507,0.94,2,13,5,0.11,0,0.6626879730752367,1.0986122886681096,2.639057329615259,1.791759469228055,0.10436001532424277,0.0
mantid,31516,https://github.com/mantidproject/mantid/pull/31516,1.73,2,6,1,0.06,0,1.0043016091968684,1.0986122886681096,1.9459101490553132,0.6931471805599453,0.058268908123975775,0.0
mantid,31558,https://github.com/mantidproject/mantid/pull/31558,22.99,2,11,4,4.84,0,3.177637076851603,1.0986122886681096,2.4849066497880004,1.6094379124341003,1.7647307968401358,0.0
mantid,31588,https://github.com/mantidproject/mantid/pull/31588,57.04,3,19,5,22.09,1,4.061132428015987,1.3862943611198906,2.995732273553991,1.791759469228055,3.139399623366404,0.6931471805599453
mantid,31597,https://github.com/mantidproject/mantid/pull/31597,266.95,2,21,19,10.09,0,5.590800395940859,1.0986122886681096,3.091042453358316,2.995732273553991,2.4060438013622756,0.0
mantid,31601,https://github.com/mantidproject/mantid/pull/31601,18.95,4,37,14,5.29,2,2.9932291433358724,1.6094379124341003,3.6375861597263857,2.70805020110221,1.8389610707123492,1.0986122886681096
mantid,31608,https://github.com/mantidproject/mantid/pull/31608,11.14,3,13,25,6.02,0,2.4965057856313524,1.3862943611198906,2.639057329615259,3.258096538021482,1.9487632180377197,0.0
mantid,31719,https://github.com/mantidproject/mantid/pull/31719,45.71,3,28,24,19.93,1,3.8439582745140166,1.3862943611198906,3.367295829986474,3.2188758248682006,3.0411835364579085,0.6931471805599453
mantid,31741,https://github.com/mantidproject/mantid/pull/31741,7.06,2,13,1,3.04,0,2.086913556518537,1.0986122886681096,2.639057329615259,0.6931471805599453,1.3962446919730587,0.0
mantid,31768,https://github.com/mantidproject/mantid/pull/31768,39.9,2,22,5,8.94,0,3.7111300630487563,1.0986122886681096,3.1354942159291497,1.791759469228055,2.2965670206684825,0.0
mantid,31773,https://github.com/mantidproject/mantid/pull/31773,11.98,2,41,10,7.01,0,2.563409711275944,1.0986122886681096,3.7376696182833684,2.3978952727983707,2.080690761080268,0.0
mantid,31778,https://github.com/mantidproject/mantid/pull/31778,24.96,2,7,15,1.05,2,3.2565568918358894,1.0986122886681096,2.0794415416798357,2.772588722239781,0.7178397931503169,1.0986122886681096
mantid,31787,https://github.com/mantidproject/mantid/pull/31787,9.77,1,1,2,,1,2.3767644911682972,0.6931471805599453,0.6931471805599453,1.0986122886681096,,0.6931471805599453
mantid,31794,https://github.com/mantidproject/mantid/pull/31794,8.66,2,5,16,5.98,3,2.2679936482244267,1.0986122886681096,1.791759469228055,2.833213344056216,1.943048916774281,1.3862943611198906
mantid,31830,https://github.com/mantidproject/mantid/pull/31830,11.11,2,6,3,0.85,1,2.494031557565001,1.0986122886681096,1.9459101490553132,1.3862943611198906,0.6151856390902335,0.6931471805599453
mantid,31834,https://github.com/mantidproject/mantid/pull/31834,24.04,3,23,2,21.21,2,3.2204745462318978,1.3862943611198906,3.1780538303479458,1.0986122886681096,3.100542637906336,1.0986122886681096
mantid,31885,https://github.com/mantidproject/mantid/pull/31885,33.04,3,16,5,16.14,0,3.5275363037051735,1.3862943611198906,2.833213344056216,1.791759469228055,2.8414149131696336,0.0
mantid,31888,https://github.com/mantidproject/mantid/pull/31888,32.88,4,12,6,15.11,1,3.522824869783854,1.6094379124341003,2.5649493574615367,1.9459101490553132,2.779440197188883,0.6931471805599453
mantid,31900,https://github.com/mantidproject/mantid/pull/31900,8.78,1,8,1,0.87,0,2.280339484046726,0.6931471805599453,2.1972245773362196,0.6931471805599453,0.6259384308664953,0.0
mantid,31927,https://github.com/mantidproject/mantid/pull/31927,7.93,2,15,22,5.12,0,2.189416394888408,1.0986122886681096,2.772588722239781,3.1354942159291497,1.8115620965242347,0.0
mantid,31945,https://github.com/mantidproject/mantid/pull/31945,0.96,1,15,5,0.94,1,0.6729444732424258,0.6931471805599453,2.772588722239781,1.791759469228055,0.6626879730752367,0.6931471805599453
mantid,31956,https://github.com/mantidproject/mantid/pull/31956,12.03,2,21,18,11.74,0,2.567254391136754,1.0986122886681096,3.091042453358316,2.9444389791664403,2.5447466501440172,0.0
mantid,31960,https://github.com/mantidproject/mantid/pull/31960,5.92,2,6,3,1.01,1,1.9344157696295783,1.0986122886681096,1.9459101490553132,1.3862943611198906,0.6981347220709844,0.6931471805599453
mantid,31963,https://github.com/mantidproject/mantid/pull/31963,29.76,2,73,14,23.9,0,3.4262151446374434,1.0986122886681096,4.304065093204169,2.70805020110221,3.214867803470662,0.0
mantid,31974,https://github.com/mantidproject/mantid/pull/31974,23.98,3,7,1,1.09,0,3.2180755046974316,1.3862943611198906,2.0794415416798357,0.6931471805599453,0.7371640659767197,0.0
mantid,31989,https://github.com/mantidproject/mantid/pull/31989,1.84,1,4,1,0.15,1,1.0438040521731147,0.6931471805599453,1.6094379124341003,0.6931471805599453,0.13976194237515868,0.6931471805599453
mantid,31992,https://github.com/mantidproject/mantid/pull/31992,27.07,2,18,3,11.16,2,3.334701390373791,1.0986122886681096,2.9444389791664403,1.3862943611198906,2.498151876538021,1.0986122886681096
mantid,31998,https://github.com/mantidproject/mantid/pull/31998,17.35,1,6,1,0.01,1,2.9096295745005794,0.6931471805599453,1.9459101490553132,0.6931471805599453,0.009950330853168083,0.6931471805599453
mantid,31999,https://github.com/mantidproject/mantid/pull/31999,4.07,1,4,3,3.93,0,1.623340817603092,0.6931471805599453,1.6094379124341003,1.3862943611198906,1.5953389880545987,0.0
mantid,32007,https://github.com/mantidproject/mantid/pull/32007,2.06,2,12,7,0.93,2,1.1184149159642893,1.0986122886681096,2.5649493574615367,2.0794415416798357,0.6575200029167942,1.0986122886681096
mantid,32020,https://github.com/mantidproject/mantid/pull/32020,2.13,3,15,2,1.14,0,1.1410330045520618,1.3862943611198906,2.772588722239781,1.0986122886681096,0.76080582903376,0.0
mantid,32024,https://github.com/mantidproject/mantid/pull/32024,4.96,3,13,4,3.98,1,1.7850704810772584,1.3862943611198906,2.639057329615259,1.6094379124341003,1.6054298910365616,0.6931471805599453
mantid,32030,https://github.com/mantidproject/mantid/pull/32030,19.79,2,42,6,18.21,3,3.0344721018699214,1.0986122886681096,3.7612001156935624,1.9459101490553132,2.955430976780465,1.3862943611198906
mantid,32038,https://github.com/mantidproject/mantid/pull/32038,19.73,2,18,11,15.07,1,3.0315819264476884,1.0986122886681096,2.9444389791664403,2.4849066497880004,2.776954179749421,0.6931471805599453
mantid,32047,https://github.com/mantidproject/mantid/pull/32047,8.68,3,9,1,0.94,0,2.2700619012884857,1.3862943611198906,2.302585092994046,0.6931471805599453,0.6626879730752367,0.0
mantid,32061,https://github.com/mantidproject/mantid/pull/32061,11.79,2,7,4,0.84,0,2.548663615590751,1.0986122886681096,2.0794415416798357,1.6094379124341003,0.6097655716208943,0.0
mantid,32062,https://github.com/mantidproject/mantid/pull/32062,18.86,2,23,39,13.01,0,2.9887076586170265,1.0986122886681096,3.1780538303479458,3.6888794541139363,2.6397713603489157,0.0
mantid,32075,https://github.com/mantidproject/mantid/pull/32075,3.99,3,4,1,0.82,1,1.6074359097634274,1.3862943611198906,1.6094379124341003,0.6931471805599453,0.598836501088704,0.6931471805599453
mantid,32077,https://github.com/mantidproject/mantid/pull/32077,25.02,1,4,3,0.03,0,3.2588654730843594,0.6931471805599453,1.6094379124341003,1.3862943611198906,0.0295588022415444,0.0
mantid,32081,https://github.com/mantidproject/mantid/pull/32081,24.7,2,3,1,0.2,0,3.246490991901174,1.0986122886681096,1.3862943611198906,0.6931471805599453,0.18232155679395462,0.0
mantid,32141,https://github.com/mantidproject/mantid/pull/32141,2.13,2,2,1,0.07,0,1.1410330045520618,1.0986122886681096,1.0986122886681096,0.6931471805599453,0.06765864847381481,0.0
mantid,32168,https://github.com/mantidproject/mantid/pull/32168,32.72,2,8,14,11.98,0,3.518091133133655,1.0986122886681096,2.1972245773362196,2.70805020110221,2.563409711275944,0.0
mantid,32173,https://github.com/mantidproject/mantid/pull/32173,1.36,2,15,1,0.69,0,0.8586616190375187,1.0986122886681096,2.772588722239781,0.6931471805599453,0.5247285289349821,0.0
mantid,32191,https://github.com/mantidproject/mantid/pull/32191,8.19,1,12,4,7.03,2,2.2181159363675955,0.6931471805599453,2.5649493574615367,1.6094379124341003,2.0831845279586703,1.0986122886681096
mantid,32202,https://github.com/mantidproject/mantid/pull/32202,7.85,3,6,2,7.08,0,2.180417459019838,1.3862943611198906,1.9459101490553132,1.0986122886681096,2.089391872533004,0.0
mantid,32227,https://github.com/mantidproject/mantid/pull/32227,3.06,1,4,1,0.93,1,1.4011829736136412,0.6931471805599453,1.6094379124341003,0.6931471805599453,0.6575200029167942,0.6931471805599453
mantid,32250,https://github.com/mantidproject/mantid/pull/32250,0.93,1,7,1,0.06,1,0.6575200029167942,0.6931471805599453,2.0794415416798357,0.6931471805599453,0.058268908123975775,0.6931471805599453
mantid,32283,https://github.com/mantidproject/mantid/pull/32283,0.18,1,0,1,,0,0.16551443847757338,0.6931471805599453,0.0,0.6931471805599453,,0.0
mantid,32287,https://github.com/mantidproject/mantid/pull/32287,178.91,2,50,18,147.0,4,5.192456725848528,1.0986122886681096,3.9318256327243257,2.9444389791664403,4.997212273764115,1.6094379124341003
mantid,32466,https://github.com/mantidproject/mantid/pull/32466,11.2,2,4,2,3.19,0,2.501435951739211,1.0986122886681096,1.6094379124341003,1.0986122886681096,1.4327007339340463,0.0
mantid,32515,https://github.com/mantidproject/mantid/pull/32515,0.96,2,6,1,0.81,0,0.6729444732424258,1.0986122886681096,1.9459101490553132,0.6931471805599453,0.5933268452777344,0.0
mantid,32523,https://github.com/mantidproject/mantid/pull/32523,19.8,3,12,19,15.68,0,3.0349529867072724,1.3862943611198906,2.5649493574615367,2.995732273553991,2.8142103969306005,0.0
mantid,32565,https://github.com/mantidproject/mantid/pull/32565,28.72,1,2,1,,1,3.391820219849558,0.6931471805599453,1.0986122886681096,0.6931471805599453,,0.6931471805599453
mantid,32571,https://github.com/mantidproject/mantid/pull/32571,0.95,1,4,2,0.19,0,0.6678293725756554,0.6931471805599453,1.6094379124341003,1.0986122886681096,0.173953307123438,0.0
mantid,32639,https://github.com/mantidproject/mantid/pull/32639,16.98,1,4,4,1.04,1,2.8892600290434745,0.6931471805599453,1.6094379124341003,1.6094379124341003,0.712949807856125,0.6931471805599453
mantid,32641,https://github.com/mantidproject/mantid/pull/32641,1.93,2,38,3,0.21,1,1.0750024230289759,1.0986122886681096,3.6635616461296463,1.3862943611198906,0.1906203596086497,0.6931471805599453
mantid,32681,https://github.com/mantidproject/mantid/pull/32681,17.86,2,18,10,14.21,0,2.937043277205311,1.0986122886681096,2.9444389791664403,2.3978952727983707,2.7219531062712017,0.0
mantid,32714,https://github.com/mantidproject/mantid/pull/32714,5.68,2,7,1,0.76,0,1.8991179875485544,1.0986122886681096,2.0794415416798357,0.6931471805599453,0.5653138090500605,0.0
mantid,32740,https://github.com/mantidproject/mantid/pull/32740,5.8,1,3,2,,0,1.916922612182061,0.6931471805599453,1.3862943611198906,1.0986122886681096,,0.0
mantid,32750,https://github.com/mantidproject/mantid/pull/32750,0.17,1,2,3,,0,0.15700374880966475,0.6931471805599453,1.0986122886681096,1.3862943611198906,,0.0
mantid,32762,https://github.com/mantidproject/mantid/pull/32762,28.72,2,11,5,26.93,0,3.391820219849558,1.0986122886681096,2.4849066497880004,1.791759469228055,3.3297013799570854,0.0
mantid,32774,https://github.com/mantidproject/mantid/pull/32774,18.78,1,11,8,12.91,0,2.984671326194566,0.6931471805599453,2.4849066497880004,2.1972245773362196,2.6326080059353516,0.0
mantid,32787,https://github.com/mantidproject/mantid/pull/32787,12.85,2,13,21,8.12,2,2.6282852326333477,1.0986122886681096,2.639057329615259,3.091042453358316,2.21046980408624,1.0986122886681096
mantid,32816,https://github.com/mantidproject/mantid/pull/32816,16.08,3,17,4,2.8,0,2.837908188360424,1.3862943611198906,2.8903717578961645,1.6094379124341003,1.33500106673234,0.0
mantid,32824,https://github.com/mantidproject/mantid/pull/32824,25.99,2,8,7,5.0,1,3.295466427029913,1.0986122886681096,2.1972245773362196,2.0794415416798357,1.791759469228055,0.6931471805599453
mantid,32828,https://github.com/mantidproject/mantid/pull/32828,1.09,1,3,1,0.0,1,0.7371640659767197,0.6931471805599453,1.3862943611198906,0.6931471805599453,0.0,0.6931471805599453
mantid,32840,https://github.com/mantidproject/mantid/pull/32840,20.81,1,8,8,7.08,0,3.0823685802135374,0.6931471805599453,2.1972245773362196,2.1972245773362196,2.089391872533004,0.0
mantid,32859,https://github.com/mantidproject/mantid/pull/32859,1.18,1,6,3,0.99,1,0.7793248768009976,0.6931471805599453,1.9459101490553132,1.3862943611198906,0.688134638736401,0.6931471805599453
mantid,32879,https://github.com/mantidproject/mantid/pull/32879,9.1,4,15,14,7.18,0,2.312535423847214,1.6094379124341003,2.772588722239781,2.70805020110221,2.1016921506146558,0.0
mantid,32883,https://github.com/mantidproject/mantid/pull/32883,83.03,2,11,5,56.0,0,4.431173877940127,1.0986122886681096,2.4849066497880004,1.791759469228055,4.04305126783455,0.0
mantid,32899,https://github.com/mantidproject/mantid/pull/32899,13.99,2,19,10,7.14,0,2.7073833121145063,1.0986122886681096,2.995732273553991,2.3978952727983707,2.096790180014449,0.0
mantid,32904,https://github.com/mantidproject/mantid/pull/32904,20.14,1,3,1,,1,3.051166980442092,0.6931471805599453,1.3862943611198906,0.6931471805599453,,0.6931471805599453
mantid,32922,https://github.com/mantidproject/mantid/pull/32922,20.82,3,20,1,4.9,1,3.0828269804049246,1.3862943611198906,3.044522437723423,0.6931471805599453,1.7749523509116738,0.6931471805599453
mantid,32924,https://github.com/mantidproject/mantid/pull/32924,1.43,1,1,3,,0,0.8878912573524571,0.6931471805599453,0.6931471805599453,1.3862943611198906,,0.0
mantid,32939,https://github.com/mantidproject/mantid/pull/32939,1.08,3,7,2,0.69,0,0.7323678937132266,1.3862943611198906,2.0794415416798357,1.0986122886681096,0.5247285289349821,0.0
mantid,32947,https://github.com/mantidproject/mantid/pull/32947,12.92,2,14,3,6.69,3,2.6333266549062735,1.0986122886681096,2.70805020110221,1.3862943611198906,2.0399207835175526,1.3862943611198906
mantid,32957,https://github.com/mantidproject/mantid/pull/32957,4.81,1,4,2,2.86,0,1.75958057086382,0.6931471805599453,1.6094379124341003,1.0986122886681096,1.3506671834767394,0.0
mantid,33002,https://github.com/mantidproject/mantid/pull/33002,0.98,2,5,1,0.7,0,0.6830968447064438,1.0986122886681096,1.791759469228055,0.6931471805599453,0.5306282510621704,0.0
mantid,33025,https://github.com/mantidproject/mantid/pull/33025,17.0,2,5,3,1.17,0,2.8903717578961645,1.0986122886681096,1.791759469228055,1.3862943611198906,0.7747271675523681,0.0
mantid,33068,https://github.com/mantidproject/mantid/pull/33068,10.12,1,2,2,,0,2.4087452888224363,0.6931471805599453,1.0986122886681096,1.0986122886681096,,0.0
mantid,33085,https://github.com/mantidproject/mantid/pull/33085,13.78,2,11,12,5.73,0,2.6932749155200555,1.0986122886681096,2.4849066497880004,2.5649493574615367,1.9065751436566365,0.0
mantid,33108,https://github.com/mantidproject/mantid/pull/33108,9.25,4,31,8,8.11,1,2.327277705584417,1.6094379124341003,3.4657359027997265,2.1972245773362196,2.209372711271867,0.6931471805599453
mantid,33130,https://github.com/mantidproject/mantid/pull/33130,2.25,3,6,1,0.59,1,1.1786549963416462,1.3862943611198906,1.9459101490553132,0.6931471805599453,0.46373401623214017,0.6931471805599453
mantid,33147,https://github.com/mantidproject/mantid/pull/33147,25.99,2,4,2,,2,3.295466427029913,1.0986122886681096,1.6094379124341003,1.0986122886681096,,1.0986122886681096
mantid,33159,https://github.com/mantidproject/mantid/pull/33159,14.07,2,11,3,12.92,0,2.712706012638404,1.0986122886681096,2.4849066497880004,1.3862943611198906,2.6333266549062735,0.0
mantid,33162,https://github.com/mantidproject/mantid/pull/33162,47.89,3,37,16,34.23,3,3.889572876590554,1.3862943611198906,3.6375861597263857,2.833213344056216,3.561897992353146,1.3862943611198906
mantid,33240,https://github.com/mantidproject/mantid/pull/33240,37.73,2,7,2,10.67,0,3.6566144935266607,1.0986122886681096,2.0794415416798357,1.0986122886681096,2.4570214462984645,0.0
mantid,33535,https://github.com/mantidproject/mantid/pull/33535,1.71,1,2,6,,0,0.9969486348916095,0.6931471805599453,1.0986122886681096,1.9459101490553132,,0.0
mantid,33538,https://github.com/mantidproject/mantid/pull/33538,140.92,2,41,23,70.9,9,4.955263518561269,1.0986122886681096,3.7376696182833684,3.1780538303479458,4.275276264727001,2.302585092994046
mantid,33565,https://github.com/mantidproject/mantid/pull/33565,5.28,2,5,1,2.73,0,1.8373699804801074,1.0986122886681096,1.791759469228055,0.6931471805599453,1.3164082336557241,0.0
mantid,33573,https://github.com/mantidproject/mantid/pull/33573,13.15,2,16,7,6.84,2,2.649714624089247,1.0986122886681096,2.833213344056216,2.0794415416798357,2.0592388343623163,1.0986122886681096
mantid,33575,https://github.com/mantidproject/mantid/pull/33575,32.76,3,15,5,28.97,1,3.5192766697277564,1.3862943611198906,2.772588722239781,1.791759469228055,3.4001968813285717,0.6931471805599453
mantid,33594,https://github.com/mantidproject/mantid/pull/33594,6.94,1,4,3,0.02,1,2.0719132752590443,0.6931471805599453,1.6094379124341003,1.3862943611198906,0.019802627296179712,0.6931471805599453
mantid,33595,https://github.com/mantidproject/mantid/pull/33595,41.79,2,40,8,24.83,0,3.7563044304287256,1.0986122886681096,3.713572066704308,2.1972245773362196,3.251536607107749,0.0
mantid,33601,https://github.com/mantidproject/mantid/pull/33601,2.0,1,3,1,,1,1.0986122886681096,0.6931471805599453,1.3862943611198906,0.6931471805599453,,0.6931471805599453
mantid,33618,https://github.com/mantidproject/mantid/pull/33618,10.22,1,2,1,,1,2.4176979000945504,0.6931471805599453,1.0986122886681096,0.6931471805599453,,0.6931471805599453
mantid,33633,https://github.com/mantidproject/mantid/pull/33633,0.15,3,5,1,0.02,0,0.13976194237515868,1.3862943611198906,1.791759469228055,0.6931471805599453,0.019802627296179712,0.0
mantid,33651,https://github.com/mantidproject/mantid/pull/33651,3.77,2,6,1,4.26,1,1.5623463049002497,1.0986122886681096,1.9459101490553132,0.6931471805599453,1.6601310267496183,0.6931471805599453
mantid,33660,https://github.com/mantidproject/mantid/pull/33660,19.84,3,21,7,26.8,0,3.0368742168851663,1.3862943611198906,3.091042453358316,2.0794415416798357,3.3250360206965914,0.0
mantid,33712,https://github.com/mantidproject/mantid/pull/33712,12.09,3,16,2,3.91,2,2.5718485799218085,1.3862943611198906,2.833213344056216,1.0986122886681096,1.5912739418064292,1.0986122886681096
mantid,33762,https://github.com/mantidproject/mantid/pull/33762,13.16,3,11,1,4.13,1,2.6504210882655737,1.3862943611198906,2.4849066497880004,0.6931471805599453,1.635105659182678,0.6931471805599453
mantid,33789,https://github.com/mantidproject/mantid/pull/33789,9.92,1,9,2,1.96,0,2.3905959703167587,0.6931471805599453,2.302585092994046,1.0986122886681096,1.085189268335969,0.0
mantid,33820,https://github.com/mantidproject/mantid/pull/33820,126.97,2,79,28,126.04,5,4.851795861449505,1.0986122886681096,4.382026634673881,3.367295829986474,4.844501997498826,1.791759469228055
mantid,33928,https://github.com/mantidproject/mantid/pull/33928,3.97,3,7,2,2.05,2,1.6034198401085373,1.3862943611198906,2.0794415416798357,1.0986122886681096,1.11514159061932,1.0986122886681096
mantid,34149,https://github.com/mantidproject/mantid/pull/34149,166.72,3,21,8,7.97,1,5.122295922302562,1.3862943611198906,3.091042453358316,2.1972245773362196,2.1938856760707046,0.6931471805599453
mantid,34164,https://github.com/mantidproject/mantid/pull/34164,7.84,2,22,9,5.1,1,2.179286876649552,1.0986122886681096,3.1354942159291497,2.302585092994046,1.8082887711792655,0.6931471805599453
mantid,34182,https://github.com/mantidproject/mantid/pull/34182,68.76,2,46,13,18.19,3,4.245060779600724,1.0986122886681096,3.8501476017100584,2.639057329615259,2.9543893100196086,1.3862943611198906
mantid,34211,https://github.com/mantidproject/mantid/pull/34211,12.06,1,17,4,4.71,3,2.569554123848285,0.6931471805599453,2.8903717578961645,1.6094379124341003,1.7422190236679187,1.3862943611198906
mantid,34228,https://github.com/mantidproject/mantid/pull/34228,4.0,2,5,3,0.64,0,1.6094379124341003,1.0986122886681096,1.791759469228055,1.3862943611198906,0.49469624183610705,0.0
mantid,34229,https://github.com/mantidproject/mantid/pull/34229,5.0,1,6,1,0.94,1,1.791759469228055,0.6931471805599453,1.9459101490553132,0.6931471805599453,0.6626879730752367,0.6931471805599453
mantid,34233,https://github.com/mantidproject/mantid/pull/34233,1.11,1,7,3,0.18,1,0.7466879474879752,0.6931471805599453,2.0794415416798357,1.3862943611198906,0.16551443847757338,0.6931471805599453
mantid,34264,https://github.com/mantidproject/mantid/pull/34264,5.19,1,5,1,0.01,1,1.8229350866965048,0.6931471805599453,1.791759469228055,0.6931471805599453,0.009950330853168083,0.6931471805599453
mantid,34271,https://github.com/mantidproject/mantid/pull/34271,17.63,2,9,5,16.98,1,2.924773184613497,1.0986122886681096,2.302585092994046,1.791759469228055,2.8892600290434745,0.6931471805599453
mantid,34288,https://github.com/mantidproject/mantid/pull/34288,1.2,1,2,1,,0,0.7884573603642702,0.6931471805599453,1.0986122886681096,0.6931471805599453,,0.0
mantid,34320,https://github.com/mantidproject/mantid/pull/34320,4.79,1,3,14,,1,1.7561322915849038,0.6931471805599453,1.3862943611198906,2.70805020110221,,0.6931471805599453
mantid,34506,https://github.com/mantidproject/mantid/pull/34506,17.72,2,17,5,2.03,0,2.929592471049446,1.0986122886681096,2.8903717578961645,1.791759469228055,1.1085626195212777,0.0
mantid,34578,https://github.com/mantidproject/mantid/pull/34578,8.04,2,3,1,,0,2.201659174404085,1.0986122886681096,1.3862943611198906,0.6931471805599453,,0.0
mantid,34613,https://github.com/mantidproject/mantid/pull/34613,10.81,2,4,10,0.13,1,2.468946630209271,1.0986122886681096,1.6094379124341003,2.3978952727983707,0.12221763272424921,0.6931471805599453
mantid,34622,https://github.com/mantidproject/mantid/pull/34622,12.7,1,12,6,11.79,3,2.617395832834079,0.6931471805599453,2.5649493574615367,1.9459101490553132,2.548663615590751,1.3862943611198906
mantid,34634,https://github.com/mantidproject/mantid/pull/34634,4.12,2,5,1,0.05,1,1.6331544390514163,1.0986122886681096,1.791759469228055,0.6931471805599453,0.04879016416943201,0.6931471805599453
mantid,34643,https://github.com/mantidproject/mantid/pull/34643,7.08,2,4,1,0.01,0,2.089391872533004,1.0986122886681096,1.6094379124341003,0.6931471805599453,0.009950330853168083,0.0
mantid,34645,https://github.com/mantidproject/mantid/pull/34645,7.95,1,4,2,3.81,1,2.191653532286764,0.6931471805599453,1.6094379124341003,1.0986122886681096,1.5706970841176697,0.6931471805599453
mantid,34646,https://github.com/mantidproject/mantid/pull/34646,10.13,1,5,3,8.17,0,2.4096441652874536,0.6931471805599453,1.791759469228055,1.3862943611198906,2.2159372862683733,0.0
mantid,34681,https://github.com/mantidproject/mantid/pull/34681,21.76,2,7,2,13.92,0,3.1250046092581303,1.0986122886681096,2.0794415416798357,1.0986122886681096,2.702702594775615,0.0
mantid,34690,https://github.com/mantidproject/mantid/pull/34690,8.77,1,4,1,0.82,1,2.2793164660546914,0.6931471805599453,1.6094379124341003,0.6931471805599453,0.598836501088704,0.6931471805599453
mantid,34706,https://github.com/mantidproject/mantid/pull/34706,7.77,1,3,1,,1,2.1713368063840917,0.6931471805599453,1.3862943611198906,0.6931471805599453,,0.6931471805599453
mantid,34717,https://github.com/mantidproject/mantid/pull/34717,18.98,2,7,11,5.91,1,2.9947317732204075,1.0986122886681096,2.0794415416798357,2.4849066497880004,1.9329696377795786,0.6931471805599453
mantid,34772,https://github.com/mantidproject/mantid/pull/34772,6.97,3,13,1,4.97,0,2.075684492802124,1.3862943611198906,2.639057329615259,0.6931471805599453,1.7867469274045107,0.0
mantid,34775,https://github.com/mantidproject/mantid/pull/34775,49.07,2,14,20,34.86,1,3.9134220263418533,1.0986122886681096,2.70805020110221,3.044522437723423,3.5796224681769866,0.6931471805599453
mantid,34792,https://github.com/mantidproject/mantid/pull/34792,43.98,2,23,3,43.92,1,3.8062179465311696,1.0986122886681096,3.1780538303479458,1.3862943611198906,3.8048831298702424,0.6931471805599453
mantid,34809,https://github.com/mantidproject/mantid/pull/34809,3.3,2,5,11,3.02,0,1.4586150226995167,1.0986122886681096,1.791759469228055,2.4849066497880004,1.3912819026309298,0.0
mantid,34826,https://github.com/mantidproject/mantid/pull/34826,51.06,2,9,1,50.92,0,3.9523968995664194,1.0986122886681096,2.302585092994046,0.6931471805599453,3.9497040723958348,0.0
mantid,34832,https://github.com/mantidproject/mantid/pull/34832,33.23,4,14,9,24.78,0,3.533102452542094,1.6094379124341003,2.70805020110221,2.302585092994046,3.2495989975110415,0.0
mantid,34834,https://github.com/mantidproject/mantid/pull/34834,103.93,1,4,7,60.0,2,4.653293461169819,0.6931471805599453,1.6094379124341003,2.0794415416798357,4.110873864173311,1.0986122886681096
mantid,34852,https://github.com/mantidproject/mantid/pull/34852,20.06,2,5,15,13.9,0,3.0473755067058295,1.0986122886681096,1.791759469228055,2.772588722239781,2.7013612129514133,0.0
mantid,34862,https://github.com/mantidproject/mantid/pull/34862,4.27,2,9,3,1.07,0,1.6620303625532709,1.0986122886681096,2.302585092994046,1.3862943611198906,0.7275486072772778,0.0
mantid,34887,https://github.com/mantidproject/mantid/pull/34887,20.92,1,5,1,0.0,1,3.087399462079815,0.6931471805599453,1.791759469228055,0.6931471805599453,0.0,0.6931471805599453
mantid,34895,https://github.com/mantidproject/mantid/pull/34895,9.53,2,6,11,0.94,0,2.354228326145884,1.0986122886681096,1.9459101490553132,2.4849066497880004,0.6626879730752367,0.0
mantid,34926,https://github.com/mantidproject/mantid/pull/34926,19.95,1,3,1,8.77,0,3.0421386463681466,0.6931471805599453,1.3862943611198906,0.6931471805599453,2.2793164660546914,0.0
mantid,35178,https://github.com/mantidproject/mantid/pull/35178,3.32,3,8,2,0.18,2,1.463255402256019,1.3862943611198906,2.1972245773362196,1.0986122886681096,0.16551443847757338,1.0986122886681096
mantid,35286,https://github.com/mantidproject/mantid/pull/35286,40.12,1,2,4,,0,3.7164946211469094,0.6931471805599453,1.0986122886681096,1.6094379124341003,,0.0
mantid,35320,https://github.com/mantidproject/mantid/pull/35320,10.91,2,6,11,4.92,0,2.477378383367209,1.0986122886681096,1.9459101490553132,2.4849066497880004,1.7783364488959144,0.0
mantid,35324,https://github.com/mantidproject/mantid/pull/35324,6.88,3,17,20,4.79,2,2.064327903869788,1.3862943611198906,2.8903717578961645,3.044522437723423,1.7561322915849038,1.0986122886681096
mantid,35334,https://github.com/mantidproject/mantid/pull/35334,48.75,1,6,2,9.79,1,3.907010463604602,0.6931471805599453,1.9459101490553132,1.0986122886681096,2.378619779270043,0.6931471805599453
mantid,35339,https://github.com/mantidproject/mantid/pull/35339,1.25,2,6,1,0.08,1,0.8109302162163288,1.0986122886681096,1.9459101490553132,0.6931471805599453,0.07696104113612832,0.6931471805599453
mantid,35343,https://github.com/mantidproject/mantid/pull/35343,1.6,2,3,1,,0,0.9555114450274365,1.0986122886681096,1.3862943611198906,0.6931471805599453,,0.0
mantid,35344,https://github.com/mantidproject/mantid/pull/35344,63.92,2,13,11,58.84,0,4.17315574264639,1.0986122886681096,2.639057329615259,2.4849066497880004,4.091674333666222,0.0
mantid,35376,https://github.com/mantidproject/mantid/pull/35376,16.9,1,3,1,,0,2.884800712846709,0.6931471805599453,1.3862943611198906,0.6931471805599453,,0.0
mantid,35389,https://github.com/mantidproject/mantid/pull/35389,170.11,1,20,8,6.94,1,5.142306624543879,0.6931471805599453,3.044522437723423,2.1972245773362196,2.0719132752590443,0.6931471805599453
mantid,35397,https://github.com/mantidproject/mantid/pull/35397,10.94,1,3,1,,0,2.479894107964456,0.6931471805599453,1.3862943611198906,0.6931471805599453,,0.0
mantid,35412,https://github.com/mantidproject/mantid/pull/35412,6.02,1,2,3,,0,1.9487632180377197,0.6931471805599453,1.0986122886681096,1.3862943611198906,,0.0
mantid,35413,https://github.com/mantidproject/mantid/pull/35413,9.2,1,14,3,6.95,3,2.322387720290225,0.6931471805599453,2.70805020110221,1.3862943611198906,2.0731719286662407,1.3862943611198906
mantid,35491,https://github.com/mantidproject/mantid/pull/35491,2.81,2,3,3,0.02,0,1.3376291891386096,1.0986122886681096,1.3862943611198906,1.3862943611198906,0.019802627296179712,0.0
mantid,35494,https://github.com/mantidproject/mantid/pull/35494,14.33,2,16,2,7.92,1,2.7298116928837226,1.0986122886681096,2.833213344056216,1.0986122886681096,2.188295946591918,0.6931471805599453
mantid,35506,https://github.com/mantidproject/mantid/pull/35506,185.25,2,41,30,183.82,0,5.227089857259669,1.0986122886681096,3.7376696182833684,3.4339872044851463,5.219382378459894,0.0
mantid,35508,https://github.com/mantidproject/mantid/pull/35508,1.22,3,10,4,1.04,0,0.7975071958841881,1.3862943611198906,2.3978952727983707,1.6094379124341003,0.712949807856125,0.0
mantid,35520,https://github.com/mantidproject/mantid/pull/35520,4.71,4,6,3,0.12,0,1.7422190236679187,1.6094379124341003,1.9459101490553132,1.3862943611198906,0.11332868530700317,0.0
mantid,35594,https://github.com/mantidproject/mantid/pull/35594,6.94,2,6,3,0.23,1,2.0719132752590443,1.0986122886681096,1.9459101490553132,1.3862943611198906,0.20701416938432615,0.6931471805599453
mantid,35776,https://github.com/mantidproject/mantid/pull/35776,12.16,2,7,1,11.98,0,2.5771819258971713,1.0986122886681096,2.0794415416798357,0.6931471805599453,2.563409711275944,0.0
mantid,35788,https://github.com/mantidproject/mantid/pull/35788,5.07,2,11,1,4.91,1,1.803358605071407,1.0986122886681096,2.4849066497880004,0.6931471805599453,1.776645831418007,0.6931471805599453
mantid,35799,https://github.com/mantidproject/mantid/pull/35799,8.95,2,16,4,0.06,0,2.2975725511705014,1.0986122886681096,2.833213344056216,1.6094379124341003,0.058268908123975775,0.0
mantid,35800,https://github.com/mantidproject/mantid/pull/35800,6.68,1,2,12,3.69,0,2.038619547159581,0.6931471805599453,1.0986122886681096,2.5649493574615367,1.545432582458188,0.0
mantid,35837,https://github.com/mantidproject/mantid/pull/35837,1.0,3,11,3,392.75,0,0.6931471805599453,1.3862943611198906,2.4849066497880004,1.3862943611198906,5.975716190139843,0.0
mantid,35867,https://github.com/mantidproject/mantid/pull/35867,1.05,3,6,4,0.66,1,0.7178397931503169,1.3862943611198906,1.9459101490553132,1.6094379124341003,0.5068176023684519,0.6931471805599453
mantid,35885,https://github.com/mantidproject/mantid/pull/35885,3.72,1,0,1,,0,1.551808799597464,0.6931471805599453,0.0,0.6931471805599453,,0.0
mantid,35914,https://github.com/mantidproject/mantid/pull/35914,25.94,2,11,1,0.06,1,3.293612170982218,1.0986122886681096,2.4849066497880004,0.6931471805599453,0.058268908123975775,0.6931471805599453
mantid,35927,https://github.com/mantidproject/mantid/pull/35927,23.17,1,13,1,12.8,0,3.1851121947153915,0.6931471805599453,2.639057329615259,0.6931471805599453,2.624668592163159,0.0
mantid,35969,https://github.com/mantidproject/mantid/pull/35969,5.72,2,8,2,0.15,0,1.9050881545350582,1.0986122886681096,2.1972245773362196,1.0986122886681096,0.13976194237515868,0.0
mantid,35984,https://github.com/mantidproject/mantid/pull/35984,7.11,2,15,1,0.1,1,2.093097868127322,1.0986122886681096,2.772588722239781,0.6931471805599453,0.09531017980432487,0.6931471805599453
mantid,35988,https://github.com/mantidproject/mantid/pull/35988,5.89,2,7,4,0.93,0,1.9300710850255671,1.0986122886681096,2.0794415416798357,1.6094379124341003,0.6575200029167942,0.0
mantid,35989,https://github.com/mantidproject/mantid/pull/35989,7.14,3,20,12,6.73,0,2.096790180014449,1.3862943611198906,3.044522437723423,2.5649493574615367,2.0451088625993306,0.0
mantid,36010,https://github.com/mantidproject/mantid/pull/36010,1.99,1,3,1,0.1,0,1.095273387402595,0.6931471805599453,1.3862943611198906,0.6931471805599453,0.09531017980432487,0.0
mantid,36136,https://github.com/mantidproject/mantid/pull/36136,7.46,2,9,1,0.66,0,2.135349173618132,1.0986122886681096,2.302585092994046,0.6931471805599453,0.5068176023684519,0.0
mantid,36164,https://github.com/mantidproject/mantid/pull/36164,20.26,2,10,2,7.13,0,3.056827372913802,1.0986122886681096,2.3978952727983707,1.0986122886681096,2.0955609235597192,0.0
mantid,36182,https://github.com/mantidproject/mantid/pull/36182,5.31,2,6,2,3.53,0,1.8421356765531218,1.0986122886681096,1.9459101490553132,1.0986122886681096,1.5107219394949427,0.0
mantid,36210,https://github.com/mantidproject/mantid/pull/36210,68.03,2,8,1,0.16,1,4.234541192715384,1.0986122886681096,2.1972245773362196,0.6931471805599453,0.14842000511827327,0.6931471805599453
mantid,36216,https://github.com/mantidproject/mantid/pull/36216,1.6,1,2,1,,0,0.9555114450274365,0.6931471805599453,1.0986122886681096,0.6931471805599453,,0.0
mantid,36277,https://github.com/mantidproject/mantid/pull/36277,42.05,1,6,2,18.46,1,3.7623622308737397,0.6931471805599453,1.9459101490553132,1.0986122886681096,2.968361076757859,0.6931471805599453
mantid,36291,https://github.com/mantidproject/mantid/pull/36291,7.97,3,13,2,1.16,1,2.1938856760707046,1.3862943611198906,2.639057329615259,1.0986122886681096,0.7701082216960736,0.6931471805599453
mantid,36335,https://github.com/mantidproject/mantid/pull/36335,7.17,1,5,6,5.57,2,2.1004689088719113,0.6931471805599453,1.791759469228055,1.9459101490553132,1.8825138324965192,1.0986122886681096
mantid,36341,https://github.com/mantidproject/mantid/pull/36341,51.84,4,10,6,6.12,0,3.9672684796541247,1.6094379124341003,2.3978952727983707,1.9459101490553132,1.9629077254238845,0.0
mantid,36352,https://github.com/mantidproject/mantid/pull/36352,32.9,2,33,19,27.95,2,3.5234150143864045,1.0986122886681096,3.5263605246161616,2.995732273553991,3.3655702040190043,1.0986122886681096
mantid,36392,https://github.com/mantidproject/mantid/pull/36392,6.88,2,7,4,3.07,0,2.064327903869788,1.0986122886681096,2.0794415416798357,1.6094379124341003,1.4036429994545037,0.0
mantid,36400,https://github.com/mantidproject/mantid/pull/36400,28.17,2,22,18,24.99,1,3.37314078387963,1.0986122886681096,3.1354942159291497,2.9444389791664403,3.2577118486533987,0.6931471805599453
mantid,36481,https://github.com/mantidproject/mantid/pull/36481,41.86,3,36,11,6.72,2,3.7579389900454307,1.3862943611198906,3.6109179126442243,2.4849066497880004,2.0438143640366846,1.0986122886681096
mantid,36530,https://github.com/mantidproject/mantid/pull/36530,10.97,1,4,3,0.0,0,2.482403519569882,0.6931471805599453,1.6094379124341003,1.3862943611198906,0.0,0.0
mantid,36539,https://github.com/mantidproject/mantid/pull/36539,0.9,1,4,3,0.88,0,0.6418538861723948,0.6931471805599453,1.6094379124341003,1.3862943611198906,0.6312717768418579,0.0
mantid,36550,https://github.com/mantidproject/mantid/pull/36550,6.82,2,7,7,1.25,0,2.05668455455722,1.0986122886681096,2.0794415416798357,2.0794415416798357,0.8109302162163288,0.0
mantid,36585,https://github.com/mantidproject/mantid/pull/36585,21.73,1,4,2,0.02,0,3.123685637864452,0.6931471805599453,1.6094379124341003,1.0986122886681096,0.019802627296179712,0.0
mantid,36613,https://github.com/mantidproject/mantid/pull/36613,0.97,2,6,5,0.07,0,0.6780335427498971,1.0986122886681096,1.9459101490553132,1.791759469228055,0.06765864847381481,0.0
mantid,36629,https://github.com/mantidproject/mantid/pull/36629,0.89,1,1,1,,1,0.636576829071551,0.6931471805599453,0.6931471805599453,0.6931471805599453,,0.6931471805599453
mantid,36634,https://github.com/mantidproject/mantid/pull/36634,5.12,1,6,3,0.0,0,1.8115620965242347,0.6931471805599453,1.9459101490553132,1.3862943611198906,0.0,0.0
mantid,36809,https://github.com/mantidproject/mantid/pull/36809,129.0,1,4,1,106.87,1,4.867534450455582,0.6931471805599453,1.6094379124341003,0.6931471805599453,4.680926798387338,0.6931471805599453
mantid,36939,https://github.com/mantidproject/mantid/pull/36939,35.6,2,20,10,22.94,0,3.6000482404073204,1.0986122886681096,3.044522437723423,2.3978952727983707,3.1755507001298273,0.0
mantid,36947,https://github.com/mantidproject/mantid/pull/36947,7.08,2,25,5,3.0,2,2.089391872533004,1.0986122886681096,3.258096538021482,1.791759469228055,1.3862943611198906,1.0986122886681096
mantid,36971,https://github.com/mantidproject/mantid/pull/36971,8.86,2,4,1,2.71,1,2.288486168614544,1.0986122886681096,1.6094379124341003,0.6931471805599453,1.3110318766193438,0.6931471805599453
mantid,36999,https://github.com/mantidproject/mantid/pull/36999,46.93,4,81,57,36.97,1,3.86974161317154,1.6094379124341003,4.406719247264253,4.060443010546419,3.636796374243711,0.6931471805599453
mantid,37034,https://github.com/mantidproject/mantid/pull/37034,6.79,2,11,2,2.81,2,2.052840859882657,1.0986122886681096,2.4849066497880004,1.0986122886681096,1.3376291891386096,1.0986122886681096
mantid,37042,https://github.com/mantidproject/mantid/pull/37042,5.64,2,6,1,0.62,1,1.8931119634883424,1.0986122886681096,1.9459101490553132,0.6931471805599453,0.4824261492442927,0.6931471805599453
mantid,37069,https://github.com/mantidproject/mantid/pull/37069,11.65,1,2,1,,1,2.537657215173529,0.6931471805599453,1.0986122886681096,0.6931471805599453,,0.6931471805599453
mantid,37103,https://github.com/mantidproject/mantid/pull/37103,28.87,2,15,4,11.72,1,3.3968546322280186,1.0986122886681096,2.772588722239781,1.6094379124341003,2.543175557911976,0.6931471805599453
mantid,37123,https://github.com/mantidproject/mantid/pull/37123,6.85,2,11,3,0.86,2,2.060513531794317,1.0986122886681096,2.4849066497880004,1.3862943611198906,0.6205764877251099,1.0986122886681096
mantid,37157,https://github.com/mantidproject/mantid/pull/37157,13.95,2,7,3,1.12,1,2.7047112998366956,1.0986122886681096,2.0794415416798357,1.3862943611198906,0.7514160886839212,0.6931471805599453
mantid,37159,https://github.com/mantidproject/mantid/pull/37159,14.94,3,15,5,8.84,3,2.768831673362069,1.3862943611198906,2.772588722239781,1.791759469228055,2.286455711064162,1.3862943611198906
mantid,37166,https://github.com/mantidproject/mantid/pull/37166,269.02,1,17,8,231.91,5,5.5984960303291,0.6931471805599453,2.8903717578961645,2.1972245773362196,5.450652112851316,1.791759469228055
mantid,37171,https://github.com/mantidproject/mantid/pull/37171,16.72,2,6,2,1.66,0,2.8746939451769347,1.0986122886681096,1.9459101490553132,1.0986122886681096,0.9783261227936076,0.0
mantid,37188,https://github.com/mantidproject/mantid/pull/37188,12.83,1,2,1,,1,2.626840145676667,0.6931471805599453,1.0986122886681096,0.6931471805599453,,0.6931471805599453
mantid,37194,https://github.com/mantidproject/mantid/pull/37194,80.04,2,12,1,0.84,0,4.394942859940428,1.0986122886681096,2.5649493574615367,0.6931471805599453,0.6097655716208943,0.0
mantid,37247,https://github.com/mantidproject/mantid/pull/37247,8.99,3,18,7,6.79,0,2.301584592660462,1.3862943611198906,2.9444389791664403,2.0794415416798357,2.052840859882657,0.0
mantid,37258,https://github.com/mantidproject/mantid/pull/37258,6.88,2,11,5,1.1,0,2.064327903869788,1.0986122886681096,2.4849066497880004,1.791759469228055,0.7419373447293773,0.0
mantid,37268,https://github.com/mantidproject/mantid/pull/37268,4.83,2,14,2,0.9,1,1.763017000362401,1.0986122886681096,2.70805020110221,1.0986122886681096,0.6418538861723948,0.6931471805599453
mantid,37282,https://github.com/mantidproject/mantid/pull/37282,0.98,1,19,2,0.11,1,0.6830968447064438,0.6931471805599453,2.995732273553991,1.0986122886681096,0.10436001532424277,0.6931471805599453
mantid,37309,https://github.com/mantidproject/mantid/pull/37309,60.06,2,15,1,0.11,1,4.111856987306732,1.0986122886681096,2.772588722239781,0.6931471805599453,0.10436001532424277,0.6931471805599453
mantid,37407,https://github.com/mantidproject/mantid/pull/37407,11.44,1,3,4,0.02,1,2.5209170873110334,0.6931471805599453,1.3862943611198906,1.6094379124341003,0.019802627296179712,0.6931471805599453
mantid,37449,https://github.com/mantidproject/mantid/pull/37449,26.85,3,12,5,16.76,2,3.326832966373293,1.3862943611198906,2.5649493574615367,1.791759469228055,2.876948737564024,1.0986122886681096
mantid,37489,https://github.com/mantidproject/mantid/pull/37489,1.25,1,2,1,,0,0.8109302162163288,0.6931471805599453,1.0986122886681096,0.6931471805599453,,0.0
mantid,37596,https://github.com/mantidproject/mantid/pull/37596,9.97,1,3,8,,0,2.395164274287139,0.6931471805599453,1.3862943611198906,2.1972245773362196,,0.0
mantid,37599,https://github.com/mantidproject/mantid/pull/37599,20.89,1,3,1,,1,3.0860299115347716,0.6931471805599453,1.3862943611198906,0.6931471805599453,,0.6931471805599453
mantid,37616,https://github.com/mantidproject/mantid/pull/37616,40.91,4,27,38,34.11,0,3.73552446193698,1.6094379124341003,3.332204510175204,3.6635616461296463,3.558485990180341,0.0
mantid,37621,https://github.com/mantidproject/mantid/pull/37621,12.9,1,2,2,,1,2.631888840136646,0.6931471805599453,1.0986122886681096,1.0986122886681096,,0.6931471805599453
mantid,37635,https://github.com/mantidproject/mantid/pull/37635,46.95,1,12,3,13.37,2,3.8701588013294472,0.6931471805599453,2.5649493574615367,1.3862943611198906,2.6651427000909336,1.0986122886681096
mantid,37643,https://github.com/mantidproject/mantid/pull/37643,44.86,4,22,23,8.88,1,3.8255932774297583,1.6094379124341003,3.1354942159291497,3.1780538303479458,2.2905125117597764,0.6931471805599453
mantid,37646,https://github.com/mantidproject/mantid/pull/37646,63.87,1,4,2,,1,4.172385267224964,0.6931471805599453,1.6094379124341003,1.0986122886681096,,0.6931471805599453
mantid,37648,https://github.com/mantidproject/mantid/pull/37648,61.75,2,20,8,45.28,1,4.139158578011894,1.0986122886681096,3.044522437723423,2.1972245773362196,3.834709902325476,0.6931471805599453
mantid,37673,https://github.com/mantidproject/mantid/pull/37673,54.01,4,27,6,33.74,1,4.007514986887367,1.6094379124341003,3.332204510175204,1.9459101490553132,3.5478917608129588,0.6931471805599453
mantid,37745,https://github.com/mantidproject/mantid/pull/37745,8.36,1,7,4,7.46,0,2.2364452904895007,0.6931471805599453,2.0794415416798357,1.6094379124341003,2.135349173618132,0.0
mantid,37753,https://github.com/mantidproject/mantid/pull/37753,15.17,2,17,9,14.12,1,2.7831576735890153,1.0986122886681096,2.8903717578961645,2.302585092994046,2.716018370751387,0.6931471805599453
mantid,37767,https://github.com/mantidproject/mantid/pull/37767,13.9,1,3,1,,1,2.7013612129514133,0.6931471805599453,1.3862943611198906,0.6931471805599453,,0.6931471805599453
mantid,37800,https://github.com/mantidproject/mantid/pull/37800,26.3,2,2,1,,1,3.306886702190914,1.0986122886681096,1.0986122886681096,0.6931471805599453,,0.6931471805599453
mantid,37826,https://github.com/mantidproject/mantid/pull/37826,24.14,2,16,4,5.9,2,3.2244602031621015,1.0986122886681096,2.833213344056216,1.6094379124341003,1.9315214116032138,1.0986122886681096
mantid,37884,https://github.com/mantidproject/mantid/pull/37884,12.9,2,5,1,0.06,0,2.631888840136646,1.0986122886681096,1.791759469228055,0.6931471805599453,0.058268908123975775,0.0
mantid,37935,https://github.com/mantidproject/mantid/pull/37935,3.21,1,4,1,2.95,1,1.43746264769429,0.6931471805599453,1.6094379124341003,0.6931471805599453,1.3737155789130306,0.6931471805599453
mantid,38195,https://github.com/mantidproject/mantid/pull/38195,2.08,3,13,2,1.06,0,1.1249295969854831,1.3862943611198906,2.639057329615259,1.0986122886681096,0.7227059828014898,0.0
mantid,38213,https://github.com/mantidproject/mantid/pull/38213,60.71,3,37,6,20.99,5,4.122445992332976,1.3862943611198906,3.6375861597263857,1.9459101490553132,3.09058780456667,1.791759469228055
mantid,38256,https://github.com/mantidproject/mantid/pull/38256,21.78,1,3,2,,1,3.1258829580190364,0.6931471805599453,1.3862943611198906,1.0986122886681096,,0.6931471805599453
mantid,38279,https://github.com/mantidproject/mantid/pull/38279,182.96,2,39,40,181.21,0,5.214718342671723,1.0986122886681096,3.6888794541139363,3.713572066704308,5.205159868061787,0.0
mantid,38299,https://github.com/mantidproject/mantid/pull/38299,19.02,3,9,22,0.9,1,2.9967317738870745,1.3862943611198906,2.302585092994046,3.1354942159291497,0.6418538861723948,0.6931471805599453
mantid,38317,https://github.com/mantidproject/mantid/pull/38317,15.94,3,31,12,8.22,1,2.8296776892239084,1.3862943611198906,3.4657359027997265,2.5649493574615367,2.2213750375685026,0.6931471805599453
mantid,38344,https://github.com/mantidproject/mantid/pull/38344,20.85,2,6,2,0.05,1,3.084200921541599,1.0986122886681096,1.9459101490553132,1.0986122886681096,0.04879016416943201,0.6931471805599453
mantid,38363,https://github.com/mantidproject/mantid/pull/38363,12.9,1,8,2,3.76,0,2.631888840136646,0.6931471805599453,2.1972245773362196,1.0986122886681096,1.5602476682433286,0.0
mantid,38398,https://github.com/mantidproject/mantid/pull/38398,25.78,2,13,5,25.13,0,3.2876553402630266,1.0986122886681096,2.639057329615259,1.791759469228055,3.263084079532521,0.0
mantid,38400,https://github.com/mantidproject/mantid/pull/38400,3.72,2,11,1,0.06,0,1.551808799597464,1.0986122886681096,2.4849066497880004,0.6931471805599453,0.058268908123975775,0.0
mantid,38447,https://github.com/mantidproject/mantid/pull/38447,42.81,3,35,6,35.68,3,3.779862101825807,1.3862943611198906,3.58351893845611,1.9459101490553132,3.602231647388264,1.3862943611198906
mantid,38466,https://github.com/mantidproject/mantid/pull/38466,6.81,2,15,1,0.2,1,2.0554049638515943,1.0986122886681096,2.772588722239781,0.6931471805599453,0.18232155679395462,0.6931471805599453
mantid,38468,https://github.com/mantidproject/mantid/pull/38468,35.73,2,25,25,33.14,0,3.6035938598315758,1.0986122886681096,3.258096538021482,3.258096538021482,3.5304697173662944,0.0
mantid,38534,https://github.com/mantidproject/mantid/pull/38534,0.92,2,5,1,0.1,0,0.6523251860396903,1.0986122886681096,1.791759469228055,0.6931471805599453,0.09531017980432487,0.0
mantid,38535,https://github.com/mantidproject/mantid/pull/38535,25.94,2,23,8,5.79,3,3.293612170982218,1.0986122886681096,3.1780538303479458,2.1972245773362196,1.9154509415706047,1.3862943611198906
mantid,38551,https://github.com/mantidproject/mantid/pull/38551,6.71,2,12,1,0.09,0,2.0425181875752383,1.0986122886681096,2.5649493574615367,0.6931471805599453,0.08617769624105233,0.0
mantid,38574,https://github.com/mantidproject/mantid/pull/38574,8.18,3,23,12,3.24,2,2.217027204632399,1.3862943611198906,3.1780538303479458,2.5649493574615367,1.4445632692438664,1.0986122886681096
mantid,38618,https://github.com/mantidproject/mantid/pull/38618,24.93,3,15,4,8.8,1,3.255400599550573,1.3862943611198906,2.772588722239781,1.6094379124341003,2.2823823856765264,0.6931471805599453
mantid,38692,https://github.com/mantidproject/mantid/pull/38692,21.23,5,23,15,17.97,3,3.101442727976105,1.791759469228055,3.1780538303479458,2.772588722239781,2.9428587839469227,1.3862943611198906
mantid,38783,https://github.com/mantidproject/mantid/pull/38783,16.75,2,12,11,1.21,1,2.8763855159214247,1.0986122886681096,2.5649493574615367,2.4849066497880004,0.7929925155296614,0.6931471805599453
mantid,38838,https://github.com/mantidproject/mantid/pull/38838,6.0,2,11,4,0.79,1,1.9459101490553132,1.0986122886681096,2.4849066497880004,1.6094379124341003,0.5822156198526637,0.6931471805599453
mantid,38887,https://github.com/mantidproject/mantid/pull/38887,29.37,3,34,6,27.75,2,3.4134552790576573,1.3862943611198906,3.5553480614894135,1.9459101490553132,3.3586377672433594,1.0986122886681096
mantid,38940,https://github.com/mantidproject/mantid/pull/38940,47.63,2,20,8,13.99,1,3.8842406244156944,1.0986122886681096,3.044522437723423,2.1972245773362196,2.7073833121145063,0.6931471805599453
mantid,38996,https://github.com/mantidproject/mantid/pull/38996,11.85,2,13,3,4.11,2,2.553343811341229,1.0986122886681096,2.639057329615259,1.3862943611198906,1.631199404215613,1.0986122886681096
mantid,39029,https://github.com/mantidproject/mantid/pull/39029,11.85,2,8,2,3.88,1,2.553343811341229,1.0986122886681096,2.1972245773362196,1.0986122886681096,1.5851452198650557,0.6931471805599453
mantid,39084,https://github.com/mantidproject/mantid/pull/39084,13.28,3,14,4,12.8,0,2.658859956911438,1.3862943611198906,2.70805020110221,1.6094379124341003,2.624668592163159,0.0
mantid,39118,https://github.com/mantidproject/mantid/pull/39118,31.73,3,64,51,25.1,2,3.4882920885130893,1.3862943611198906,4.174387269895637,3.9512437185814275,3.261935314328648,1.0986122886681096
mantid,39158,https://github.com/mantidproject/mantid/pull/39158,13.15,3,22,10,11.81,1,2.649714624089247,1.3862943611198906,3.1354942159291497,2.3978952727983707,2.550226115908643,0.6931471805599453
mantid,39178,https://github.com/mantidproject/mantid/pull/39178,5.18,2,10,4,4.0,2,1.8213182714695995,1.0986122886681096,2.3978952727983707,1.6094379124341003,1.6094379124341003,1.0986122886681096
mantid,39197,https://github.com/mantidproject/mantid/pull/39197,7.17,3,22,3,7.23,2,2.1004689088719113,1.3862943611198906,3.1354942159291497,1.3862943611198906,2.1077860146889784,1.0986122886681096
mantid,39206,https://github.com/mantidproject/mantid/pull/39206,20.76,1,3,1,,1,3.080073421987742,0.6931471805599453,1.3862943611198906,0.6931471805599453,,0.6931471805599453
mantid,39208,https://github.com/mantidproject/mantid/pull/39208,9.32,2,16,5,6.92,0,2.334083760053417,1.0986122886681096,2.833213344056216,1.791759469228055,2.0693912058263346,0.0
