repo,pr_number,url,Time to Merge (days),Number of Unique Reviewers,Total Discussion Comments,Commits After First Review,Time Between First and Last Comments (days),Requested Changes,log1p Time to Merge (days),log1p Number of Unique Reviewers,log1p Total Discussion Comments,log1p Commits After First Review,log1p Time Between First and Last Comments (days),log1p Requested Changes
Trilinos,6238,https://github.com/trilinos/Trilinos/pull/6238,0.46,2,7,0,0.13,0,0.3784364357202451,1.0986122886681096,2.0794415416798357,0.0,0.12221763272424921,0.0
Trilinos,8242,https://github.com/trilinos/Trilinos/pull/8242,0.17,1,11,0,0.16,0,0.15700374880966475,0.6931471805599453,2.4849066497880004,0.0,0.14842000511827327,0.0
Trilinos,8262,https://github.com/trilinos/Trilinos/pull/8262,0.42,2,15,0,0.4,0,0.35065687161316933,1.0986122886681096,2.772588722239781,0.0,0.33647223662121295,0.0
Trilinos,8277,https://github.com/trilinos/Trilinos/pull/8277,0.06,1,6,0,0.04,0,0.058268908123975775,0.6931471805599453,1.9459101490553132,0.0,0.039220713153281295,0.0
Trilinos,8304,https://github.com/trilinos/Trilinos/pull/8304,0.09,1,6,0,0.08,0,0.08617769624105233,0.6931471805599453,1.9459101490553132,0.0,0.07696104113612832,0.0
Trilinos,8370,https://github.com/trilinos/Trilinos/pull/8370,0.14,1,11,0,0.12,0,0.1310282624064041,0.6931471805599453,2.4849066497880004,0.0,0.11332868530700317,0.0
Trilinos,8410,https://github.com/trilinos/Trilinos/pull/8410,146.2,1,26,0,146.18,0,4.991792206294776,0.6931471805599453,3.295836866004329,0.0,4.991656327498453,0.0
Trilinos,8451,https://github.com/trilinos/Trilinos/pull/8451,4.1,2,31,2,4.08,0,1.62924053973028,1.0986122886681096,3.4657359027997265,1.0986122886681096,1.6253112615903906,0.0
Trilinos,8518,https://github.com/trilinos/Trilinos/pull/8518,15.96,1,36,0,15.95,0,2.830857630363757,0.6931471805599453,3.6109179126442243,0.0,2.830267833826459,0.0
Trilinos,8572,https://github.com/trilinos/Trilinos/pull/8572,0.64,2,6,0,0.1,0,0.49469624183610705,1.0986122886681096,1.9459101490553132,0.0,0.09531017980432487,0.0
Trilinos,8629,https://github.com/trilinos/Trilinos/pull/8629,4.22,2,31,0,4.21,0,1.6524974018945473,1.0986122886681096,3.4657359027997265,0.0,1.6505798557652755,0.0
Trilinos,8713,https://github.com/trilinos/Trilinos/pull/8713,0.6,2,14,1,0.59,0,0.4700036292457356,1.0986122886681096,2.70805020110221,0.6931471805599453,0.46373401623214017,0.0
Trilinos,8714,https://github.com/trilinos/Trilinos/pull/8714,0.11,1,6,0,0.09,0,0.10436001532424277,0.6931471805599453,1.9459101490553132,0.0,0.08617769624105233,0.0
Trilinos,8719,https://github.com/trilinos/Trilinos/pull/8719,0.17,1,10,0,0.16,0,0.15700374880966475,0.6931471805599453,2.3978952727983707,0.0,0.14842000511827327,0.0
Trilinos,8891,https://github.com/trilinos/Trilinos/pull/8891,0.04,1,9,0,0.03,0,0.039220713153281295,0.6931471805599453,2.302585092994046,0.0,0.0295588022415444,0.0
Trilinos,9007,https://github.com/trilinos/Trilinos/pull/9007,0.89,1,11,0,0.36,0,0.636576829071551,0.6931471805599453,2.4849066497880004,0.0,0.3074846997479606,0.0
Trilinos,9011,https://github.com/trilinos/Trilinos/pull/9011,0.11,1,7,0,0.1,0,0.10436001532424277,0.6931471805599453,2.0794415416798357,0.0,0.09531017980432487,0.0
Trilinos,9030,https://github.com/trilinos/Trilinos/pull/9030,0.98,1,15,0,0.96,0,0.6830968447064438,0.6931471805599453,2.772588722239781,0.0,0.6729444732424258,0.0
Trilinos,9034,https://github.com/trilinos/Trilinos/pull/9034,0.93,1,11,0,0.43,0,0.6575200029167942,0.6931471805599453,2.4849066497880004,0.0,0.3576744442718159,0.0
Trilinos,9035,https://github.com/trilinos/Trilinos/pull/9035,0.04,1,6,0,0.04,0,0.039220713153281295,0.6931471805599453,1.9459101490553132,0.0,0.039220713153281295,0.0
Trilinos,9095,https://github.com/trilinos/Trilinos/pull/9095,1.17,1,22,0,1.06,0,0.7747271675523681,0.6931471805599453,3.1354942159291497,0.0,0.7227059828014898,0.0
Trilinos,9096,https://github.com/trilinos/Trilinos/pull/9096,1.02,1,9,0,0.95,0,0.7030975114131134,0.6931471805599453,2.302585092994046,0.0,0.6678293725756554,0.0
Trilinos,9157,https://github.com/trilinos/Trilinos/pull/9157,0.14,1,6,0,0.13,0,0.1310282624064041,0.6931471805599453,1.9459101490553132,0.0,0.12221763272424921,0.0
Trilinos,9169,https://github.com/trilinos/Trilinos/pull/9169,0.16,1,7,0,0.16,0,0.14842000511827327,0.6931471805599453,2.0794415416798357,0.0,0.14842000511827327,0.0
Trilinos,9225,https://github.com/trilinos/Trilinos/pull/9225,2.54,1,12,0,2.53,0,1.264126727145683,0.6931471805599453,2.5649493574615367,0.0,1.2612978709452054,0.0
Trilinos,9260,https://github.com/trilinos/Trilinos/pull/9260,0.19,1,9,0,0.19,0,0.173953307123438,0.6931471805599453,2.302585092994046,0.0,0.173953307123438,0.0
Trilinos,9277,https://github.com/trilinos/Trilinos/pull/9277,5.98,1,21,0,2.43,0,1.943048916774281,0.6931471805599453,3.091042453358316,0.0,1.2325602611778486,0.0
Trilinos,9303,https://github.com/trilinos/Trilinos/pull/9303,0.08,1,7,0,0.08,0,0.07696104113612832,0.6931471805599453,2.0794415416798357,0.0,0.07696104113612832,0.0
Trilinos,9330,https://github.com/trilinos/Trilinos/pull/9330,0.09,1,6,0,0.09,0,0.08617769624105233,0.6931471805599453,1.9459101490553132,0.0,0.08617769624105233,0.0
Trilinos,9373,https://github.com/trilinos/Trilinos/pull/9373,0.15,1,9,0,0.14,0,0.13976194237515868,0.6931471805599453,2.302585092994046,0.0,0.1310282624064041,0.0
Trilinos,9386,https://github.com/trilinos/Trilinos/pull/9386,1.18,1,8,0,1.16,0,0.7793248768009976,0.6931471805599453,2.1972245773362196,0.0,0.7701082216960736,0.0
Trilinos,9396,https://github.com/trilinos/Trilinos/pull/9396,0.14,1,6,0,0.13,0,0.1310282624064041,0.6931471805599453,1.9459101490553132,0.0,0.12221763272424921,0.0
Trilinos,9399,https://github.com/trilinos/Trilinos/pull/9399,0.22,2,7,0,0.21,0,0.1988508587451652,1.0986122886681096,2.0794415416798357,0.0,0.1906203596086497,0.0
Trilinos,9486,https://github.com/trilinos/Trilinos/pull/9486,0.12,1,8,0,0.11,0,0.11332868530700317,0.6931471805599453,2.1972245773362196,0.0,0.10436001532424277,0.0
Trilinos,9520,https://github.com/trilinos/Trilinos/pull/9520,1.94,1,13,0,1.93,0,1.0784095813505903,0.6931471805599453,2.639057329615259,0.0,1.0750024230289759,0.0
Trilinos,9582,https://github.com/trilinos/Trilinos/pull/9582,1.2,1,9,0,1.2,0,0.7884573603642702,0.6931471805599453,2.302585092994046,0.0,0.7884573603642702,0.0
Trilinos,9748,https://github.com/trilinos/Trilinos/pull/9748,2.93,1,20,1,2.62,0,1.3686394258811698,0.6931471805599453,3.044522437723423,0.6931471805599453,1.2864740258376797,0.0
Trilinos,9914,https://github.com/trilinos/Trilinos/pull/9914,14.22,1,21,0,12.3,0,2.7226103524335397,0.6931471805599453,3.091042453358316,0.0,2.5877640352277083,0.0
Trilinos,10051,https://github.com/trilinos/Trilinos/pull/10051,1.93,1,10,0,1.93,0,1.0750024230289759,0.6931471805599453,2.3978952727983707,0.0,1.0750024230289759,0.0
Trilinos,10091,https://github.com/trilinos/Trilinos/pull/10091,0.12,1,13,1,0.11,0,0.11332868530700317,0.6931471805599453,2.639057329615259,0.6931471805599453,0.10436001532424277,0.0
Trilinos,10204,https://github.com/trilinos/Trilinos/pull/10204,5.37,1,20,0,5.37,0,1.851599469584072,0.6931471805599453,3.044522437723423,0.0,1.851599469584072,0.0
Trilinos,10252,https://github.com/trilinos/Trilinos/pull/10252,2.64,1,10,0,2.59,0,1.2919836816486494,0.6931471805599453,2.3978952727983707,0.0,1.2781522025001875,0.0
Trilinos,10279,https://github.com/trilinos/Trilinos/pull/10279,0.63,2,15,0,0.63,0,0.48858001481867097,1.0986122886681096,2.772588722239781,0.0,0.48858001481867097,0.0
Trilinos,10305,https://github.com/trilinos/Trilinos/pull/10305,0.3,1,9,0,0.29,0,0.26236426446749106,0.6931471805599453,2.302585092994046,0.0,0.2546422183735807,0.0
Trilinos,10307,https://github.com/trilinos/Trilinos/pull/10307,0.15,1,7,0,0.12,0,0.13976194237515868,0.6931471805599453,2.0794415416798357,0.0,0.11332868530700317,0.0
Trilinos,10356,https://github.com/trilinos/Trilinos/pull/10356,3.3,2,34,0,3.29,0,1.4586150226995167,1.0986122886681096,3.5553480614894135,0.0,1.4562867329399256,0.0
Trilinos,10357,https://github.com/trilinos/Trilinos/pull/10357,3.58,2,18,0,3.56,0,1.5216989981260935,1.0986122886681096,2.9444389791664403,0.0,1.5173226235262947,0.0
Trilinos,10415,https://github.com/trilinos/Trilinos/pull/10415,16.52,1,16,0,16.51,0,2.8633430855082453,0.6931471805599453,2.833213344056216,0.0,2.8627721462977607,0.0
Trilinos,10453,https://github.com/trilinos/Trilinos/pull/10453,2.65,1,9,0,2.57,0,1.2947271675944,0.6931471805599453,2.302585092994046,0.0,1.2725655957915476,0.0
Trilinos,10530,https://github.com/trilinos/Trilinos/pull/10530,8.18,2,27,0,8.11,0,2.217027204632399,1.0986122886681096,3.332204510175204,0.0,2.209372711271867,0.0
Trilinos,10571,https://github.com/trilinos/Trilinos/pull/10571,11.89,1,46,0,11.82,0,2.556451816951096,0.6931471805599453,3.8501476017100584,0.0,2.551006451492524,0.0
Trilinos,10572,https://github.com/trilinos/Trilinos/pull/10572,8.37,1,28,0,8.06,0,2.2375130962503307,0.6931471805599453,3.367295829986474,0.0,2.203869120054888,0.0
Trilinos,10603,https://github.com/trilinos/Trilinos/pull/10603,5.46,1,13,0,5.43,0,1.8656293177945105,0.6931471805599453,2.639057329615259,0.0,1.860974538249528,0.0
Trilinos,10733,https://github.com/trilinos/Trilinos/pull/10733,0.17,1,5,0,0.1,0,0.15700374880966475,0.6931471805599453,1.791759469228055,0.0,0.09531017980432487,0.0
Trilinos,10739,https://github.com/trilinos/Trilinos/pull/10739,0.17,1,7,0,0.16,0,0.15700374880966475,0.6931471805599453,2.0794415416798357,0.0,0.14842000511827327,0.0
Trilinos,10750,https://github.com/trilinos/Trilinos/pull/10750,0.74,1,5,0,0.14,0,0.5538851132264376,0.6931471805599453,1.791759469228055,0.0,0.1310282624064041,0.0
Trilinos,10809,https://github.com/trilinos/Trilinos/pull/10809,4.97,2,16,0,4.96,0,1.7867469274045107,1.0986122886681096,2.833213344056216,0.0,1.7850704810772584,0.0
Trilinos,10815,https://github.com/trilinos/Trilinos/pull/10815,6.97,2,22,0,7.58,0,2.075684492802124,1.0986122886681096,3.1354942159291497,0.0,2.149433913499871,0.0
Trilinos,10880,https://github.com/trilinos/Trilinos/pull/10880,0.51,1,7,0,0.51,0,0.412109650826833,0.6931471805599453,2.0794415416798357,0.0,0.412109650826833,0.0
Trilinos,11020,https://github.com/trilinos/Trilinos/pull/11020,0.14,2,6,0,0.14,0,0.1310282624064041,1.0986122886681096,1.9459101490553132,0.0,0.1310282624064041,0.0
Trilinos,11044,https://github.com/trilinos/Trilinos/pull/11044,1.99,1,10,0,1.99,0,1.095273387402595,0.6931471805599453,2.3978952727983707,0.0,1.095273387402595,0.0
Trilinos,11053,https://github.com/trilinos/Trilinos/pull/11053,36.24,2,54,18,35.83,0,3.617383452408866,1.0986122886681096,4.007333185232471,2.9444389791664403,3.606312730456974,0.0
Trilinos,11119,https://github.com/trilinos/Trilinos/pull/11119,0.37,3,8,0,0.32,0,0.31481073984003355,1.3862943611198906,2.1972245773362196,0.0,0.2776317365982795,0.0
Trilinos,11131,https://github.com/trilinos/Trilinos/pull/11131,0.75,2,8,0,0.25,0,0.5596157879354227,1.0986122886681096,2.1972245773362196,0.0,0.22314355131420976,0.0
Trilinos,11136,https://github.com/trilinos/Trilinos/pull/11136,93.37,2,15,0,93.37,0,4.547223226033242,1.0986122886681096,2.772588722239781,0.0,4.547223226033242,0.0
Trilinos,11151,https://github.com/trilinos/Trilinos/pull/11151,0.1,1,6,0,0.09,0,0.09531017980432487,0.6931471805599453,1.9459101490553132,0.0,0.08617769624105233,0.0
Trilinos,11177,https://github.com/trilinos/Trilinos/pull/11177,0.18,1,6,0,0.09,0,0.16551443847757338,0.6931471805599453,1.9459101490553132,0.0,0.08617769624105233,0.0
Trilinos,11194,https://github.com/trilinos/Trilinos/pull/11194,1.47,2,5,0,0.14,0,0.9042181506398859,1.0986122886681096,1.791759469228055,0.0,0.1310282624064041,0.0
Trilinos,11276,https://github.com/trilinos/Trilinos/pull/11276,58.86,4,22,0,70.06,0,4.0920085024245525,1.6094379124341003,3.1354942159291497,0.0,4.263524590592881,0.0
Trilinos,11379,https://github.com/trilinos/Trilinos/pull/11379,0.24,2,5,0,0.12,0,0.2151113796169455,1.0986122886681096,1.791759469228055,0.0,0.11332868530700317,0.0
Trilinos,11399,https://github.com/trilinos/Trilinos/pull/11399,0.23,1,7,0,0.27,0,0.20701416938432615,0.6931471805599453,2.0794415416798357,0.0,0.23901690047049992,0.0
Trilinos,11422,https://github.com/trilinos/Trilinos/pull/11422,18.37,1,29,0,18.35,0,2.9637254774189046,0.6931471805599453,3.4011973816621555,0.0,2.9626924194757907,0.0
Trilinos,11423,https://github.com/trilinos/Trilinos/pull/11423,0.15,2,7,0,0.14,0,0.13976194237515868,1.0986122886681096,2.0794415416798357,0.0,0.1310282624064041,0.0
Trilinos,11464,https://github.com/trilinos/Trilinos/pull/11464,10.01,2,41,0,10.0,0,2.3988039507345884,1.0986122886681096,3.7376696182833684,0.0,2.3978952727983707,0.0
Trilinos,11473,https://github.com/trilinos/Trilinos/pull/11473,0.16,1,7,0,0.15,0,0.14842000511827327,0.6931471805599453,2.0794415416798357,0.0,0.13976194237515868,0.0
Trilinos,11491,https://github.com/trilinos/Trilinos/pull/11491,0.15,1,8,0,0.14,0,0.13976194237515868,0.6931471805599453,2.1972245773362196,0.0,0.1310282624064041,0.0
Trilinos,11602,https://github.com/trilinos/Trilinos/pull/11602,5.66,2,43,3,5.65,0,1.8961194845522977,1.0986122886681096,3.784189633918261,1.3862943611198906,1.8946168546677629,0.0
Trilinos,11611,https://github.com/trilinos/Trilinos/pull/11611,0.02,1,7,0,0.0,0,0.019802627296179712,0.6931471805599453,2.0794415416798357,0.0,0.0,0.0
Trilinos,11684,https://github.com/trilinos/Trilinos/pull/11684,7.23,2,40,0,7.23,0,2.1077860146889784,1.0986122886681096,3.713572066704308,0.0,2.1077860146889784,0.0
Trilinos,11713,https://github.com/trilinos/Trilinos/pull/11713,0.27,1,7,1,0.07,0,0.23901690047049992,0.6931471805599453,2.0794415416798357,0.6931471805599453,0.06765864847381481,0.0
Trilinos,11720,https://github.com/trilinos/Trilinos/pull/11720,2.82,2,19,0,2.81,0,1.3402504226184837,1.0986122886681096,2.995732273553991,0.0,1.3376291891386096,0.0
Trilinos,11729,https://github.com/trilinos/Trilinos/pull/11729,0.19,1,12,0,1.96,0,0.173953307123438,0.6931471805599453,2.5649493574615367,0.0,1.085189268335969,0.0
Trilinos,11749,https://github.com/trilinos/Trilinos/pull/11749,12.58,1,26,0,13.6,0,2.60859812213055,0.6931471805599453,3.295836866004329,0.0,2.681021528714291,0.0
Trilinos,11781,https://github.com/trilinos/Trilinos/pull/11781,0.26,1,8,0,0.26,0,0.23111172096338664,0.6931471805599453,2.1972245773362196,0.0,0.23111172096338664,0.0
Trilinos,11948,https://github.com/trilinos/Trilinos/pull/11948,0.37,2,7,0,0.07,0,0.31481073984003355,1.0986122886681096,2.0794415416798357,0.0,0.06765864847381481,0.0
Trilinos,11953,https://github.com/trilinos/Trilinos/pull/11953,0.15,2,10,0,0.11,0,0.13976194237515868,1.0986122886681096,2.3978952727983707,0.0,0.10436001532424277,0.0
Trilinos,12063,https://github.com/trilinos/Trilinos/pull/12063,0.1,1,6,0,0.1,0,0.09531017980432487,0.6931471805599453,1.9459101490553132,0.0,0.09531017980432487,0.0
Trilinos,12356,https://github.com/trilinos/Trilinos/pull/12356,0.26,1,12,0,0.26,0,0.23111172096338664,0.6931471805599453,2.5649493574615367,0.0,0.23111172096338664,0.0
Trilinos,12413,https://github.com/trilinos/Trilinos/pull/12413,0.35,1,6,0,0.05,0,0.30010459245033805,0.6931471805599453,1.9459101490553132,0.0,0.04879016416943201,0.0
Trilinos,12433,https://github.com/trilinos/Trilinos/pull/12433,0.12,1,8,0,0.03,0,0.11332868530700317,0.6931471805599453,2.1972245773362196,0.0,0.0295588022415444,0.0
Trilinos,12474,https://github.com/trilinos/Trilinos/pull/12474,0.79,3,11,0,0.78,0,0.5822156198526637,1.3862943611198906,2.4849066497880004,0.0,0.5766133643039938,0.0
Trilinos,12475,https://github.com/trilinos/Trilinos/pull/12475,0.43,1,9,0,0.42,0,0.3576744442718159,0.6931471805599453,2.302585092994046,0.0,0.35065687161316933,0.0
Trilinos,12514,https://github.com/trilinos/Trilinos/pull/12514,3.9,2,13,0,3.82,0,1.589235205116581,1.0986122886681096,2.639057329615259,0.0,1.5727739280625088,0.0
Trilinos,12550,https://github.com/trilinos/Trilinos/pull/12550,0.53,1,6,0,0.08,0,0.4252677354043441,0.6931471805599453,1.9459101490553132,0.0,0.07696104113612832,0.0
Trilinos,12601,https://github.com/trilinos/Trilinos/pull/12601,0.08,1,7,0,0.07,0,0.07696104113612832,0.6931471805599453,2.0794415416798357,0.0,0.06765864847381481,0.0
Trilinos,12614,https://github.com/trilinos/Trilinos/pull/12614,0.65,1,14,0,0.64,0,0.5007752879124893,0.6931471805599453,2.70805020110221,0.0,0.49469624183610705,0.0
Trilinos,12616,https://github.com/trilinos/Trilinos/pull/12616,0.63,1,9,0,0.58,0,0.48858001481867097,0.6931471805599453,2.302585092994046,0.0,0.4574248470388754,0.0
Trilinos,12619,https://github.com/trilinos/Trilinos/pull/12619,0.05,1,9,0,0.05,0,0.04879016416943201,0.6931471805599453,2.302585092994046,0.0,0.04879016416943201,0.0
Trilinos,12627,https://github.com/trilinos/Trilinos/pull/12627,3.31,1,13,0,3.23,0,1.4609379041156565,0.6931471805599453,2.639057329615259,0.0,1.4422019930581866,0.0
Trilinos,12629,https://github.com/trilinos/Trilinos/pull/12629,32.86,2,39,5,32.63,0,3.522234376704989,1.0986122886681096,3.6888794541139363,1.791759469228055,3.515418525752178,0.0
Trilinos,12657,https://github.com/trilinos/Trilinos/pull/12657,25.91,2,40,4,25.91,0,3.2924979647388146,1.0986122886681096,3.713572066704308,1.6094379124341003,3.2924979647388146,0.0
Trilinos,12669,https://github.com/trilinos/Trilinos/pull/12669,0.09,2,13,1,1.83,1,0.08617769624105233,1.0986122886681096,2.639057329615259,0.6931471805599453,1.0402767116551463,0.6931471805599453
Trilinos,12671,https://github.com/trilinos/Trilinos/pull/12671,6.94,1,26,0,6.07,0,2.0719132752590443,0.6931471805599453,3.295836866004329,0.0,1.9558604799084813,0.0
Trilinos,12675,https://github.com/trilinos/Trilinos/pull/12675,26.94,1,40,0,26.86,0,3.330059353828816,0.6931471805599453,3.713572066704308,0.0,3.3271919683516598,0.0
Trilinos,12678,https://github.com/trilinos/Trilinos/pull/12678,5.97,1,16,0,5.95,0,1.9416152247724325,0.6931471805599453,2.833213344056216,0.0,1.9387416595767009,0.0
Trilinos,12687,https://github.com/trilinos/Trilinos/pull/12687,0.04,1,6,0,0.03,0,0.039220713153281295,0.6931471805599453,1.9459101490553132,0.0,0.0295588022415444,0.0
Trilinos,12692,https://github.com/trilinos/Trilinos/pull/12692,13.99,1,24,1,12.84,0,2.7073833121145063,0.6931471805599453,3.2188758248682006,0.6931471805599453,2.6275629501895237,0.0
Trilinos,12723,https://github.com/trilinos/Trilinos/pull/12723,0.09,1,6,0,0.08,0,0.08617769624105233,0.6931471805599453,1.9459101490553132,0.0,0.07696104113612832,0.0
Trilinos,12738,https://github.com/trilinos/Trilinos/pull/12738,0.76,2,13,1,0.66,0,0.5653138090500605,1.0986122886681096,2.639057329615259,0.6931471805599453,0.5068176023684519,0.0
Trilinos,12740,https://github.com/trilinos/Trilinos/pull/12740,6.15,2,22,2,6.15,0,1.9671123567059163,1.0986122886681096,3.1354942159291497,1.0986122886681096,1.9671123567059163,0.0
Trilinos,12753,https://github.com/trilinos/Trilinos/pull/12753,0.82,2,11,1,0.81,0,0.598836501088704,1.0986122886681096,2.4849066497880004,0.6931471805599453,0.5933268452777344,0.0
Trilinos,12756,https://github.com/trilinos/Trilinos/pull/12756,0.07,1,7,0,0.05,0,0.06765864847381481,0.6931471805599453,2.0794415416798357,0.0,0.04879016416943201,0.0
Trilinos,12765,https://github.com/trilinos/Trilinos/pull/12765,0.07,2,12,0,0.06,0,0.06765864847381481,1.0986122886681096,2.5649493574615367,0.0,0.058268908123975775,0.0
Trilinos,12768,https://github.com/trilinos/Trilinos/pull/12768,0.06,4,16,0,0.17,0,0.058268908123975775,1.6094379124341003,2.833213344056216,0.0,0.15700374880966475,0.0
Trilinos,12788,https://github.com/trilinos/Trilinos/pull/12788,0.24,2,16,4,0.19,0,0.2151113796169455,1.0986122886681096,2.833213344056216,1.6094379124341003,0.173953307123438,0.0
Trilinos,12797,https://github.com/trilinos/Trilinos/pull/12797,141.39,2,15,0,141.39,0,4.958569771792903,1.0986122886681096,2.772588722239781,0.0,4.958569771792903,0.0
Trilinos,12803,https://github.com/trilinos/Trilinos/pull/12803,0.06,1,14,0,0.06,0,0.058268908123975775,0.6931471805599453,2.70805020110221,0.0,0.058268908123975775,0.0
Trilinos,12840,https://github.com/trilinos/Trilinos/pull/12840,2.8,1,12,0,2.8,0,1.33500106673234,0.6931471805599453,2.5649493574615367,0.0,1.33500106673234,0.0
Trilinos,12856,https://github.com/trilinos/Trilinos/pull/12856,0.09,1,8,0,0.08,0,0.08617769624105233,0.6931471805599453,2.1972245773362196,0.0,0.07696104113612832,0.0
Trilinos,12858,https://github.com/trilinos/Trilinos/pull/12858,0.13,1,5,0,0.01,0,0.12221763272424921,0.6931471805599453,1.791759469228055,0.0,0.009950330853168083,0.0
Trilinos,12867,https://github.com/trilinos/Trilinos/pull/12867,12.23,1,30,1,12.12,0,2.5824869781268642,0.6931471805599453,3.4339872044851463,0.6931471805599453,2.574137783515943,0.0
Trilinos,12885,https://github.com/trilinos/Trilinos/pull/12885,1.09,1,16,0,0.87,0,0.7371640659767197,0.6931471805599453,2.833213344056216,0.0,0.6259384308664953,0.0
Trilinos,12893,https://github.com/trilinos/Trilinos/pull/12893,1.7,1,8,0,1.02,0,0.9932517730102834,0.6931471805599453,2.1972245773362196,0.0,0.7030975114131134,0.0
Trilinos,12988,https://github.com/trilinos/Trilinos/pull/12988,32.87,1,41,0,32.86,0,3.5225296668296804,0.6931471805599453,3.7376696182833684,0.0,3.522234376704989,0.0
Trilinos,13014,https://github.com/trilinos/Trilinos/pull/13014,6.17,1,17,0,6.07,0,1.969905654611529,0.6931471805599453,2.8903717578961645,0.0,1.9558604799084813,0.0
Trilinos,13066,https://github.com/trilinos/Trilinos/pull/13066,21.01,3,27,8,20.86,0,3.0914968955383704,1.3862943611198906,3.332204510175204,2.1972245773362196,3.0846584827483925,0.0
Trilinos,13126,https://github.com/trilinos/Trilinos/pull/13126,0.8,4,20,2,0.79,1,0.5877866649021191,1.6094379124341003,3.044522437723423,1.0986122886681096,0.5822156198526637,0.6931471805599453
Trilinos,13286,https://github.com/trilinos/Trilinos/pull/13286,0.86,1,10,0,0.56,0,0.6205764877251099,0.6931471805599453,2.3978952727983707,0.0,0.44468582126144574,0.0
Trilinos,13301,https://github.com/trilinos/Trilinos/pull/13301,1.44,1,16,1,1.43,0,0.8919980393051105,0.6931471805599453,2.833213344056216,0.6931471805599453,0.8878912573524571,0.0
Trilinos,13312,https://github.com/trilinos/Trilinos/pull/13312,2.33,3,35,4,2.32,0,1.2029723039923526,1.3862943611198906,3.58351893845611,1.6094379124341003,1.199964782928397,0.0
Trilinos,13359,https://github.com/trilinos/Trilinos/pull/13359,0.3,2,12,0,0.29,0,0.26236426446749106,1.0986122886681096,2.5649493574615367,0.0,0.2546422183735807,0.0
Trilinos,13361,https://github.com/trilinos/Trilinos/pull/13361,116.07,3,147,14,116.06,0,4.762772046491581,1.3862943611198906,4.997212273764115,2.70805020110221,4.7626866238630745,0.0
Trilinos,13362,https://github.com/trilinos/Trilinos/pull/13362,3.08,2,19,0,3.07,0,1.4060969884160703,1.0986122886681096,2.995732273553991,0.0,1.4036429994545037,0.0
Trilinos,13457,https://github.com/trilinos/Trilinos/pull/13457,1.88,1,12,0,1.83,0,1.0577902941478545,0.6931471805599453,2.5649493574615367,0.0,1.0402767116551463,0.0
Trilinos,13459,https://github.com/trilinos/Trilinos/pull/13459,0.91,3,21,1,0.9,0,0.6471032420585385,1.3862943611198906,3.091042453358316,0.6931471805599453,0.6418538861723948,0.0
Trilinos,13520,https://github.com/trilinos/Trilinos/pull/13520,1.75,2,11,0,1.7,0,1.0116009116784799,1.0986122886681096,2.4849066497880004,0.0,0.9932517730102834,0.0
Trilinos,13527,https://github.com/trilinos/Trilinos/pull/13527,0.24,2,9,0,0.23,0,0.2151113796169455,1.0986122886681096,2.302585092994046,0.0,0.20701416938432615,0.0
Trilinos,13543,https://github.com/trilinos/Trilinos/pull/13543,0.1,1,7,0,0.09,0,0.09531017980432487,0.6931471805599453,2.0794415416798357,0.0,0.08617769624105233,0.0
Trilinos,13556,https://github.com/trilinos/Trilinos/pull/13556,0.12,1,6,0,0.11,0,0.11332868530700317,0.6931471805599453,1.9459101490553132,0.0,0.10436001532424277,0.0
Trilinos,13559,https://github.com/trilinos/Trilinos/pull/13559,0.24,1,7,0,0.15,0,0.2151113796169455,0.6931471805599453,2.0794415416798357,0.0,0.13976194237515868,0.0
Trilinos,13561,https://github.com/trilinos/Trilinos/pull/13561,0.37,1,8,0,0.26,0,0.31481073984003355,0.6931471805599453,2.1972245773362196,0.0,0.23111172096338664,0.0
Trilinos,13567,https://github.com/trilinos/Trilinos/pull/13567,33.18,2,76,5,33.29,1,3.5316406776874447,1.0986122886681096,4.343805421853684,1.791759469228055,3.534853766474829,0.6931471805599453
Trilinos,13578,https://github.com/trilinos/Trilinos/pull/13578,15.68,1,38,0,15.55,0,2.8142103969306005,0.6931471805599453,3.6635616461296463,0.0,2.806386101823072,0.0
Trilinos,13581,https://github.com/trilinos/Trilinos/pull/13581,70.34,1,19,0,70.31,0,4.267457179930745,0.6931471805599453,2.995732273553991,0.0,4.267036570040212,0.0
Trilinos,13585,https://github.com/trilinos/Trilinos/pull/13585,33.05,2,68,0,32.4,0,3.527830032595521,1.0986122886681096,4.23410650459726,0.0,3.5085558999826545,0.0
Trilinos,13588,https://github.com/trilinos/Trilinos/pull/13588,0.37,1,9,0,0.32,0,0.31481073984003355,0.6931471805599453,2.302585092994046,0.0,0.2776317365982795,0.0
Trilinos,13627,https://github.com/trilinos/Trilinos/pull/13627,1.79,1,12,0,1.78,0,1.0260415958332743,0.6931471805599453,2.5649493574615367,0.0,1.0224509277025458,0.0
Trilinos,13647,https://github.com/trilinos/Trilinos/pull/13647,0.15,1,7,0,0.13,0,0.13976194237515868,0.6931471805599453,2.0794415416798357,0.0,0.12221763272424921,0.0
Trilinos,13663,https://github.com/trilinos/Trilinos/pull/13663,0.11,1,17,0,0.1,0,0.10436001532424277,0.6931471805599453,2.8903717578961645,0.0,0.09531017980432487,0.0
Trilinos,13666,https://github.com/trilinos/Trilinos/pull/13666,0.05,1,7,0,0.05,0,0.04879016416943201,0.6931471805599453,2.0794415416798357,0.0,0.04879016416943201,0.0
Trilinos,13677,https://github.com/trilinos/Trilinos/pull/13677,0.07,1,5,0,0.05,0,0.06765864847381481,0.6931471805599453,1.791759469228055,0.0,0.04879016416943201,0.0
Trilinos,13679,https://github.com/trilinos/Trilinos/pull/13679,2.8,3,35,4,2.78,0,1.33500106673234,1.3862943611198906,3.58351893845611,1.6094379124341003,1.3297240096314962,0.0
Trilinos,13681,https://github.com/trilinos/Trilinos/pull/13681,0.88,1,22,1,0.74,0,0.6312717768418579,0.6931471805599453,3.1354942159291497,0.6931471805599453,0.5538851132264376,0.0
Trilinos,13690,https://github.com/trilinos/Trilinos/pull/13690,15.63,3,30,0,15.13,0,2.8112082932048366,1.3862943611198906,3.4339872044851463,0.0,2.7806808921371173,0.0
Trilinos,13705,https://github.com/trilinos/Trilinos/pull/13705,0.13,1,8,0,0.09,0,0.12221763272424921,0.6931471805599453,2.1972245773362196,0.0,0.08617769624105233,0.0
Trilinos,13738,https://github.com/trilinos/Trilinos/pull/13738,0.33,1,16,0,1.04,0,0.2851789422336624,0.6931471805599453,2.833213344056216,0.0,0.712949807856125,0.0
Trilinos,13754,https://github.com/trilinos/Trilinos/pull/13754,0.05,1,7,0,0.04,0,0.04879016416943201,0.6931471805599453,2.0794415416798357,0.0,0.039220713153281295,0.0
Trilinos,13764,https://github.com/trilinos/Trilinos/pull/13764,26.96,2,32,4,7.87,0,3.3307749173656096,1.0986122886681096,3.4965075614664802,1.6094379124341003,2.1826747963214883,0.0
Trilinos,13783,https://github.com/trilinos/Trilinos/pull/13783,0.14,1,5,0,0.03,0,0.1310282624064041,0.6931471805599453,1.791759469228055,0.0,0.0295588022415444,0.0
Trilinos,13784,https://github.com/trilinos/Trilinos/pull/13784,1.04,1,17,0,1.03,0,0.712949807856125,0.6931471805599453,2.8903717578961645,0.0,0.708035793053696,0.0
Trilinos,13786,https://github.com/trilinos/Trilinos/pull/13786,8.39,1,13,1,8.36,0,2.2396452932201716,0.6931471805599453,2.639057329615259,0.6931471805599453,2.2364452904895007,0.0
Trilinos,13787,https://github.com/trilinos/Trilinos/pull/13787,8.18,2,22,1,8.16,0,2.217027204632399,1.0986122886681096,3.1354942159291497,0.6931471805599453,2.214846178686039,0.0
Trilinos,13797,https://github.com/trilinos/Trilinos/pull/13797,3.22,1,9,0,3.21,0,1.4398351280479205,0.6931471805599453,2.302585092994046,0.0,1.43746264769429,0.0
Trilinos,13799,https://github.com/trilinos/Trilinos/pull/13799,3.84,1,22,0,3.82,0,1.5769147207285403,0.6931471805599453,3.1354942159291497,0.0,1.5727739280625088,0.0
Trilinos,13804,https://github.com/trilinos/Trilinos/pull/13804,20.08,2,54,1,19.9,0,3.0483247236731614,1.0986122886681096,4.007333185232471,0.6931471805599453,3.039749158970765,0.0
Trilinos,13806,https://github.com/trilinos/Trilinos/pull/13806,1.63,1,28,1,1.62,0,0.9669838461896731,0.6931471805599453,3.367295829986474,0.6931471805599453,0.9631743177730056,0.0
Trilinos,13807,https://github.com/trilinos/Trilinos/pull/13807,5.57,1,10,0,5.56,0,1.8825138324965192,0.6931471805599453,2.3978952727983707,0.0,1.8809906029559977,0.0
Trilinos,13808,https://github.com/trilinos/Trilinos/pull/13808,18.72,2,32,1,18.7,0,2.9816333491744893,1.0986122886681096,3.4965075614664802,0.6931471805599453,2.9806186357439426,0.0
Trilinos,13809,https://github.com/trilinos/Trilinos/pull/13809,0.4,2,23,0,0.38,0,0.33647223662121295,1.0986122886681096,3.1780538303479458,0.0,0.32208349916911333,0.0
Trilinos,13813,https://github.com/trilinos/Trilinos/pull/13813,0.53,3,11,0,0.52,0,0.4252677354043441,1.3862943611198906,2.4849066497880004,0.0,0.41871033485818504,0.0
Trilinos,13814,https://github.com/trilinos/Trilinos/pull/13814,0.07,0,6,0,0.07,0,0.06765864847381481,0.0,1.9459101490553132,0.0,0.06765864847381481,0.0
Trilinos,13817,https://github.com/trilinos/Trilinos/pull/13817,2.77,2,10,0,1.96,0,1.3270750014599193,1.0986122886681096,2.3978952727983707,0.0,1.085189268335969,0.0
Trilinos,13818,https://github.com/trilinos/Trilinos/pull/13818,9.73,1,96,0,9.73,0,2.373043556642607,0.6931471805599453,4.574710978503383,0.0,2.373043556642607,0.0
Trilinos,13822,https://github.com/trilinos/Trilinos/pull/13822,0.6,1,8,0,0.48,0,0.4700036292457356,0.6931471805599453,2.1972245773362196,0.0,0.3920420877760237,0.0
Trilinos,13825,https://github.com/trilinos/Trilinos/pull/13825,6.81,1,17,0,6.78,0,2.0554049638515943,0.6931471805599453,2.8903717578961645,0.0,2.0515563381903004,0.0
Trilinos,13827,https://github.com/trilinos/Trilinos/pull/13827,0.1,1,8,0,0.09,0,0.09531017980432487,0.6931471805599453,2.1972245773362196,0.0,0.08617769624105233,0.0
Trilinos,13828,https://github.com/trilinos/Trilinos/pull/13828,80.6,3,45,15,80.6,0,4.401829261970061,1.3862943611198906,3.828641396489095,2.772588722239781,4.401829261970061,0.0
Trilinos,13832,https://github.com/trilinos/Trilinos/pull/13832,7.58,3,37,5,7.27,0,2.149433913499871,1.3862943611198906,3.6375861597263857,1.791759469228055,2.1126345090356,0.0
Trilinos,13834,https://github.com/trilinos/Trilinos/pull/13834,0.27,1,8,0,0.19,0,0.23901690047049992,0.6931471805599453,2.1972245773362196,0.0,0.173953307123438,0.0
Trilinos,13835,https://github.com/trilinos/Trilinos/pull/13835,0.26,1,8,0,0.24,0,0.23111172096338664,0.6931471805599453,2.1972245773362196,0.0,0.2151113796169455,0.0
Trilinos,13836,https://github.com/trilinos/Trilinos/pull/13836,0.73,1,8,0,0.59,0,0.5481214085096876,0.6931471805599453,2.1972245773362196,0.0,0.46373401623214017,0.0
Trilinos,13837,https://github.com/trilinos/Trilinos/pull/13837,76.75,2,123,5,76.52,0,4.353498551059343,1.0986122886681096,4.820281565605037,1.791759469228055,4.350535967582511,0.0
Trilinos,13840,https://github.com/trilinos/Trilinos/pull/13840,2.13,3,33,1,1.84,0,1.1410330045520618,1.3862943611198906,3.5263605246161616,0.6931471805599453,1.0438040521731147,0.0
Trilinos,13842,https://github.com/trilinos/Trilinos/pull/13842,0.15,1,10,1,0.08,0,0.13976194237515868,0.6931471805599453,2.3978952727983707,0.6931471805599453,0.07696104113612832,0.0
Trilinos,13843,https://github.com/trilinos/Trilinos/pull/13843,0.87,2,29,3,0.87,0,0.6259384308664953,1.0986122886681096,3.4011973816621555,1.3862943611198906,0.6259384308664953,0.0
Trilinos,13844,https://github.com/trilinos/Trilinos/pull/13844,0.2,2,12,0,0.18,0,0.18232155679395462,1.0986122886681096,2.5649493574615367,0.0,0.16551443847757338,0.0
Trilinos,13845,https://github.com/trilinos/Trilinos/pull/13845,3.77,1,15,0,3.73,0,1.5623463049002497,0.6931471805599453,2.772588722239781,0.0,1.5539252025038417,0.0
Trilinos,13846,https://github.com/trilinos/Trilinos/pull/13846,4.55,1,14,0,4.55,0,1.713797927758343,0.6931471805599453,2.70805020110221,0.0,1.713797927758343,0.0
Trilinos,13850,https://github.com/trilinos/Trilinos/pull/13850,2.2,1,31,0,2.6,0,1.1631508098056809,0.6931471805599453,3.4657359027997265,0.0,1.2809338454620645,0.0
Trilinos,13851,https://github.com/trilinos/Trilinos/pull/13851,1.16,1,9,0,0.67,0,0.7701082216960736,0.6931471805599453,2.302585092994046,0.0,0.5128236264286637,0.0
Trilinos,13857,https://github.com/trilinos/Trilinos/pull/13857,0.2,1,9,0,0.2,0,0.18232155679395462,0.6931471805599453,2.302585092994046,0.0,0.18232155679395462,0.0
Trilinos,13858,https://github.com/trilinos/Trilinos/pull/13858,4.51,0,15,0,4.51,0,1.706564623164823,0.0,2.772588722239781,0.0,1.706564623164823,0.0
Trilinos,13859,https://github.com/trilinos/Trilinos/pull/13859,83.49,3,132,9,83.16,0,4.436633184164753,1.3862943611198906,4.890349128221754,2.302585092994046,4.4327197489894,0.0
Trilinos,13868,https://github.com/trilinos/Trilinos/pull/13868,0.89,1,7,0,0.08,0,0.636576829071551,0.6931471805599453,2.0794415416798357,0.0,0.07696104113612832,0.0
Trilinos,13870,https://github.com/trilinos/Trilinos/pull/13870,1.95,1,8,0,1.38,0,1.0818051703517284,0.6931471805599453,2.1972245773362196,0.0,0.8671004876833832,0.0
Trilinos,13871,https://github.com/trilinos/Trilinos/pull/13871,0.56,1,60,1,0.53,0,0.44468582126144574,0.6931471805599453,4.110873864173311,0.6931471805599453,0.4252677354043441,0.0
Trilinos,13877,https://github.com/trilinos/Trilinos/pull/13877,1.22,1,57,1,1.22,0,0.7975071958841881,0.6931471805599453,4.060443010546419,0.6931471805599453,0.7975071958841881,0.0
Trilinos,13880,https://github.com/trilinos/Trilinos/pull/13880,41.04,3,52,1,40.12,0,3.7386215460087504,1.3862943611198906,3.970291913552122,0.6931471805599453,3.7164946211469094,0.0
Trilinos,13881,https://github.com/trilinos/Trilinos/pull/13881,31.86,2,86,0,31.82,0,3.492256112609122,1.0986122886681096,4.465908118654584,0.0,3.4910380856619447,0.0
Trilinos,13882,https://github.com/trilinos/Trilinos/pull/13882,0.08,1,8,0,0.05,0,0.07696104113612832,0.6931471805599453,2.1972245773362196,0.0,0.04879016416943201,0.0
Trilinos,13885,https://github.com/trilinos/Trilinos/pull/13885,3.49,1,14,0,3.43,0,1.501852701754163,0.6931471805599453,2.70805020110221,0.0,1.4883995840570443,0.0
Trilinos,13886,https://github.com/trilinos/Trilinos/pull/13886,2.73,1,11,0,2.72,0,1.3164082336557241,0.6931471805599453,2.4849066497880004,0.0,1.3137236682850553,0.0
Trilinos,13887,https://github.com/trilinos/Trilinos/pull/13887,0.13,1,9,0,0.12,0,0.12221763272424921,0.6931471805599453,2.302585092994046,0.0,0.11332868530700317,0.0
Trilinos,13888,https://github.com/trilinos/Trilinos/pull/13888,0.04,2,10,0,0.04,0,0.039220713153281295,1.0986122886681096,2.3978952727983707,0.0,0.039220713153281295,0.0
Trilinos,13890,https://github.com/trilinos/Trilinos/pull/13890,0.05,1,7,0,0.04,0,0.04879016416943201,0.6931471805599453,2.0794415416798357,0.0,0.039220713153281295,0.0
Trilinos,13891,https://github.com/trilinos/Trilinos/pull/13891,0.88,1,16,0,0.93,0,0.6312717768418579,0.6931471805599453,2.833213344056216,0.0,0.6575200029167942,0.0
Trilinos,13892,https://github.com/trilinos/Trilinos/pull/13892,6.8,1,13,0,6.74,0,2.0541237336955462,0.6931471805599453,2.639057329615259,0.0,2.046401687601636,0.0
Trilinos,13893,https://github.com/trilinos/Trilinos/pull/13893,73.33,2,47,1,73.16,0,4.308514638737202,1.0986122886681096,3.8712010109078907,0.6931471805599453,4.306224921257599,0.0
Trilinos,13895,https://github.com/trilinos/Trilinos/pull/13895,0.34,2,32,1,0.34,0,0.29266961396282,1.0986122886681096,3.4965075614664802,0.6931471805599453,0.29266961396282,0.0
Trilinos,13899,https://github.com/trilinos/Trilinos/pull/13899,0.04,1,8,0,0.02,0,0.039220713153281295,0.6931471805599453,2.1972245773362196,0.0,0.019802627296179712,0.0
Trilinos,13902,https://github.com/trilinos/Trilinos/pull/13902,11.14,2,44,4,11.12,0,2.4965057856313524,1.0986122886681096,3.8066624897703196,1.6094379124341003,2.4948569806411682,0.0
Trilinos,13903,https://github.com/trilinos/Trilinos/pull/13903,3.93,1,13,0,3.9,0,1.5953389880545987,0.6931471805599453,2.639057329615259,0.0,1.589235205116581,0.0
Trilinos,13908,https://github.com/trilinos/Trilinos/pull/13908,3.74,1,14,0,3.73,0,1.556037135706985,0.6931471805599453,2.70805020110221,0.0,1.5539252025038417,0.0
Trilinos,13909,https://github.com/trilinos/Trilinos/pull/13909,3.04,1,22,0,3.02,0,1.3962446919730587,0.6931471805599453,3.1354942159291497,0.0,1.3912819026309298,0.0
Trilinos,13910,https://github.com/trilinos/Trilinos/pull/13910,0.06,2,7,0,0.05,0,0.058268908123975775,1.0986122886681096,2.0794415416798357,0.0,0.04879016416943201,0.0
Trilinos,13911,https://github.com/trilinos/Trilinos/pull/13911,0.62,1,14,0,0.61,0,0.4824261492442927,0.6931471805599453,2.70805020110221,0.0,0.4762341789963716,0.0
Trilinos,13912,https://github.com/trilinos/Trilinos/pull/13912,0.64,1,14,0,0.63,0,0.49469624183610705,0.6931471805599453,2.70805020110221,0.0,0.48858001481867097,0.0
Trilinos,13914,https://github.com/trilinos/Trilinos/pull/13914,0.06,1,6,0,0.05,0,0.058268908123975775,0.6931471805599453,1.9459101490553132,0.0,0.04879016416943201,0.0
Trilinos,13920,https://github.com/trilinos/Trilinos/pull/13920,5.78,1,19,0,5.76,0,1.9139771019523042,0.6931471805599453,2.995732273553991,0.0,1.9110228900548727,0.0
Trilinos,13921,https://github.com/trilinos/Trilinos/pull/13921,1.45,2,17,1,0.81,0,0.8960880245566356,1.0986122886681096,2.8903717578961645,0.6931471805599453,0.5933268452777344,0.0
Trilinos,13923,https://github.com/trilinos/Trilinos/pull/13923,0.15,1,8,0,0.14,0,0.13976194237515868,0.6931471805599453,2.1972245773362196,0.0,0.1310282624064041,0.0
Trilinos,13925,https://github.com/trilinos/Trilinos/pull/13925,0.85,4,9,0,0.77,0,0.6151856390902335,1.6094379124341003,2.302585092994046,0.0,0.5709795465857378,0.0
Trilinos,13927,https://github.com/trilinos/Trilinos/pull/13927,2.7,1,10,0,2.69,0,1.308332819650179,0.6931471805599453,2.3978952727983707,0.0,1.3056264580524357,0.0
Trilinos,13928,https://github.com/trilinos/Trilinos/pull/13928,0.51,0,8,0,0.5,0,0.412109650826833,0.0,2.1972245773362196,0.0,0.4054651081081644,0.0
Trilinos,13931,https://github.com/trilinos/Trilinos/pull/13931,1.25,1,30,0,1.23,0,0.8109302162163288,0.6931471805599453,3.4339872044851463,0.0,0.8020015854720274,0.0
Trilinos,13932,https://github.com/trilinos/Trilinos/pull/13932,0.93,2,27,9,0.87,1,0.6575200029167942,1.0986122886681096,3.332204510175204,2.302585092994046,0.6259384308664953,0.6931471805599453
Trilinos,13936,https://github.com/trilinos/Trilinos/pull/13936,0.1,2,6,0,0.09,0,0.09531017980432487,1.0986122886681096,1.9459101490553132,0.0,0.08617769624105233,0.0
Trilinos,13939,https://github.com/trilinos/Trilinos/pull/13939,5.68,1,43,0,5.66,0,1.8991179875485544,0.6931471805599453,3.784189633918261,0.0,1.8961194845522977,0.0
Trilinos,13947,https://github.com/trilinos/Trilinos/pull/13947,61.85,2,93,4,61.83,0,4.140750935036256,1.0986122886681096,4.543294782270004,1.6094379124341003,4.140432666414855,0.0
Trilinos,13948,https://github.com/trilinos/Trilinos/pull/13948,3.43,1,14,0,3.43,0,1.4883995840570443,0.6931471805599453,2.70805020110221,0.0,1.4883995840570443,0.0
Trilinos,13950,https://github.com/trilinos/Trilinos/pull/13950,0.99,2,9,0,0.99,0,0.688134638736401,1.0986122886681096,2.302585092994046,0.0,0.688134638736401,0.0
Trilinos,13952,https://github.com/trilinos/Trilinos/pull/13952,0.72,2,8,0,0.72,0,0.5423242908253616,1.0986122886681096,2.1972245773362196,0.0,0.5423242908253616,0.0
Trilinos,13954,https://github.com/trilinos/Trilinos/pull/13954,1.25,1,11,0,1.24,0,0.8109302162163288,0.6931471805599453,2.4849066497880004,0.0,0.8064758658669485,0.0
Trilinos,13955,https://github.com/trilinos/Trilinos/pull/13955,0.97,1,35,0,0.97,0,0.6780335427498971,0.6931471805599453,3.58351893845611,0.0,0.6780335427498971,0.0
Trilinos,13956,https://github.com/trilinos/Trilinos/pull/13956,0.81,1,24,0,0.67,0,0.5933268452777344,0.6931471805599453,3.2188758248682006,0.0,0.5128236264286637,0.0
Trilinos,13957,https://github.com/trilinos/Trilinos/pull/13957,0.72,1,18,0,0.65,0,0.5423242908253616,0.6931471805599453,2.9444389791664403,0.0,0.5007752879124893,0.0
Trilinos,13966,https://github.com/trilinos/Trilinos/pull/13966,0.16,1,14,0,0.16,1,0.14842000511827327,0.6931471805599453,2.70805020110221,0.0,0.14842000511827327,0.6931471805599453
Trilinos,13969,https://github.com/trilinos/Trilinos/pull/13969,5.12,3,24,1,5.11,0,1.8115620965242347,1.3862943611198906,3.2188758248682006,0.6931471805599453,1.809926773183504,0.0
Trilinos,13972,https://github.com/trilinos/Trilinos/pull/13972,0.05,1,6,0,0.04,0,0.04879016416943201,0.6931471805599453,1.9459101490553132,0.0,0.039220713153281295,0.0
Trilinos,13974,https://github.com/trilinos/Trilinos/pull/13974,3.72,1,15,0,3.72,0,1.551808799597464,0.6931471805599453,2.772588722239781,0.0,1.551808799597464,0.0
Trilinos,13982,https://github.com/trilinos/Trilinos/pull/13982,6.82,1,20,0,6.71,0,2.05668455455722,0.6931471805599453,3.044522437723423,0.0,2.0425181875752383,0.0
Trilinos,13983,https://github.com/trilinos/Trilinos/pull/13983,6.77,1,21,0,6.76,0,2.050270164379556,0.6931471805599453,3.091042453358316,0.0,2.048982334195127,0.0
Trilinos,13984,https://github.com/trilinos/Trilinos/pull/13984,7.83,1,19,0,7.66,0,2.178155014615869,0.6931471805599453,2.995732273553991,0.0,2.1587147225743437,0.0
Trilinos,13989,https://github.com/trilinos/Trilinos/pull/13989,0.08,1,11,1,0.06,0,0.07696104113612832,0.6931471805599453,2.4849066497880004,0.6931471805599453,0.058268908123975775,0.0
Trilinos,13990,https://github.com/trilinos/Trilinos/pull/13990,5.79,1,22,1,5.57,0,1.9154509415706047,0.6931471805599453,3.1354942159291497,0.6931471805599453,1.8825138324965192,0.0
Trilinos,13991,https://github.com/trilinos/Trilinos/pull/13991,5.27,3,18,0,5.25,0,1.8357763546448291,1.3862943611198906,2.9444389791664403,0.0,1.8325814637483102,0.0
Trilinos,13992,https://github.com/trilinos/Trilinos/pull/13992,2.1,2,32,1,2.08,0,1.1314021114911006,1.0986122886681096,3.4965075614664802,0.6931471805599453,1.1249295969854831,0.0
Trilinos,13993,https://github.com/trilinos/Trilinos/pull/13993,6.88,1,13,0,6.88,0,2.064327903869788,0.6931471805599453,2.639057329615259,0.0,2.064327903869788,0.0
Trilinos,13999,https://github.com/trilinos/Trilinos/pull/13999,0.12,2,7,0,0.08,0,0.11332868530700317,1.0986122886681096,2.0794415416798357,0.0,0.07696104113612832,0.0
Trilinos,14000,https://github.com/trilinos/Trilinos/pull/14000,0.64,2,7,0,0.07,0,0.49469624183610705,1.0986122886681096,2.0794415416798357,0.0,0.06765864847381481,0.0
Trilinos,14002,https://github.com/trilinos/Trilinos/pull/14002,0.04,1,7,0,0.02,0,0.039220713153281295,0.6931471805599453,2.0794415416798357,0.0,0.019802627296179712,0.0
Trilinos,14003,https://github.com/trilinos/Trilinos/pull/14003,4.43,1,16,0,4.43,0,1.691939133945844,0.6931471805599453,2.833213344056216,0.0,1.691939133945844,0.0
Trilinos,14007,https://github.com/trilinos/Trilinos/pull/14007,93.21,5,185,9,93.21,1,4.545526333060576,1.791759469228055,5.225746673713202,2.302585092994046,4.545526333060576,0.6931471805599453
Trilinos,14008,https://github.com/trilinos/Trilinos/pull/14008,0.73,1,8,0,0.58,0,0.5481214085096876,0.6931471805599453,2.1972245773362196,0.0,0.4574248470388754,0.0
Trilinos,14009,https://github.com/trilinos/Trilinos/pull/14009,1.56,2,21,1,1.56,0,0.9400072584914712,1.0986122886681096,3.091042453358316,0.6931471805599453,0.9400072584914712,0.0
Trilinos,14011,https://github.com/trilinos/Trilinos/pull/14011,0.1,1,8,0,0.1,0,0.09531017980432487,0.6931471805599453,2.1972245773362196,0.0,0.09531017980432487,0.0
Trilinos,14015,https://github.com/trilinos/Trilinos/pull/14015,1.49,1,25,0,1.49,0,0.9122827104766162,0.6931471805599453,3.258096538021482,0.0,0.9122827104766162,0.0
Trilinos,14019,https://github.com/trilinos/Trilinos/pull/14019,0.57,1,18,0,0.42,0,0.4510756193602167,0.6931471805599453,2.9444389791664403,0.0,0.35065687161316933,0.0
Trilinos,14020,https://github.com/trilinos/Trilinos/pull/14020,4.52,1,41,0,4.52,0,1.7083778602890038,0.6931471805599453,3.7376696182833684,0.0,1.7083778602890038,0.0
Trilinos,14026,https://github.com/trilinos/Trilinos/pull/14026,5.96,2,16,11,5.96,0,1.9401794743463283,1.0986122886681096,2.833213344056216,2.4849066497880004,1.9401794743463283,0.0
Trilinos,14027,https://github.com/trilinos/Trilinos/pull/14027,4.43,1,16,0,4.43,0,1.691939133945844,0.6931471805599453,2.833213344056216,0.0,1.691939133945844,0.0
Trilinos,14031,https://github.com/trilinos/Trilinos/pull/14031,0.05,2,7,0,0.05,0,0.04879016416943201,1.0986122886681096,2.0794415416798357,0.0,0.04879016416943201,0.0
Trilinos,14033,https://github.com/trilinos/Trilinos/pull/14033,0.74,2,43,0,0.74,0,0.5538851132264376,1.0986122886681096,3.784189633918261,0.0,0.5538851132264376,0.0
Trilinos,14035,https://github.com/trilinos/Trilinos/pull/14035,0.63,1,19,0,0.63,0,0.48858001481867097,0.6931471805599453,2.995732273553991,0.0,0.48858001481867097,0.0
Trilinos,14038,https://github.com/trilinos/Trilinos/pull/14038,1.04,2,18,0,0.71,0,0.712949807856125,1.0986122886681096,2.9444389791664403,0.0,0.5364933705145685,0.0
Trilinos,14041,https://github.com/trilinos/Trilinos/pull/14041,0.05,1,8,0,0.05,0,0.04879016416943201,0.6931471805599453,2.1972245773362196,0.0,0.04879016416943201,0.0
Trilinos,14042,https://github.com/trilinos/Trilinos/pull/14042,9.98,1,27,0,9.98,0,2.3960754360813845,0.6931471805599453,3.332204510175204,0.0,2.3960754360813845,0.0
Trilinos,14043,https://github.com/trilinos/Trilinos/pull/14043,0.12,1,9,0,0.09,0,0.11332868530700317,0.6931471805599453,2.302585092994046,0.0,0.08617769624105233,0.0
Trilinos,14044,https://github.com/trilinos/Trilinos/pull/14044,0.06,0,7,0,0.06,0,0.058268908123975775,0.0,2.0794415416798357,0.0,0.058268908123975775,0.0
Trilinos,14045,https://github.com/trilinos/Trilinos/pull/14045,8.76,4,285,3,8.76,0,2.278292400425001,1.6094379124341003,5.655991810819852,1.3862943611198906,2.278292400425001,0.0
Trilinos,14048,https://github.com/trilinos/Trilinos/pull/14048,1.58,1,74,0,1.58,0,0.9477893989335261,0.6931471805599453,4.31748811353631,0.0,0.9477893989335261,0.0
Trilinos,14050,https://github.com/trilinos/Trilinos/pull/14050,0.06,0,7,0,0.06,0,0.058268908123975775,0.0,2.0794415416798357,0.0,0.058268908123975775,0.0
Trilinos,14052,https://github.com/trilinos/Trilinos/pull/14052,0.13,1,11,0,0.13,0,0.12221763272424921,0.6931471805599453,2.4849066497880004,0.0,0.12221763272424921,0.0
Trilinos,14053,https://github.com/trilinos/Trilinos/pull/14053,10.93,6,56,3,10.93,0,2.479056236109825,1.9459101490553132,4.04305126783455,1.3862943611198906,2.479056236109825,0.0
Trilinos,14056,https://github.com/trilinos/Trilinos/pull/14056,2.84,1,33,0,2.84,0,1.3454723665996355,0.6931471805599453,3.5263605246161616,0.0,1.3454723665996355,0.0
Trilinos,14061,https://github.com/trilinos/Trilinos/pull/14061,32.84,4,37,8,32.84,0,3.521643534738023,1.6094379124341003,3.6375861597263857,2.1972245773362196,3.521643534738023,0.0
Trilinos,14062,https://github.com/trilinos/Trilinos/pull/14062,0.58,2,33,1,0.58,0,0.4574248470388754,1.0986122886681096,3.5263605246161616,0.6931471805599453,0.4574248470388754,0.0
Trilinos,14063,https://github.com/trilinos/Trilinos/pull/14063,0.19,2,7,0,0.09,0,0.173953307123438,1.0986122886681096,2.0794415416798357,0.0,0.08617769624105233,0.0
Trilinos,14064,https://github.com/trilinos/Trilinos/pull/14064,41.19,1,10,0,41.19,0,3.7421832261362473,0.6931471805599453,2.3978952727983707,0.0,3.7421832261362473,0.0
Trilinos,14065,https://github.com/trilinos/Trilinos/pull/14065,6.24,1,32,3,6.22,0,1.979621206397625,0.6931471805599453,3.4965075614664802,1.3862943611198906,1.9768549529047348,0.0
Trilinos,14067,https://github.com/trilinos/Trilinos/pull/14067,35.07,1,55,0,35.07,0,3.5854614949154477,0.6931471805599453,4.02535169073515,0.0,3.5854614949154477,0.0
Trilinos,14069,https://github.com/trilinos/Trilinos/pull/14069,2.62,1,13,0,2.43,0,1.2864740258376797,0.6931471805599453,2.639057329615259,0.0,1.2325602611778486,0.0
Trilinos,14070,https://github.com/trilinos/Trilinos/pull/14070,0.13,1,12,0,0.13,0,0.12221763272424921,0.6931471805599453,2.5649493574615367,0.0,0.12221763272424921,0.0
Trilinos,14072,https://github.com/trilinos/Trilinos/pull/14072,0.04,1,10,0,0.04,0,0.039220713153281295,0.6931471805599453,2.3978952727983707,0.0,0.039220713153281295,0.0
Trilinos,14073,https://github.com/trilinos/Trilinos/pull/14073,1.04,1,69,0,1.04,0,0.712949807856125,0.6931471805599453,4.248495242049359,0.0,0.712949807856125,0.0
Trilinos,14074,https://github.com/trilinos/Trilinos/pull/14074,1.02,1,65,0,1.02,0,0.7030975114131134,0.6931471805599453,4.189654742026425,0.0,0.7030975114131134,0.0
Trilinos,14076,https://github.com/trilinos/Trilinos/pull/14076,2.93,2,49,1,2.93,0,1.3686394258811698,1.0986122886681096,3.912023005428146,0.6931471805599453,1.3686394258811698,0.0
Trilinos,14077,https://github.com/trilinos/Trilinos/pull/14077,0.11,1,7,0,0.11,0,0.10436001532424277,0.6931471805599453,2.0794415416798357,0.0,0.10436001532424277,0.0
Trilinos,14080,https://github.com/trilinos/Trilinos/pull/14080,3.83,1,15,0,3.43,0,1.5748464676644813,0.6931471805599453,2.772588722239781,0.0,1.4883995840570443,0.0
Trilinos,14081,https://github.com/trilinos/Trilinos/pull/14081,5.13,1,13,0,4.61,0,1.81319474994812,0.6931471805599453,2.639057329615259,0.0,1.724550719534605,0.0
Trilinos,14084,https://github.com/trilinos/Trilinos/pull/14084,32.97,3,120,4,32.97,1,3.5254777821724925,1.3862943611198906,4.795790545596741,1.6094379124341003,3.5254777821724925,0.6931471805599453
Trilinos,14087,https://github.com/trilinos/Trilinos/pull/14087,0.49,1,13,1,0.49,0,0.3987761199573678,0.6931471805599453,2.639057329615259,0.6931471805599453,0.3987761199573678,0.0
Trilinos,14088,https://github.com/trilinos/Trilinos/pull/14088,0.76,2,11,0,0.76,0,0.5653138090500605,1.0986122886681096,2.4849066497880004,0.0,0.5653138090500605,0.0
Trilinos,14091,https://github.com/trilinos/Trilinos/pull/14091,0.75,1,45,17,3.84,0,0.5596157879354227,0.6931471805599453,3.828641396489095,2.8903717578961645,1.5769147207285403,0.0
Trilinos,14092,https://github.com/trilinos/Trilinos/pull/14092,3.7,1,15,0,3.43,0,1.547562508716013,0.6931471805599453,2.772588722239781,0.0,1.4883995840570443,0.0
Trilinos,14093,https://github.com/trilinos/Trilinos/pull/14093,1.32,2,39,4,1.27,0,0.8415671856782186,1.0986122886681096,3.6888794541139363,1.6094379124341003,0.8197798314933114,0.0
Trilinos,14095,https://github.com/trilinos/Trilinos/pull/14095,0.08,1,7,0,0.08,0,0.07696104113612832,0.6931471805599453,2.0794415416798357,0.0,0.07696104113612832,0.0
Trilinos,14096,https://github.com/trilinos/Trilinos/pull/14096,0.94,1,57,0,0.94,0,0.6626879730752367,0.6931471805599453,4.060443010546419,0.0,0.6626879730752367,0.0
Trilinos,14099,https://github.com/trilinos/Trilinos/pull/14099,0.46,0,10,0,0.54,0,0.3784364357202451,0.0,2.3978952727983707,0.0,0.43178241642553783,0.0
Trilinos,14101,https://github.com/trilinos/Trilinos/pull/14101,0.08,1,5,0,0.08,0,0.07696104113612832,0.6931471805599453,1.791759469228055,0.0,0.07696104113612832,0.0
Trilinos,14102,https://github.com/trilinos/Trilinos/pull/14102,2.21,2,18,1,2.21,0,1.1662709371419244,1.0986122886681096,2.9444389791664403,0.6931471805599453,1.1662709371419244,0.0
Trilinos,14104,https://github.com/trilinos/Trilinos/pull/14104,0.04,2,8,0,0.04,0,0.039220713153281295,1.0986122886681096,2.1972245773362196,0.0,0.039220713153281295,0.0
Trilinos,14105,https://github.com/trilinos/Trilinos/pull/14105,18.19,3,67,6,18.19,0,2.9543893100196086,1.3862943611198906,4.219507705176107,1.9459101490553132,2.9543893100196086,0.0
Trilinos,14107,https://github.com/trilinos/Trilinos/pull/14107,2.9,1,15,0,2.9,0,1.3609765531356006,0.6931471805599453,2.772588722239781,0.0,1.3609765531356006,0.0
Trilinos,14110,https://github.com/trilinos/Trilinos/pull/14110,0.05,1,9,0,0.05,0,0.04879016416943201,0.6931471805599453,2.302585092994046,0.0,0.04879016416943201,0.0
Trilinos,14111,https://github.com/trilinos/Trilinos/pull/14111,0.05,1,8,0,0.05,0,0.04879016416943201,0.6931471805599453,2.1972245773362196,0.0,0.04879016416943201,0.0
Trilinos,14113,https://github.com/trilinos/Trilinos/pull/14113,13.75,5,58,7,13.75,1,2.691243082785829,1.791759469228055,4.07753744390572,2.0794415416798357,2.691243082785829,0.6931471805599453
Trilinos,14116,https://github.com/trilinos/Trilinos/pull/14116,0.34,2,11,2,0.15,0,0.29266961396282,1.0986122886681096,2.4849066497880004,1.0986122886681096,0.13976194237515868,0.0
Trilinos,14117,https://github.com/trilinos/Trilinos/pull/14117,18.83,2,54,22,18.18,0,2.9871959425317045,1.0986122886681096,4.007333185232471,3.1354942159291497,2.953868069455292,0.0
Trilinos,14118,https://github.com/trilinos/Trilinos/pull/14118,4.93,2,54,1,4.77,1,1.780024213009634,1.0986122886681096,4.007333185232471,0.6931471805599453,1.752672080520008,0.6931471805599453
Trilinos,14120,https://github.com/trilinos/Trilinos/pull/14120,13.94,3,77,7,13.94,1,2.7040421797046714,1.3862943611198906,4.356708826689592,2.0794415416798357,2.7040421797046714,0.6931471805599453
Trilinos,14121,https://github.com/trilinos/Trilinos/pull/14121,0.62,2,15,0,0.62,0,0.4824261492442927,1.0986122886681096,2.772588722239781,0.0,0.4824261492442927,0.0
Trilinos,14124,https://github.com/trilinos/Trilinos/pull/14124,0.08,1,13,0,16.92,0,0.07696104113612832,0.6931471805599453,2.639057329615259,0.0,2.8859174075467844,0.0
Trilinos,14126,https://github.com/trilinos/Trilinos/pull/14126,3.74,1,15,0,3.43,0,1.556037135706985,0.6931471805599453,2.772588722239781,0.0,1.4883995840570443,0.0
Trilinos,14128,https://github.com/trilinos/Trilinos/pull/14128,2.16,2,29,3,2.16,0,1.1505720275988207,1.0986122886681096,3.4011973816621555,1.3862943611198906,1.1505720275988207,0.0
Trilinos,14130,https://github.com/trilinos/Trilinos/pull/14130,0.7,1,35,0,0.7,0,0.5306282510621704,0.6931471805599453,3.58351893845611,0.0,0.5306282510621704,0.0
Trilinos,14131,https://github.com/trilinos/Trilinos/pull/14131,0.62,1,23,0,0.61,0,0.4824261492442927,0.6931471805599453,3.1780538303479458,0.0,0.4762341789963716,0.0
Trilinos,14132,https://github.com/trilinos/Trilinos/pull/14132,0.04,1,11,0,0.04,0,0.039220713153281295,0.6931471805599453,2.4849066497880004,0.0,0.039220713153281295,0.0
Trilinos,14133,https://github.com/trilinos/Trilinos/pull/14133,0.16,1,8,0,0.08,0,0.14842000511827327,0.6931471805599453,2.1972245773362196,0.0,0.07696104113612832,0.0
Trilinos,14137,https://github.com/trilinos/Trilinos/pull/14137,0.09,1,8,0,0.09,0,0.08617769624105233,0.6931471805599453,2.1972245773362196,0.0,0.08617769624105233,0.0
Trilinos,14138,https://github.com/trilinos/Trilinos/pull/14138,42.77,4,22,4,42.76,1,3.778948651202804,1.6094379124341003,3.1354942159291497,1.6094379124341003,3.7787201581137255,0.6931471805599453
Trilinos,14141,https://github.com/trilinos/Trilinos/pull/14141,2.67,1,9,0,0.43,0,1.3001916620664788,0.6931471805599453,2.302585092994046,0.0,0.3576744442718159,0.0
Trilinos,14143,https://github.com/trilinos/Trilinos/pull/14143,0.17,2,8,0,0.17,0,0.15700374880966475,1.0986122886681096,2.1972245773362196,0.0,0.15700374880966475,0.0
Trilinos,14145,https://github.com/trilinos/Trilinos/pull/14145,0.11,1,7,0,0.11,0,0.10436001532424277,0.6931471805599453,2.0794415416798357,0.0,0.10436001532424277,0.0
Trilinos,14146,https://github.com/trilinos/Trilinos/pull/14146,31.99,4,94,20,31.9,0,3.49620448524049,1.6094379124341003,4.553876891600541,3.044522437723423,3.493472657771326,0.0
Trilinos,14148,https://github.com/trilinos/Trilinos/pull/14148,0.14,1,9,0,0.14,0,0.1310282624064041,0.6931471805599453,2.302585092994046,0.0,0.1310282624064041,0.0
Trilinos,14153,https://github.com/trilinos/Trilinos/pull/14153,0.08,1,9,0,0.08,0,0.07696104113612832,0.6931471805599453,2.302585092994046,0.0,0.07696104113612832,0.0
Trilinos,14154,https://github.com/trilinos/Trilinos/pull/14154,0.11,1,12,0,4.06,0,0.10436001532424277,0.6931471805599453,2.5649493574615367,0.0,1.6213664832993742,0.0
Trilinos,14155,https://github.com/trilinos/Trilinos/pull/14155,0.26,2,17,0,0.26,0,0.23111172096338664,1.0986122886681096,2.8903717578961645,0.0,0.23111172096338664,0.0
Trilinos,14160,https://github.com/trilinos/Trilinos/pull/14160,0.88,1,17,0,0.88,0,0.6312717768418579,0.6931471805599453,2.8903717578961645,0.0,0.6312717768418579,0.0
Trilinos,14161,https://github.com/trilinos/Trilinos/pull/14161,3.17,1,15,2,3.17,0,1.4279160358107101,0.6931471805599453,2.772588722239781,1.0986122886681096,1.4279160358107101,0.0
Trilinos,14162,https://github.com/trilinos/Trilinos/pull/14162,5.03,3,38,6,5.03,0,1.7967470107390942,1.3862943611198906,3.6635616461296463,1.9459101490553132,1.7967470107390942,0.0
Trilinos,14163,https://github.com/trilinos/Trilinos/pull/14163,2.79,1,16,0,2.79,0,1.332366019094335,0.6931471805599453,2.833213344056216,0.0,1.332366019094335,0.0
Trilinos,14164,https://github.com/trilinos/Trilinos/pull/14164,4.6,1,14,0,4.6,0,1.7227665977411035,0.6931471805599453,2.70805020110221,0.0,1.7227665977411035,0.0
Trilinos,14167,https://github.com/trilinos/Trilinos/pull/14167,2.71,1,21,1,2.7,0,1.3110318766193438,0.6931471805599453,3.091042453358316,0.6931471805599453,1.308332819650179,0.0
Trilinos,14169,https://github.com/trilinos/Trilinos/pull/14169,2.66,4,28,3,2.12,1,1.297463147413275,1.6094379124341003,3.367295829986474,1.3862943611198906,1.1378330018213911,0.6931471805599453
Trilinos,14170,https://github.com/trilinos/Trilinos/pull/14170,1.72,1,14,0,1.71,0,1.000631880307906,0.6931471805599453,2.70805020110221,0.0,0.9969486348916095,0.0
Trilinos,14173,https://github.com/trilinos/Trilinos/pull/14173,0.48,1,9,0,0.48,0,0.3920420877760237,0.6931471805599453,2.302585092994046,0.0,0.3920420877760237,0.0
Trilinos,14174,https://github.com/trilinos/Trilinos/pull/14174,1.76,1,107,0,1.75,0,1.0152306797290587,0.6931471805599453,4.68213122712422,0.0,1.0116009116784799,0.0
Trilinos,14175,https://github.com/trilinos/Trilinos/pull/14175,0.18,1,9,0,0.18,0,0.16551443847757338,0.6931471805599453,2.302585092994046,0.0,0.16551443847757338,0.0
Trilinos,14176,https://github.com/trilinos/Trilinos/pull/14176,0.94,2,15,0,0.94,0,0.6626879730752367,1.0986122886681096,2.772588722239781,0.0,0.6626879730752367,0.0
Trilinos,14179,https://github.com/trilinos/Trilinos/pull/14179,0.24,1,10,0,0.24,0,0.2151113796169455,0.6931471805599453,2.3978952727983707,0.0,0.2151113796169455,0.0
Trilinos,14185,https://github.com/trilinos/Trilinos/pull/14185,0.24,2,18,1,0.24,0,0.2151113796169455,1.0986122886681096,2.9444389791664403,0.6931471805599453,0.2151113796169455,0.0
Trilinos,14186,https://github.com/trilinos/Trilinos/pull/14186,0.46,1,24,0,0.46,0,0.3784364357202451,0.6931471805599453,3.2188758248682006,0.0,0.3784364357202451,0.0
Trilinos,14187,https://github.com/trilinos/Trilinos/pull/14187,0.27,1,14,1,0.27,0,0.23901690047049992,0.6931471805599453,2.70805020110221,0.6931471805599453,0.23901690047049992,0.0
Trilinos,14191,https://github.com/trilinos/Trilinos/pull/14191,0.16,1,18,0,0.16,0,0.14842000511827327,0.6931471805599453,2.9444389791664403,0.0,0.14842000511827327,0.0
Trilinos,14193,https://github.com/trilinos/Trilinos/pull/14193,0.93,3,25,2,0.93,0,0.6575200029167942,1.3862943611198906,3.258096538021482,1.0986122886681096,0.6575200029167942,0.0
Trilinos,14194,https://github.com/trilinos/Trilinos/pull/14194,0.12,1,21,0,0.12,0,0.11332868530700317,0.6931471805599453,3.091042453358316,0.0,0.11332868530700317,0.0
Trilinos,14195,https://github.com/trilinos/Trilinos/pull/14195,0.6,1,9,1,0.6,0,0.4700036292457356,0.6931471805599453,2.302585092994046,0.6931471805599453,0.4700036292457356,0.0
Trilinos,14196,https://github.com/trilinos/Trilinos/pull/14196,0.07,2,10,0,0.06,0,0.06765864847381481,1.0986122886681096,2.3978952727983707,0.0,0.058268908123975775,0.0
Trilinos,14199,https://github.com/trilinos/Trilinos/pull/14199,0.83,2,14,1,0.83,0,0.6043159668533296,1.0986122886681096,2.70805020110221,0.6931471805599453,0.6043159668533296,0.0
Trilinos,14201,https://github.com/trilinos/Trilinos/pull/14201,0.6,1,7,0,0.05,0,0.4700036292457356,0.6931471805599453,2.0794415416798357,0.0,0.04879016416943201,0.0
Trilinos,14205,https://github.com/trilinos/Trilinos/pull/14205,0.83,1,14,0,0.83,0,0.6043159668533296,0.6931471805599453,2.70805020110221,0.0,0.6043159668533296,0.0
Trilinos,14206,https://github.com/trilinos/Trilinos/pull/14206,4.75,3,23,3,4.76,0,1.749199854809259,1.3862943611198906,3.1780538303479458,1.3862943611198906,1.7509374747077997,0.0
Trilinos,14207,https://github.com/trilinos/Trilinos/pull/14207,1.0,1,15,0,1.0,0,0.6931471805599453,0.6931471805599453,2.772588722239781,0.0,0.6931471805599453,0.0
Trilinos,14211,https://github.com/trilinos/Trilinos/pull/14211,4.98,1,97,1,4.98,0,1.7884205679625405,0.6931471805599453,4.584967478670572,0.6931471805599453,1.7884205679625405,0.0
Trilinos,14212,https://github.com/trilinos/Trilinos/pull/14212,2.81,1,13,0,2.43,0,1.3376291891386096,0.6931471805599453,2.639057329615259,0.0,1.2325602611778486,0.0
Trilinos,14213,https://github.com/trilinos/Trilinos/pull/14213,0.22,1,6,0,0.16,0,0.1988508587451652,0.6931471805599453,1.9459101490553132,0.0,0.14842000511827327,0.0
Trilinos,14216,https://github.com/trilinos/Trilinos/pull/14216,6.38,1,7,0,6.28,0,1.998773638612381,0.6931471805599453,2.0794415416798357,0.0,1.9851308622085946,0.0
Trilinos,14217,https://github.com/trilinos/Trilinos/pull/14217,0.7,1,10,0,0.7,0,0.5306282510621704,0.6931471805599453,2.3978952727983707,0.0,0.5306282510621704,0.0
Trilinos,14219,https://github.com/trilinos/Trilinos/pull/14219,20.02,2,42,2,20.02,0,3.045474365448805,1.0986122886681096,3.7612001156935624,1.0986122886681096,3.045474365448805,0.0
Trilinos,14220,https://github.com/trilinos/Trilinos/pull/14220,14.72,2,30,7,14.72,0,2.7549337870010606,1.0986122886681096,3.4339872044851463,2.0794415416798357,2.7549337870010606,0.0
Trilinos,14226,https://github.com/trilinos/Trilinos/pull/14226,0.06,0,7,0,0.06,0,0.058268908123975775,0.0,2.0794415416798357,0.0,0.058268908123975775,0.0
Trilinos,14229,https://github.com/trilinos/Trilinos/pull/14229,0.86,2,11,0,0.86,0,0.6205764877251099,1.0986122886681096,2.4849066497880004,0.0,0.6205764877251099,0.0
Trilinos,14238,https://github.com/trilinos/Trilinos/pull/14238,1.03,1,13,0,1.03,0,0.708035793053696,0.6931471805599453,2.639057329615259,0.0,0.708035793053696,0.0
Trilinos,14241,https://github.com/trilinos/Trilinos/pull/14241,0.34,0,13,0,0.69,0,0.29266961396282,0.0,2.639057329615259,0.0,0.5247285289349821,0.0
Trilinos,14242,https://github.com/trilinos/Trilinos/pull/14242,13.13,1,32,0,13.0,0,2.648300196696436,0.6931471805599453,3.4965075614664802,0.0,2.639057329615259,0.0
Trilinos,14244,https://github.com/trilinos/Trilinos/pull/14244,0.01,0,3,0,0.0,0,0.009950330853168083,0.0,1.3862943611198906,0.0,0.0,0.0
Trilinos,14246,https://github.com/trilinos/Trilinos/pull/14246,0.78,1,12,0,0.78,0,0.5766133643039938,0.6931471805599453,2.5649493574615367,0.0,0.5766133643039938,0.0
Trilinos,14247,https://github.com/trilinos/Trilinos/pull/14247,0.8,2,11,0,0.8,0,0.5877866649021191,1.0986122886681096,2.4849066497880004,0.0,0.5877866649021191,0.0
Trilinos,14249,https://github.com/trilinos/Trilinos/pull/14249,2.52,1,13,0,2.43,0,1.2584609896100059,0.6931471805599453,2.639057329615259,0.0,1.2325602611778486,0.0
Trilinos,14250,https://github.com/trilinos/Trilinos/pull/14250,2.58,1,11,0,2.58,0,1.275362800412609,0.6931471805599453,2.4849066497880004,0.0,1.275362800412609,0.0
Trilinos,14251,https://github.com/trilinos/Trilinos/pull/14251,2.58,1,15,0,2.58,0,1.275362800412609,0.6931471805599453,2.772588722239781,0.0,1.275362800412609,0.0
Trilinos,14260,https://github.com/trilinos/Trilinos/pull/14260,0.09,1,10,0,0.09,0,0.08617769624105233,0.6931471805599453,2.3978952727983707,0.0,0.08617769624105233,0.0
Trilinos,14262,https://github.com/trilinos/Trilinos/pull/14262,11.95,1,32,0,11.95,0,2.5610957881455465,0.6931471805599453,3.4965075614664802,0.0,2.5610957881455465,0.0
Trilinos,14264,https://github.com/trilinos/Trilinos/pull/14264,6.66,1,24,0,6.02,0,2.0360119837525,0.6931471805599453,3.2188758248682006,0.0,1.9487632180377197,0.0
Trilinos,14275,https://github.com/trilinos/Trilinos/pull/14275,0.62,2,17,0,0.61,0,0.4824261492442927,1.0986122886681096,2.8903717578961645,0.0,0.4762341789963716,0.0
Trilinos,14278,https://github.com/trilinos/Trilinos/pull/14278,2.43,1,13,0,2.43,0,1.2325602611778486,0.6931471805599453,2.639057329615259,0.0,1.2325602611778486,0.0
Trilinos,14281,https://github.com/trilinos/Trilinos/pull/14281,15.03,2,44,1,15.03,0,2.7744619666214616,1.0986122886681096,3.8066624897703196,0.6931471805599453,2.7744619666214616,0.0
Trilinos,14284,https://github.com/trilinos/Trilinos/pull/14284,1.63,1,129,0,1.63,0,0.9669838461896731,0.6931471805599453,4.867534450455582,0.0,0.9669838461896731,0.0
Trilinos,14285,https://github.com/trilinos/Trilinos/pull/14285,0.39,1,15,0,0.39,0,0.3293037471426004,0.6931471805599453,2.772588722239781,0.0,0.3293037471426004,0.0
Trilinos,14286,https://github.com/trilinos/Trilinos/pull/14286,13.92,2,40,2,13.91,0,2.702702594775615,1.0986122886681096,3.713572066704308,1.0986122886681096,2.702032128776647,0.0
Trilinos,14287,https://github.com/trilinos/Trilinos/pull/14287,13.68,1,29,0,13.68,0,2.6864860231863696,0.6931471805599453,3.4011973816621555,0.0,2.6864860231863696,0.0
Trilinos,14291,https://github.com/trilinos/Trilinos/pull/14291,7.23,3,40,5,7.23,1,2.1077860146889784,1.3862943611198906,3.713572066704308,1.791759469228055,2.1077860146889784,0.6931471805599453
Trilinos,14292,https://github.com/trilinos/Trilinos/pull/14292,3.88,1,11,0,3.88,0,1.5851452198650557,0.6931471805599453,2.4849066497880004,0.0,1.5851452198650557,0.0
Trilinos,14295,https://github.com/trilinos/Trilinos/pull/14295,2.92,1,12,0,2.92,0,1.366091653802371,0.6931471805599453,2.5649493574615367,0.0,1.366091653802371,0.0
Trilinos,14296,https://github.com/trilinos/Trilinos/pull/14296,2.86,1,13,0,2.43,0,1.3506671834767394,0.6931471805599453,2.639057329615259,0.0,1.2325602611778486,0.0
Trilinos,14303,https://github.com/trilinos/Trilinos/pull/14303,0.38,1,19,0,0.38,0,0.32208349916911333,0.6931471805599453,2.995732273553991,0.0,0.32208349916911333,0.0
Trilinos,14304,https://github.com/trilinos/Trilinos/pull/14304,0.44,1,39,0,0.44,0,0.36464311358790924,0.6931471805599453,3.6888794541139363,0.0,0.36464311358790924,0.0
Trilinos,14309,https://github.com/trilinos/Trilinos/pull/14309,0.34,1,8,0,0.34,0,0.29266961396282,0.6931471805599453,2.1972245773362196,0.0,0.29266961396282,0.0
Trilinos,14310,https://github.com/trilinos/Trilinos/pull/14310,2.06,1,13,2,2.06,0,1.1184149159642893,0.6931471805599453,2.639057329615259,1.0986122886681096,1.1184149159642893,0.0
Trilinos,14311,https://github.com/trilinos/Trilinos/pull/14311,5.04,2,16,0,4.69,0,1.7984040119467237,1.0986122886681096,2.833213344056216,0.0,1.7387102481382395,0.0
Trilinos,14312,https://github.com/trilinos/Trilinos/pull/14312,4.27,1,20,0,4.27,0,1.6620303625532709,0.6931471805599453,3.044522437723423,0.0,1.6620303625532709,0.0
Trilinos,14319,https://github.com/trilinos/Trilinos/pull/14319,0.82,1,9,0,0.81,0,0.598836501088704,0.6931471805599453,2.302585092994046,0.0,0.5933268452777344,0.0
Trilinos,14320,https://github.com/trilinos/Trilinos/pull/14320,3.43,1,15,0,3.43,0,1.4883995840570443,0.6931471805599453,2.772588722239781,0.0,1.4883995840570443,0.0
Trilinos,14321,https://github.com/trilinos/Trilinos/pull/14321,0.49,1,14,0,0.49,0,0.3987761199573678,0.6931471805599453,2.70805020110221,0.0,0.3987761199573678,0.0
Trilinos,14327,https://github.com/trilinos/Trilinos/pull/14327,0.26,1,12,0,0.15,0,0.23111172096338664,0.6931471805599453,2.5649493574615367,0.0,0.13976194237515868,0.0
Trilinos,14331,https://github.com/trilinos/Trilinos/pull/14331,0.76,1,43,0,0.76,0,0.5653138090500605,0.6931471805599453,3.784189633918261,0.0,0.5653138090500605,0.0
Trilinos,14333,https://github.com/trilinos/Trilinos/pull/14333,0.11,1,7,0,0.11,0,0.10436001532424277,0.6931471805599453,2.0794415416798357,0.0,0.10436001532424277,0.0
Trilinos,14338,https://github.com/trilinos/Trilinos/pull/14338,0.18,1,10,0,0.18,0,0.16551443847757338,0.6931471805599453,2.3978952727983707,0.0,0.16551443847757338,0.0
amrex,3109,https://github.com/AMReX-Codes/amrex/pull/3109,0.72,1,2,0,0.48,0,0.5423242908253616,0.6931471805599453,1.0986122886681096,0.0,0.3920420877760237,0.0
amrex,3615,https://github.com/AMReX-Codes/amrex/pull/3615,144.01,1,0,0,,0,4.976802705559804,0.6931471805599453,0.0,0.0,,0.0
amrex,3684,https://github.com/AMReX-Codes/amrex/pull/3684,227.53,1,2,0,8.12,0,5.431667492744793,0.6931471805599453,1.0986122886681096,0.0,2.21046980408624,0.0
amrex,3702,https://github.com/AMReX-Codes/amrex/pull/3702,8.1,1,2,0,0.0,0,2.2082744135228043,0.6931471805599453,1.0986122886681096,0.0,0.0,0.0
amrex,3711,https://github.com/AMReX-Codes/amrex/pull/3711,21.94,1,2,0,0.12,0,3.1328821117012247,0.6931471805599453,1.0986122886681096,0.0,0.11332868530700317,0.0
amrex,3725,https://github.com/AMReX-Codes/amrex/pull/3725,0.15,1,0,1,,0,0.13976194237515868,0.6931471805599453,0.0,0.6931471805599453,,0.0
amrex,3729,https://github.com/AMReX-Codes/amrex/pull/3729,0.04,1,0,0,,0,0.039220713153281295,0.6931471805599453,0.0,0.0,,0.0
amrex,3732,https://github.com/AMReX-Codes/amrex/pull/3732,0.11,2,2,1,0.0,0,0.10436001532424277,1.0986122886681096,1.0986122886681096,0.6931471805599453,0.0,0.0
amrex,3734,https://github.com/AMReX-Codes/amrex/pull/3734,0.04,1,0,0,,0,0.039220713153281295,0.6931471805599453,0.0,0.0,,0.0
amrex,3736,https://github.com/AMReX-Codes/amrex/pull/3736,0.18,3,5,2,0.03,0,0.16551443847757338,1.3862943611198906,1.791759469228055,1.0986122886681096,0.0295588022415444,0.0
amrex,3738,https://github.com/AMReX-Codes/amrex/pull/3738,0.32,1,0,0,,0,0.2776317365982795,0.6931471805599453,0.0,0.0,,0.0
amrex,3741,https://github.com/AMReX-Codes/amrex/pull/3741,0.49,1,0,0,,0,0.3987761199573678,0.6931471805599453,0.0,0.0,,0.0
amrex,3742,https://github.com/AMReX-Codes/amrex/pull/3742,4.17,2,1,0,,0,1.6428726885203377,1.0986122886681096,0.6931471805599453,0.0,,0.0
amrex,3743,https://github.com/AMReX-Codes/amrex/pull/3743,6.77,2,10,0,1.0,0,2.050270164379556,1.0986122886681096,2.3978952727983707,0.0,0.6931471805599453,0.0
amrex,3747,https://github.com/AMReX-Codes/amrex/pull/3747,0.11,1,0,0,,0,0.10436001532424277,0.6931471805599453,0.0,0.0,,0.0
amrex,3754,https://github.com/AMReX-Codes/amrex/pull/3754,1.15,1,0,0,,0,0.7654678421395714,0.6931471805599453,0.0,0.0,,0.0
amrex,3758,https://github.com/AMReX-Codes/amrex/pull/3758,0.19,1,2,0,0.08,0,0.173953307123438,0.6931471805599453,1.0986122886681096,0.0,0.07696104113612832,0.0
amrex,3760,https://github.com/AMReX-Codes/amrex/pull/3760,0.95,1,0,0,,0,0.6678293725756554,0.6931471805599453,0.0,0.0,,0.0
amrex,3763,https://github.com/AMReX-Codes/amrex/pull/3763,0.11,1,0,0,,0,0.10436001532424277,0.6931471805599453,0.0,0.0,,0.0
amrex,3765,https://github.com/AMReX-Codes/amrex/pull/3765,8.11,1,0,0,,0,2.209372711271867,0.6931471805599453,0.0,0.0,,0.0
amrex,3768,https://github.com/AMReX-Codes/amrex/pull/3768,4.88,1,1,0,,0,1.7715567619105355,0.6931471805599453,0.6931471805599453,0.0,,0.0
amrex,3769,https://github.com/AMReX-Codes/amrex/pull/3769,0.07,2,1,0,,0,0.06765864847381481,1.0986122886681096,0.6931471805599453,0.0,,0.0
amrex,3770,https://github.com/AMReX-Codes/amrex/pull/3770,0.59,1,0,0,,0,0.46373401623214017,0.6931471805599453,0.0,0.0,,0.0
amrex,3771,https://github.com/AMReX-Codes/amrex/pull/3771,0.04,1,0,0,,0,0.039220713153281295,0.6931471805599453,0.0,0.0,,0.0
amrex,3772,https://github.com/AMReX-Codes/amrex/pull/3772,0.03,1,0,0,,0,0.0295588022415444,0.6931471805599453,0.0,0.0,,0.0
amrex,3777,https://github.com/AMReX-Codes/amrex/pull/3777,0.06,1,0,0,,0,0.058268908123975775,0.6931471805599453,0.0,0.0,,0.0
amrex,3778,https://github.com/AMReX-Codes/amrex/pull/3778,6.73,1,1,0,,0,2.0451088625993306,0.6931471805599453,0.6931471805599453,0.0,,0.0
amrex,3779,https://github.com/AMReX-Codes/amrex/pull/3779,7.05,1,1,0,,0,2.085672091430472,0.6931471805599453,0.6931471805599453,0.0,,0.0
amrex,3781,https://github.com/AMReX-Codes/amrex/pull/3781,3.93,1,0,0,,0,1.5953389880545987,0.6931471805599453,0.0,0.0,,0.0
amrex,3782,https://github.com/AMReX-Codes/amrex/pull/3782,6.2,1,3,0,5.93,0,1.9740810260220096,0.6931471805599453,1.3862943611198906,0.0,1.9358598132018119,0.0
amrex,3783,https://github.com/AMReX-Codes/amrex/pull/3783,5.03,2,20,3,5.59,0,1.7967470107390942,1.0986122886681096,3.044522437723423,1.3862943611198906,1.8855533485144158,0.0
amrex,3785,https://github.com/AMReX-Codes/amrex/pull/3785,4.03,1,1,0,,0,1.6154199841116479,0.6931471805599453,0.6931471805599453,0.0,,0.0
amrex,3787,https://github.com/AMReX-Codes/amrex/pull/3787,3.99,1,1,0,,0,1.6074359097634274,0.6931471805599453,0.6931471805599453,0.0,,0.0
amrex,3788,https://github.com/AMReX-Codes/amrex/pull/3788,2.41,1,5,0,0.98,0,1.2267122912954256,0.6931471805599453,1.791759469228055,0.0,0.6830968447064438,0.0
amrex,3790,https://github.com/AMReX-Codes/amrex/pull/3790,1.86,1,0,0,,0,1.0508216248317612,0.6931471805599453,0.0,0.0,,0.0
amrex,3796,https://github.com/AMReX-Codes/amrex/pull/3796,0.44,1,2,0,0.01,0,0.36464311358790924,0.6931471805599453,1.0986122886681096,0.0,0.009950330853168083,0.0
amrex,3797,https://github.com/AMReX-Codes/amrex/pull/3797,0.08,1,0,0,,0,0.07696104113612832,0.6931471805599453,0.0,0.0,,0.0
amrex,3798,https://github.com/AMReX-Codes/amrex/pull/3798,3.22,2,13,0,3.2,0,1.4398351280479205,1.0986122886681096,2.639057329615259,0.0,1.4350845252893227,0.0
amrex,3800,https://github.com/AMReX-Codes/amrex/pull/3800,1.17,1,0,0,,0,0.7747271675523681,0.6931471805599453,0.0,0.0,,0.0
amrex,3801,https://github.com/AMReX-Codes/amrex/pull/3801,1.05,1,1,0,,0,0.7178397931503169,0.6931471805599453,0.6931471805599453,0.0,,0.0
amrex,3802,https://github.com/AMReX-Codes/amrex/pull/3802,2.24,1,0,0,,0,1.1755733298042381,0.6931471805599453,0.0,0.0,,0.0
amrex,3805,https://github.com/AMReX-Codes/amrex/pull/3805,0.28,2,15,4,40.8,0,0.2468600779315258,1.0986122886681096,2.772588722239781,1.6094379124341003,3.7328963395307104,0.0
amrex,3807,https://github.com/AMReX-Codes/amrex/pull/3807,5.62,1,4,0,3.49,0,1.890095369948917,0.6931471805599453,1.6094379124341003,0.0,1.501852701754163,0.0
amrex,3808,https://github.com/AMReX-Codes/amrex/pull/3808,0.92,1,0,0,,0,0.6523251860396903,0.6931471805599453,0.0,0.0,,0.0
amrex,3810,https://github.com/AMReX-Codes/amrex/pull/3810,12.84,1,0,0,,0,2.6275629501895237,0.6931471805599453,0.0,0.0,,0.0
amrex,3814,https://github.com/AMReX-Codes/amrex/pull/3814,0.06,1,0,0,,0,0.058268908123975775,0.6931471805599453,0.0,0.0,,0.0
amrex,3817,https://github.com/AMReX-Codes/amrex/pull/3817,1.16,1,0,0,,0,0.7701082216960736,0.6931471805599453,0.0,0.0,,0.0
amrex,3818,https://github.com/AMReX-Codes/amrex/pull/3818,1.15,1,0,0,,0,0.7654678421395714,0.6931471805599453,0.0,0.0,,0.0
amrex,3820,https://github.com/AMReX-Codes/amrex/pull/3820,0.45,1,0,0,,0,0.37156355643248307,0.6931471805599453,0.0,0.0,,0.0
amrex,3822,https://github.com/AMReX-Codes/amrex/pull/3822,0.15,1,0,0,,0,0.13976194237515868,0.6931471805599453,0.0,0.0,,0.0
amrex,3823,https://github.com/AMReX-Codes/amrex/pull/3823,0.09,1,0,0,,0,0.08617769624105233,0.6931471805599453,0.0,0.0,,0.0
amrex,3824,https://github.com/AMReX-Codes/amrex/pull/3824,0.09,1,0,0,,0,0.08617769624105233,0.6931471805599453,0.0,0.0,,0.0
amrex,3829,https://github.com/AMReX-Codes/amrex/pull/3829,0.03,1,0,0,,0,0.0295588022415444,0.6931471805599453,0.0,0.0,,0.0
amrex,3832,https://github.com/AMReX-Codes/amrex/pull/3832,11.99,1,9,0,11.38,0,2.5641798306825083,0.6931471805599453,2.302585092994046,0.0,2.5160822672564502,0.0
amrex,3833,https://github.com/AMReX-Codes/amrex/pull/3833,0.09,1,0,0,,0,0.08617769624105233,0.6931471805599453,0.0,0.0,,0.0
amrex,3835,https://github.com/AMReX-Codes/amrex/pull/3835,5.93,1,6,2,3.89,0,1.9358598132018119,0.6931471805599453,1.9459101490553132,1.0986122886681096,1.5871923034867808,0.0
amrex,3839,https://github.com/AMReX-Codes/amrex/pull/3839,0.05,1,0,0,,0,0.04879016416943201,0.6931471805599453,0.0,0.0,,0.0
amrex,3840,https://github.com/AMReX-Codes/amrex/pull/3840,1.31,1,1,0,,0,0.8372475245337022,0.6931471805599453,0.6931471805599453,0.0,,0.0
amrex,3841,https://github.com/AMReX-Codes/amrex/pull/3841,8.88,1,2,0,0.16,0,2.2905125117597764,0.6931471805599453,1.0986122886681096,0.0,0.14842000511827327,0.0
amrex,3844,https://github.com/AMReX-Codes/amrex/pull/3844,0.77,1,1,0,,0,0.5709795465857378,0.6931471805599453,0.6931471805599453,0.0,,0.0
amrex,3847,https://github.com/AMReX-Codes/amrex/pull/3847,1.0,1,3,0,0.11,0,0.6931471805599453,0.6931471805599453,1.3862943611198906,0.0,0.10436001532424277,0.0
amrex,3852,https://github.com/AMReX-Codes/amrex/pull/3852,0.04,1,0,0,,0,0.039220713153281295,0.6931471805599453,0.0,0.0,,0.0
amrex,3853,https://github.com/AMReX-Codes/amrex/pull/3853,0.1,1,0,0,,0,0.09531017980432487,0.6931471805599453,0.0,0.0,,0.0
amrex,3856,https://github.com/AMReX-Codes/amrex/pull/3856,0.18,1,0,0,,0,0.16551443847757338,0.6931471805599453,0.0,0.0,,0.0
amrex,3857,https://github.com/AMReX-Codes/amrex/pull/3857,0.81,1,0,0,,0,0.5933268452777344,0.6931471805599453,0.0,0.0,,0.0
amrex,3860,https://github.com/AMReX-Codes/amrex/pull/3860,0.53,1,1,0,,0,0.4252677354043441,0.6931471805599453,0.6931471805599453,0.0,,0.0
amrex,3861,https://github.com/AMReX-Codes/amrex/pull/3861,0.1,2,1,0,,0,0.09531017980432487,1.0986122886681096,0.6931471805599453,0.0,,0.0
amrex,3865,https://github.com/AMReX-Codes/amrex/pull/3865,0.11,1,0,0,,0,0.10436001532424277,0.6931471805599453,0.0,0.0,,0.0
amrex,3870,https://github.com/AMReX-Codes/amrex/pull/3870,0.03,1,0,0,,0,0.0295588022415444,0.6931471805599453,0.0,0.0,,0.0
amrex,3872,https://github.com/AMReX-Codes/amrex/pull/3872,0.19,1,1,0,,0,0.173953307123438,0.6931471805599453,0.6931471805599453,0.0,,0.0
amrex,3875,https://github.com/AMReX-Codes/amrex/pull/3875,34.26,1,0,0,,0,3.562749176969724,0.6931471805599453,0.0,0.0,,0.0
amrex,3876,https://github.com/AMReX-Codes/amrex/pull/3876,0.03,1,0,0,,0,0.0295588022415444,0.6931471805599453,0.0,0.0,,0.0
amrex,3880,https://github.com/AMReX-Codes/amrex/pull/3880,0.72,1,2,0,0.03,0,0.5423242908253616,0.6931471805599453,1.0986122886681096,0.0,0.0295588022415444,0.0
amrex,3881,https://github.com/AMReX-Codes/amrex/pull/3881,8.09,1,2,0,,0,2.2071749081893874,0.6931471805599453,1.0986122886681096,0.0,,0.0
amrex,3884,https://github.com/AMReX-Codes/amrex/pull/3884,0.06,1,1,0,,0,0.058268908123975775,0.6931471805599453,0.6931471805599453,0.0,,0.0
amrex,3888,https://github.com/AMReX-Codes/amrex/pull/3888,21.9,1,0,0,,0,3.131136910560194,0.6931471805599453,0.0,0.0,,0.0
amrex,3890,https://github.com/AMReX-Codes/amrex/pull/3890,2.14,1,0,0,,0,1.144222799920162,0.6931471805599453,0.0,0.0,,0.0
amrex,3892,https://github.com/AMReX-Codes/amrex/pull/3892,1.31,1,0,0,,0,0.8372475245337022,0.6931471805599453,0.0,0.0,,0.0
amrex,3893,https://github.com/AMReX-Codes/amrex/pull/3893,0.07,1,0,0,,0,0.06765864847381481,0.6931471805599453,0.0,0.0,,0.0
amrex,3894,https://github.com/AMReX-Codes/amrex/pull/3894,0.66,1,0,0,,0,0.5068176023684519,0.6931471805599453,0.0,0.0,,0.0
amrex,3896,https://github.com/AMReX-Codes/amrex/pull/3896,0.07,1,0,0,,0,0.06765864847381481,0.6931471805599453,0.0,0.0,,0.0
amrex,3898,https://github.com/AMReX-Codes/amrex/pull/3898,8.09,1,0,0,,0,2.2071749081893874,0.6931471805599453,0.0,0.0,,0.0
amrex,3903,https://github.com/AMReX-Codes/amrex/pull/3903,1.02,1,0,0,,0,0.7030975114131134,0.6931471805599453,0.0,0.0,,0.0
amrex,3908,https://github.com/AMReX-Codes/amrex/pull/3908,0.04,1,0,0,,0,0.039220713153281295,0.6931471805599453,0.0,0.0,,0.0
amrex,3913,https://github.com/AMReX-Codes/amrex/pull/3913,0.07,1,0,0,,0,0.06765864847381481,0.6931471805599453,0.0,0.0,,0.0
amrex,3914,https://github.com/AMReX-Codes/amrex/pull/3914,0.06,1,0,0,,0,0.058268908123975775,0.6931471805599453,0.0,0.0,,0.0
amrex,3917,https://github.com/AMReX-Codes/amrex/pull/3917,6.12,11,38,8,6.09,0,1.9629077254238845,2.4849066497880004,3.6635616461296463,2.1972245773362196,1.958685340544036,0.0
amrex,3919,https://github.com/AMReX-Codes/amrex/pull/3919,2.8,1,1,0,,0,1.33500106673234,0.6931471805599453,0.6931471805599453,0.0,,0.0
amrex,3924,https://github.com/AMReX-Codes/amrex/pull/3924,0.05,1,0,0,,0,0.04879016416943201,0.6931471805599453,0.0,0.0,,0.0
amrex,3925,https://github.com/AMReX-Codes/amrex/pull/3925,15.04,1,0,0,,0,2.7750856024383683,0.6931471805599453,0.0,0.0,,0.0
amrex,3926,https://github.com/AMReX-Codes/amrex/pull/3926,2.04,1,0,0,,0,1.1118575154181303,0.6931471805599453,0.0,0.0,,0.0
amrex,3928,https://github.com/AMReX-Codes/amrex/pull/3928,0.04,1,0,0,,0,0.039220713153281295,0.6931471805599453,0.0,0.0,,0.0
amrex,3931,https://github.com/AMReX-Codes/amrex/pull/3931,0.03,2,0,0,,0,0.0295588022415444,1.0986122886681096,0.0,0.0,,0.0
amrex,3932,https://github.com/AMReX-Codes/amrex/pull/3932,0.04,1,0,0,,0,0.039220713153281295,0.6931471805599453,0.0,0.0,,0.0
amrex,3934,https://github.com/AMReX-Codes/amrex/pull/3934,0.1,1,0,0,,0,0.09531017980432487,0.6931471805599453,0.0,0.0,,0.0
amrex,3936,https://github.com/AMReX-Codes/amrex/pull/3936,0.03,3,0,0,,0,0.0295588022415444,1.3862943611198906,0.0,0.0,,0.0
amrex,3939,https://github.com/AMReX-Codes/amrex/pull/3939,0.05,1,2,0,,0,0.04879016416943201,0.6931471805599453,1.0986122886681096,0.0,,0.0
amrex,3941,https://github.com/AMReX-Codes/amrex/pull/3941,0.1,1,2,2,0.0,0,0.09531017980432487,0.6931471805599453,1.0986122886681096,1.0986122886681096,0.0,0.0
amrex,3943,https://github.com/AMReX-Codes/amrex/pull/3943,1.97,2,5,0,12.94,0,1.0885619528146082,1.0986122886681096,1.791759469228055,0.0,2.6347624053323777,0.0
amrex,3944,https://github.com/AMReX-Codes/amrex/pull/3944,1.76,1,1,0,,0,1.0152306797290587,0.6931471805599453,0.6931471805599453,0.0,,0.0
amrex,3946,https://github.com/AMReX-Codes/amrex/pull/3946,0.06,1,0,0,,0,0.058268908123975775,0.6931471805599453,0.0,0.0,,0.0
amrex,3947,https://github.com/AMReX-Codes/amrex/pull/3947,0.04,1,0,0,,0,0.039220713153281295,0.6931471805599453,0.0,0.0,,0.0
amrex,3949,https://github.com/AMReX-Codes/amrex/pull/3949,0.83,1,0,0,,0,0.6043159668533296,0.6931471805599453,0.0,0.0,,0.0
amrex,3951,https://github.com/AMReX-Codes/amrex/pull/3951,11.1,2,15,5,6.56,0,2.4932054526026954,1.0986122886681096,2.772588722239781,1.791759469228055,2.0228711901914416,0.0
amrex,3953,https://github.com/AMReX-Codes/amrex/pull/3953,0.04,1,0,0,,0,0.039220713153281295,0.6931471805599453,0.0,0.0,,0.0
amrex,3956,https://github.com/AMReX-Codes/amrex/pull/3956,0.12,1,0,0,,0,0.11332868530700317,0.6931471805599453,0.0,0.0,,0.0
amrex,3959,https://github.com/AMReX-Codes/amrex/pull/3959,3.07,1,0,0,,0,1.4036429994545037,0.6931471805599453,0.0,0.0,,0.0
amrex,3961,https://github.com/AMReX-Codes/amrex/pull/3961,0.82,1,0,0,,0,0.598836501088704,0.6931471805599453,0.0,0.0,,0.0
amrex,3962,https://github.com/AMReX-Codes/amrex/pull/3962,0.68,1,0,0,,0,0.5187937934151676,0.6931471805599453,0.0,0.0,,0.0
amrex,3965,https://github.com/AMReX-Codes/amrex/pull/3965,3.02,1,0,0,,0,1.3912819026309298,0.6931471805599453,0.0,0.0,,0.0
amrex,3966,https://github.com/AMReX-Codes/amrex/pull/3966,1.03,1,0,0,,0,0.708035793053696,0.6931471805599453,0.0,0.0,,0.0
amrex,3968,https://github.com/AMReX-Codes/amrex/pull/3968,52.98,2,2,0,52.9,0,3.9886136075898584,1.0986122886681096,1.0986122886681096,0.0,3.9871304779149517,0.0
amrex,3975,https://github.com/AMReX-Codes/amrex/pull/3975,0.06,1,0,0,,0,0.058268908123975775,0.6931471805599453,0.0,0.0,,0.0
amrex,3978,https://github.com/AMReX-Codes/amrex/pull/3978,1.16,1,2,0,0.59,0,0.7701082216960736,0.6931471805599453,1.0986122886681096,0.0,0.46373401623214017,0.0
amrex,3980,https://github.com/AMReX-Codes/amrex/pull/3980,0.88,1,1,0,,0,0.6312717768418579,0.6931471805599453,0.6931471805599453,0.0,,0.0
amrex,3983,https://github.com/AMReX-Codes/amrex/pull/3983,0.06,1,0,0,,0,0.058268908123975775,0.6931471805599453,0.0,0.0,,0.0
amrex,3984,https://github.com/AMReX-Codes/amrex/pull/3984,9.3,1,0,0,,0,2.33214389523559,0.6931471805599453,0.0,0.0,,0.0
amrex,3985,https://github.com/AMReX-Codes/amrex/pull/3985,0.07,1,0,0,,0,0.06765864847381481,0.6931471805599453,0.0,0.0,,0.0
amrex,3986,https://github.com/AMReX-Codes/amrex/pull/3986,2.63,1,0,0,,0,1.2892326482767593,0.6931471805599453,0.0,0.0,,0.0
amrex,3987,https://github.com/AMReX-Codes/amrex/pull/3987,3.15,1,3,0,0.19,0,1.423108334242607,0.6931471805599453,1.3862943611198906,0.0,0.173953307123438,0.0
amrex,3988,https://github.com/AMReX-Codes/amrex/pull/3988,15.14,1,12,0,0.89,0,2.7813006628418027,0.6931471805599453,2.5649493574615367,0.0,0.636576829071551,0.0
amrex,3991,https://github.com/AMReX-Codes/amrex/pull/3991,2.04,1,1,0,,0,1.1118575154181303,0.6931471805599453,0.6931471805599453,0.0,,0.0
amrex,3992,https://github.com/AMReX-Codes/amrex/pull/3992,12.65,1,0,0,,0,2.613739521630969,0.6931471805599453,0.0,0.0,,0.0
amrex,3996,https://github.com/AMReX-Codes/amrex/pull/3996,0.27,1,2,0,0.01,0,0.23901690047049992,0.6931471805599453,1.0986122886681096,0.0,0.009950330853168083,0.0
amrex,3997,https://github.com/AMReX-Codes/amrex/pull/3997,3.5,1,0,0,,0,1.5040773967762742,0.6931471805599453,0.0,0.0,,0.0
amrex,4000,https://github.com/AMReX-Codes/amrex/pull/4000,8.12,1,0,0,,0,2.21046980408624,0.6931471805599453,0.0,0.0,,0.0
amrex,4002,https://github.com/AMReX-Codes/amrex/pull/4002,0.2,1,0,0,,0,0.18232155679395462,0.6931471805599453,0.0,0.0,,0.0
amrex,4005,https://github.com/AMReX-Codes/amrex/pull/4005,3.07,1,0,0,,0,1.4036429994545037,0.6931471805599453,0.0,0.0,,0.0
amrex,4006,https://github.com/AMReX-Codes/amrex/pull/4006,2.83,1,1,0,,0,1.3428648031925547,0.6931471805599453,0.6931471805599453,0.0,,0.0
amrex,4009,https://github.com/AMReX-Codes/amrex/pull/4009,0.06,1,2,0,0.0,0,0.058268908123975775,0.6931471805599453,1.0986122886681096,0.0,0.0,0.0
amrex,4010,https://github.com/AMReX-Codes/amrex/pull/4010,0.03,1,0,0,,0,0.0295588022415444,0.6931471805599453,0.0,0.0,,0.0
amrex,4015,https://github.com/AMReX-Codes/amrex/pull/4015,5.96,1,0,0,,0,1.9401794743463283,0.6931471805599453,0.0,0.0,,0.0
amrex,4017,https://github.com/AMReX-Codes/amrex/pull/4017,2.1,1,0,0,,0,1.1314021114911006,0.6931471805599453,0.0,0.0,,0.0
amrex,4020,https://github.com/AMReX-Codes/amrex/pull/4020,1.19,1,0,0,,0,0.7839015438284094,0.6931471805599453,0.0,0.0,,0.0
amrex,4021,https://github.com/AMReX-Codes/amrex/pull/4021,0.06,2,0,0,,0,0.058268908123975775,1.0986122886681096,0.0,0.0,,0.0
amrex,4024,https://github.com/AMReX-Codes/amrex/pull/4024,0.03,1,0,0,,0,0.0295588022415444,0.6931471805599453,0.0,0.0,,0.0
amrex,4028,https://github.com/AMReX-Codes/amrex/pull/4028,0.07,2,0,0,,0,0.06765864847381481,1.0986122886681096,0.0,0.0,,0.0
amrex,4029,https://github.com/AMReX-Codes/amrex/pull/4029,0.1,1,0,0,,0,0.09531017980432487,0.6931471805599453,0.0,0.0,,0.0
amrex,4031,https://github.com/AMReX-Codes/amrex/pull/4031,9.06,1,0,0,,0,2.3085671646715933,0.6931471805599453,0.0,0.0,,0.0
amrex,4034,https://github.com/AMReX-Codes/amrex/pull/4034,0.07,1,0,0,,0,0.06765864847381481,0.6931471805599453,0.0,0.0,,0.0
amrex,4035,https://github.com/AMReX-Codes/amrex/pull/4035,4.35,1,1,0,,0,1.6770965609079151,0.6931471805599453,0.6931471805599453,0.0,,0.0
amrex,4037,https://github.com/AMReX-Codes/amrex/pull/4037,0.05,1,0,0,,0,0.04879016416943201,0.6931471805599453,0.0,0.0,,0.0
amrex,4038,https://github.com/AMReX-Codes/amrex/pull/4038,0.11,1,0,0,,0,0.10436001532424277,0.6931471805599453,0.0,0.0,,0.0
amrex,4039,https://github.com/AMReX-Codes/amrex/pull/4039,0.24,1,1,0,,0,0.2151113796169455,0.6931471805599453,0.6931471805599453,0.0,,0.0
amrex,4040,https://github.com/AMReX-Codes/amrex/pull/4040,2.07,1,0,0,,0,1.1216775615991057,0.6931471805599453,0.0,0.0,,0.0
amrex,4042,https://github.com/AMReX-Codes/amrex/pull/4042,1.15,1,0,0,,0,0.7654678421395714,0.6931471805599453,0.0,0.0,,0.0
amrex,4043,https://github.com/AMReX-Codes/amrex/pull/4043,2.57,1,1,0,,0,1.2725655957915476,0.6931471805599453,0.6931471805599453,0.0,,0.0
amrex,4044,https://github.com/AMReX-Codes/amrex/pull/4044,0.07,1,0,1,,0,0.06765864847381481,0.6931471805599453,0.0,0.6931471805599453,,0.0
amrex,4050,https://github.com/AMReX-Codes/amrex/pull/4050,0.09,1,2,0,0.13,0,0.08617769624105233,0.6931471805599453,1.0986122886681096,0.0,0.12221763272424921,0.0
amrex,4051,https://github.com/AMReX-Codes/amrex/pull/4051,0.02,1,0,0,,0,0.019802627296179712,0.6931471805599453,0.0,0.0,,0.0
amrex,4055,https://github.com/AMReX-Codes/amrex/pull/4055,1.63,2,1,0,,0,0.9669838461896731,1.0986122886681096,0.6931471805599453,0.0,,0.0
amrex,4056,https://github.com/AMReX-Codes/amrex/pull/4056,12.63,1,3,0,0.01,0,2.612273245708441,0.6931471805599453,1.3862943611198906,0.0,0.009950330853168083,0.0
amrex,4057,https://github.com/AMReX-Codes/amrex/pull/4057,0.51,1,0,0,,0,0.412109650826833,0.6931471805599453,0.0,0.0,,0.0
amrex,4059,https://github.com/AMReX-Codes/amrex/pull/4059,0.02,1,0,0,,0,0.019802627296179712,0.6931471805599453,0.0,0.0,,0.0
amrex,4061,https://github.com/AMReX-Codes/amrex/pull/4061,1.2,1,0,0,,0,0.7884573603642702,0.6931471805599453,0.0,0.0,,0.0
amrex,4064,https://github.com/AMReX-Codes/amrex/pull/4064,0.75,1,0,0,,0,0.5596157879354227,0.6931471805599453,0.0,0.0,,0.0
amrex,4065,https://github.com/AMReX-Codes/amrex/pull/4065,0.24,1,5,0,1.81,0,0.2151113796169455,0.6931471805599453,1.791759469228055,0.0,1.0331844833456545,0.0
amrex,4068,https://github.com/AMReX-Codes/amrex/pull/4068,0.02,1,0,0,,0,0.019802627296179712,0.6931471805599453,0.0,0.0,,0.0
amrex,4071,https://github.com/AMReX-Codes/amrex/pull/4071,0.04,1,0,0,,0,0.039220713153281295,0.6931471805599453,0.0,0.0,,0.0
amrex,4080,https://github.com/AMReX-Codes/amrex/pull/4080,0.05,1,0,0,,0,0.04879016416943201,0.6931471805599453,0.0,0.0,,0.0
amrex,4081,https://github.com/AMReX-Codes/amrex/pull/4081,2.31,1,1,0,,0,1.1969481893889715,0.6931471805599453,0.6931471805599453,0.0,,0.0
amrex,4083,https://github.com/AMReX-Codes/amrex/pull/4083,0.12,1,3,0,0.06,0,0.11332868530700317,0.6931471805599453,1.3862943611198906,0.0,0.058268908123975775,0.0
amrex,4085,https://github.com/AMReX-Codes/amrex/pull/4085,0.02,1,1,0,,0,0.019802627296179712,0.6931471805599453,0.6931471805599453,0.0,,0.0
amrex,4091,https://github.com/AMReX-Codes/amrex/pull/4091,0.04,1,0,0,,0,0.039220713153281295,0.6931471805599453,0.0,0.0,,0.0
amrex,4095,https://github.com/AMReX-Codes/amrex/pull/4095,0.08,1,0,0,,0,0.07696104113612832,0.6931471805599453,0.0,0.0,,0.0
amrex,4097,https://github.com/AMReX-Codes/amrex/pull/4097,0.04,1,0,0,,0,0.039220713153281295,0.6931471805599453,0.0,0.0,,0.0
amrex,4098,https://github.com/AMReX-Codes/amrex/pull/4098,0.04,2,1,0,,0,0.039220713153281295,1.0986122886681096,0.6931471805599453,0.0,,0.0
amrex,4100,https://github.com/AMReX-Codes/amrex/pull/4100,0.61,3,2,0,0.02,0,0.4762341789963716,1.3862943611198906,1.0986122886681096,0.0,0.019802627296179712,0.0
amrex,4101,https://github.com/AMReX-Codes/amrex/pull/4101,0.04,1,0,0,,0,0.039220713153281295,0.6931471805599453,0.0,0.0,,0.0
amrex,4106,https://github.com/AMReX-Codes/amrex/pull/4106,0.07,1,1,1,,0,0.06765864847381481,0.6931471805599453,0.6931471805599453,0.6931471805599453,,0.0
amrex,4109,https://github.com/AMReX-Codes/amrex/pull/4109,7.93,1,1,0,,0,2.189416394888408,0.6931471805599453,0.6931471805599453,0.0,,0.0
amrex,4113,https://github.com/AMReX-Codes/amrex/pull/4113,6.3,1,0,0,,0,1.9878743481543455,0.6931471805599453,0.0,0.0,,0.0
amrex,4115,https://github.com/AMReX-Codes/amrex/pull/4115,5.55,1,0,0,,0,1.8794650496471605,0.6931471805599453,0.0,0.0,,0.0
amrex,4116,https://github.com/AMReX-Codes/amrex/pull/4116,5.06,1,4,0,0.01,0,1.801709800081223,0.6931471805599453,1.6094379124341003,0.0,0.009950330853168083,0.0
amrex,4117,https://github.com/AMReX-Codes/amrex/pull/4117,3.87,1,0,0,,0,1.5830939370944985,0.6931471805599453,0.0,0.0,,0.0
amrex,4122,https://github.com/AMReX-Codes/amrex/pull/4122,0.05,1,0,0,,0,0.04879016416943201,0.6931471805599453,0.0,0.0,,0.0
amrex,4124,https://github.com/AMReX-Codes/amrex/pull/4124,1.76,1,0,0,,0,1.0152306797290587,0.6931471805599453,0.0,0.0,,0.0
amrex,4127,https://github.com/AMReX-Codes/amrex/pull/4127,0.95,1,0,0,,0,0.6678293725756554,0.6931471805599453,0.0,0.0,,0.0
amrex,4128,https://github.com/AMReX-Codes/amrex/pull/4128,0.02,1,0,0,,0,0.019802627296179712,0.6931471805599453,0.0,0.0,,0.0
amrex,4129,https://github.com/AMReX-Codes/amrex/pull/4129,0.18,1,2,0,,0,0.16551443847757338,0.6931471805599453,1.0986122886681096,0.0,,0.0
amrex,4131,https://github.com/AMReX-Codes/amrex/pull/4131,0.05,1,2,1,0.0,0,0.04879016416943201,0.6931471805599453,1.0986122886681096,0.6931471805599453,0.0,0.0
amrex,4132,https://github.com/AMReX-Codes/amrex/pull/4132,0.04,1,1,0,,0,0.039220713153281295,0.6931471805599453,0.6931471805599453,0.0,,0.0
amrex,4133,https://github.com/AMReX-Codes/amrex/pull/4133,0.04,1,0,0,,0,0.039220713153281295,0.6931471805599453,0.0,0.0,,0.0
amrex,4134,https://github.com/AMReX-Codes/amrex/pull/4134,0.05,1,0,0,,0,0.04879016416943201,0.6931471805599453,0.0,0.0,,0.0
amrex,4135,https://github.com/AMReX-Codes/amrex/pull/4135,3.02,1,0,0,,0,1.3912819026309298,0.6931471805599453,0.0,0.0,,0.0
amrex,4139,https://github.com/AMReX-Codes/amrex/pull/4139,1.04,1,0,0,,0,0.712949807856125,0.6931471805599453,0.0,0.0,,0.0
amrex,4140,https://github.com/AMReX-Codes/amrex/pull/4140,43.16,1,7,0,5.33,0,3.78781940196884,0.6931471805599453,2.0794415416798357,0.0,1.8453002361560848,0.0
amrex,4142,https://github.com/AMReX-Codes/amrex/pull/4142,0.09,1,0,0,,0,0.08617769624105233,0.6931471805599453,0.0,0.0,,0.0
amrex,4144,https://github.com/AMReX-Codes/amrex/pull/4144,0.17,1,0,0,,0,0.15700374880966475,0.6931471805599453,0.0,0.0,,0.0
amrex,4147,https://github.com/AMReX-Codes/amrex/pull/4147,0.25,1,6,0,0.03,0,0.22314355131420976,0.6931471805599453,1.9459101490553132,0.0,0.0295588022415444,0.0
amrex,4148,https://github.com/AMReX-Codes/amrex/pull/4148,5.09,2,5,4,4.26,0,1.8066480817218056,1.0986122886681096,1.791759469228055,1.6094379124341003,1.6601310267496183,0.0
amrex,4149,https://github.com/AMReX-Codes/amrex/pull/4149,1.01,1,0,0,,0,0.6981347220709844,0.6931471805599453,0.0,0.0,,0.0
amrex,4150,https://github.com/AMReX-Codes/amrex/pull/4150,1.65,1,0,0,,0,0.9745596399981308,0.6931471805599453,0.0,0.0,,0.0
amrex,4152,https://github.com/AMReX-Codes/amrex/pull/4152,0.16,1,0,0,,0,0.14842000511827327,0.6931471805599453,0.0,0.0,,0.0
amrex,4155,https://github.com/AMReX-Codes/amrex/pull/4155,0.04,1,0,0,,0,0.039220713153281295,0.6931471805599453,0.0,0.0,,0.0
amrex,4156,https://github.com/AMReX-Codes/amrex/pull/4156,0.97,1,6,0,0.7,0,0.6780335427498971,0.6931471805599453,1.9459101490553132,0.0,0.5306282510621704,0.0
amrex,4157,https://github.com/AMReX-Codes/amrex/pull/4157,0.06,1,0,0,,0,0.058268908123975775,0.6931471805599453,0.0,0.0,,0.0
amrex,4158,https://github.com/AMReX-Codes/amrex/pull/4158,1.16,1,0,0,,0,0.7701082216960736,0.6931471805599453,0.0,0.0,,0.0
amrex,4161,https://github.com/AMReX-Codes/amrex/pull/4161,2.9,1,0,0,,0,1.3609765531356006,0.6931471805599453,0.0,0.0,,0.0
amrex,4162,https://github.com/AMReX-Codes/amrex/pull/4162,1.39,1,0,0,,0,0.8712933659434192,0.6931471805599453,0.0,0.0,,0.0
amrex,4163,https://github.com/AMReX-Codes/amrex/pull/4163,15.94,3,10,10,15.93,0,2.8296776892239084,1.3862943611198906,2.3978952727983707,2.3978952727983707,2.829087196145044,0.0
amrex,4164,https://github.com/AMReX-Codes/amrex/pull/4164,0.14,1,0,0,,0,0.1310282624064041,0.6931471805599453,0.0,0.0,,0.0
amrex,4168,https://github.com/AMReX-Codes/amrex/pull/4168,0.04,1,0,0,,0,0.039220713153281295,0.6931471805599453,0.0,0.0,,0.0
amrex,4171,https://github.com/AMReX-Codes/amrex/pull/4171,1.89,1,0,0,,0,1.0612565021243408,0.6931471805599453,0.0,0.0,,0.0
amrex,4176,https://github.com/AMReX-Codes/amrex/pull/4176,2.89,1,7,0,1.98,0,1.358409157630355,0.6931471805599453,2.0794415416798357,0.0,1.091923300517313,0.0
amrex,4177,https://github.com/AMReX-Codes/amrex/pull/4177,0.66,1,0,0,,0,0.5068176023684519,0.6931471805599453,0.0,0.0,,0.0
amrex,4181,https://github.com/AMReX-Codes/amrex/pull/4181,3.75,1,1,0,,0,1.55814461804655,0.6931471805599453,0.6931471805599453,0.0,,0.0
amrex,4186,https://github.com/AMReX-Codes/amrex/pull/4186,1.44,1,1,1,,0,0.8919980393051105,0.6931471805599453,0.6931471805599453,0.6931471805599453,,0.0
amrex,4188,https://github.com/AMReX-Codes/amrex/pull/4188,0.9,1,2,0,,0,0.6418538861723948,0.6931471805599453,1.0986122886681096,0.0,,0.0
amrex,4190,https://github.com/AMReX-Codes/amrex/pull/4190,10.28,3,13,5,1.01,0,2.423031246069913,1.3862943611198906,2.639057329615259,1.791759469228055,0.6981347220709844,0.0
amrex,4198,https://github.com/AMReX-Codes/amrex/pull/4198,15.37,1,0,0,,0,2.7954503913830435,0.6931471805599453,0.0,0.0,,0.0
amrex,4202,https://github.com/AMReX-Codes/amrex/pull/4202,2.84,1,4,0,1.5,0,1.3454723665996355,0.6931471805599453,1.6094379124341003,0.0,0.9162907318741551,0.0
amrex,4207,https://github.com/AMReX-Codes/amrex/pull/4207,7.02,1,0,0,,0,2.081938421878423,0.6931471805599453,0.0,0.0,,0.0
amrex,4210,https://github.com/AMReX-Codes/amrex/pull/4210,0.08,1,1,0,,0,0.07696104113612832,0.6931471805599453,0.6931471805599453,0.0,,0.0
amrex,4213,https://github.com/AMReX-Codes/amrex/pull/4213,1.48,1,0,0,,0,0.9082585601768908,0.6931471805599453,0.0,0.0,,0.0
amrex,4215,https://github.com/AMReX-Codes/amrex/pull/4215,0.09,1,0,0,,0,0.08617769624105233,0.6931471805599453,0.0,0.0,,0.0
amrex,4218,https://github.com/AMReX-Codes/amrex/pull/4218,0.11,1,0,0,,0,0.10436001532424277,0.6931471805599453,0.0,0.0,,0.0
amrex,4222,https://github.com/AMReX-Codes/amrex/pull/4222,3.62,1,0,0,,0,1.5303947050936475,0.6931471805599453,0.0,0.0,,0.0
amrex,4225,https://github.com/AMReX-Codes/amrex/pull/4225,0.02,1,0,0,,0,0.019802627296179712,0.6931471805599453,0.0,0.0,,0.0
amrex,4226,https://github.com/AMReX-Codes/amrex/pull/4226,0.03,1,0,0,,0,0.0295588022415444,0.6931471805599453,0.0,0.0,,0.0
amrex,4229,https://github.com/AMReX-Codes/amrex/pull/4229,0.24,1,0,0,,0,0.2151113796169455,0.6931471805599453,0.0,0.0,,0.0
amrex,4230,https://github.com/AMReX-Codes/amrex/pull/4230,0.19,1,0,0,,0,0.173953307123438,0.6931471805599453,0.0,0.0,,0.0
amrex,4231,https://github.com/AMReX-Codes/amrex/pull/4231,0.13,1,0,0,,0,0.12221763272424921,0.6931471805599453,0.0,0.0,,0.0
amrex,4232,https://github.com/AMReX-Codes/amrex/pull/4232,0.12,1,0,0,,0,0.11332868530700317,0.6931471805599453,0.0,0.0,,0.0
amrex,4233,https://github.com/AMReX-Codes/amrex/pull/4233,2.26,1,0,0,,0,1.1817271953786161,0.6931471805599453,0.0,0.0,,0.0
amrex,4234,https://github.com/AMReX-Codes/amrex/pull/4234,3.41,1,2,0,1.03,0,1.4838746894587547,0.6931471805599453,1.0986122886681096,0.0,0.708035793053696,0.0
amrex,4235,https://github.com/AMReX-Codes/amrex/pull/4235,0.41,1,0,0,,0,0.3435897043900769,0.6931471805599453,0.0,0.0,,0.0
amrex,4236,https://github.com/AMReX-Codes/amrex/pull/4236,0.06,1,0,0,,0,0.058268908123975775,0.6931471805599453,0.0,0.0,,0.0
amrex,4238,https://github.com/AMReX-Codes/amrex/pull/4238,15.89,1,1,0,,0,2.826721730819709,0.6931471805599453,0.6931471805599453,0.0,,0.0
amrex,4239,https://github.com/AMReX-Codes/amrex/pull/4239,0.12,1,0,0,,0,0.11332868530700317,0.6931471805599453,0.0,0.0,,0.0
amrex,4240,https://github.com/AMReX-Codes/amrex/pull/4240,0.04,1,0,0,,0,0.039220713153281295,0.6931471805599453,0.0,0.0,,0.0
amrex,4241,https://github.com/AMReX-Codes/amrex/pull/4241,0.19,1,0,0,,0,0.173953307123438,0.6931471805599453,0.0,0.0,,0.0
amrex,4242,https://github.com/AMReX-Codes/amrex/pull/4242,10.09,1,2,0,0.68,0,2.4060438013622756,0.6931471805599453,1.0986122886681096,0.0,0.5187937934151676,0.0
amrex,4243,https://github.com/AMReX-Codes/amrex/pull/4243,0.03,1,0,0,,0,0.0295588022415444,0.6931471805599453,0.0,0.0,,0.0
amrex,4244,https://github.com/AMReX-Codes/amrex/pull/4244,0.06,1,0,0,,0,0.058268908123975775,0.6931471805599453,0.0,0.0,,0.0
amrex,4246,https://github.com/AMReX-Codes/amrex/pull/4246,0.96,1,0,0,,0,0.6729444732424258,0.6931471805599453,0.0,0.0,,0.0
amrex,4247,https://github.com/AMReX-Codes/amrex/pull/4247,0.04,1,0,1,,0,0.039220713153281295,0.6931471805599453,0.0,0.6931471805599453,,0.0
amrex,4250,https://github.com/AMReX-Codes/amrex/pull/4250,0.03,1,0,0,,0,0.0295588022415444,0.6931471805599453,0.0,0.0,,0.0
amrex,4251,https://github.com/AMReX-Codes/amrex/pull/4251,0.05,1,0,0,,0,0.04879016416943201,0.6931471805599453,0.0,0.0,,0.0
amrex,4252,https://github.com/AMReX-Codes/amrex/pull/4252,0.85,1,1,0,,0,0.6151856390902335,0.6931471805599453,0.6931471805599453,0.0,,0.0
amrex,4254,https://github.com/AMReX-Codes/amrex/pull/4254,0.17,2,0,0,,0,0.15700374880966475,1.0986122886681096,0.0,0.0,,0.0
amrex,4255,https://github.com/AMReX-Codes/amrex/pull/4255,2.62,1,1,0,,0,1.2864740258376797,0.6931471805599453,0.6931471805599453,0.0,,0.0
amrex,4256,https://github.com/AMReX-Codes/amrex/pull/4256,0.04,1,0,0,,0,0.039220713153281295,0.6931471805599453,0.0,0.0,,0.0
amrex,4266,https://github.com/AMReX-Codes/amrex/pull/4266,2.01,1,1,0,,0,1.1019400787607843,0.6931471805599453,0.6931471805599453,0.0,,0.0
amrex,4268,https://github.com/AMReX-Codes/amrex/pull/4268,1.89,1,1,0,,0,1.0612565021243408,0.6931471805599453,0.6931471805599453,0.0,,0.0
amrex,4271,https://github.com/AMReX-Codes/amrex/pull/4271,58.09,1,0,0,,0,4.079061705357583,0.6931471805599453,0.0,0.0,,0.0
amrex,4272,https://github.com/AMReX-Codes/amrex/pull/4272,34.97,3,5,0,0.21,0,3.5826852577075323,1.3862943611198906,1.791759469228055,0.0,0.1906203596086497,0.0
amrex,4280,https://github.com/AMReX-Codes/amrex/pull/4280,0.04,1,0,0,,0,0.039220713153281295,0.6931471805599453,0.0,0.0,,0.0
amrex,4283,https://github.com/AMReX-Codes/amrex/pull/4283,2.97,1,0,0,,0,1.3787660946990992,0.6931471805599453,0.0,0.0,,0.0
amrex,4285,https://github.com/AMReX-Codes/amrex/pull/4285,0.76,1,0,0,,0,0.5653138090500605,0.6931471805599453,0.0,0.0,,0.0
amrex,4286,https://github.com/AMReX-Codes/amrex/pull/4286,0.79,1,3,0,0.63,0,0.5822156198526637,0.6931471805599453,1.3862943611198906,0.0,0.48858001481867097,0.0
amrex,4290,https://github.com/AMReX-Codes/amrex/pull/4290,0.03,1,4,0,0.07,0,0.0295588022415444,0.6931471805599453,1.6094379124341003,0.0,0.06765864847381481,0.0
amrex,4291,https://github.com/AMReX-Codes/amrex/pull/4291,0.27,1,1,0,,0,0.23901690047049992,0.6931471805599453,0.6931471805599453,0.0,,0.0
amrex,4292,https://github.com/AMReX-Codes/amrex/pull/4292,0.05,1,0,0,,0,0.04879016416943201,0.6931471805599453,0.0,0.0,,0.0
amrex,4293,https://github.com/AMReX-Codes/amrex/pull/4293,0.28,1,0,0,,0,0.2468600779315258,0.6931471805599453,0.0,0.0,,0.0
amrex,4294,https://github.com/AMReX-Codes/amrex/pull/4294,0.03,1,1,0,,0,0.0295588022415444,0.6931471805599453,0.6931471805599453,0.0,,0.0
amrex,4295,https://github.com/AMReX-Codes/amrex/pull/4295,1.25,1,1,0,,0,0.8109302162163288,0.6931471805599453,0.6931471805599453,0.0,,0.0
amrex,4298,https://github.com/AMReX-Codes/amrex/pull/4298,0.05,1,0,0,,0,0.04879016416943201,0.6931471805599453,0.0,0.0,,0.0
amrex,4299,https://github.com/AMReX-Codes/amrex/pull/4299,3.79,1,4,0,0.07,0,1.5665304114228238,0.6931471805599453,1.6094379124341003,0.0,0.06765864847381481,0.0
amrex,4300,https://github.com/AMReX-Codes/amrex/pull/4300,3.94,1,4,0,0.12,0,1.597365331199831,0.6931471805599453,1.6094379124341003,0.0,0.11332868530700317,0.0
amrex,4302,https://github.com/AMReX-Codes/amrex/pull/4302,3.7,1,0,0,,0,1.547562508716013,0.6931471805599453,0.0,0.0,,0.0
amrex,4304,https://github.com/AMReX-Codes/amrex/pull/4304,0.02,1,0,0,,0,0.019802627296179712,0.6931471805599453,0.0,0.0,,0.0
amrex,4305,https://github.com/AMReX-Codes/amrex/pull/4305,0.13,1,0,0,,0,0.12221763272424921,0.6931471805599453,0.0,0.0,,0.0
amrex,4306,https://github.com/AMReX-Codes/amrex/pull/4306,0.03,1,0,0,,0,0.0295588022415444,0.6931471805599453,0.0,0.0,,0.0
amrex,4308,https://github.com/AMReX-Codes/amrex/pull/4308,0.06,1,3,1,0.05,0,0.058268908123975775,0.6931471805599453,1.3862943611198906,0.6931471805599453,0.04879016416943201,0.0
amrex,4314,https://github.com/AMReX-Codes/amrex/pull/4314,0.05,1,1,0,,0,0.04879016416943201,0.6931471805599453,0.6931471805599453,0.0,,0.0
amrex,4315,https://github.com/AMReX-Codes/amrex/pull/4315,0.05,1,0,0,,0,0.04879016416943201,0.6931471805599453,0.0,0.0,,0.0
amrex,4316,https://github.com/AMReX-Codes/amrex/pull/4316,0.06,1,0,0,,0,0.058268908123975775,0.6931471805599453,0.0,0.0,,0.0
amrex,4320,https://github.com/AMReX-Codes/amrex/pull/4320,0.82,1,0,0,,0,0.598836501088704,0.6931471805599453,0.0,0.0,,0.0
amrex,4322,https://github.com/AMReX-Codes/amrex/pull/4322,0.31,1,2,1,0.16,0,0.27002713721306015,0.6931471805599453,1.0986122886681096,0.6931471805599453,0.14842000511827327,0.0
amrex,4324,https://github.com/AMReX-Codes/amrex/pull/4324,1.93,1,0,5,,0,1.0750024230289759,0.6931471805599453,0.0,1.791759469228055,,0.0
amrex,4329,https://github.com/AMReX-Codes/amrex/pull/4329,0.11,1,0,1,,0,0.10436001532424277,0.6931471805599453,0.0,0.6931471805599453,,0.0
amrex,4330,https://github.com/AMReX-Codes/amrex/pull/4330,0.11,1,0,0,,0,0.10436001532424277,0.6931471805599453,0.0,0.0,,0.0
amrex,4331,https://github.com/AMReX-Codes/amrex/pull/4331,0.1,1,0,0,,0,0.09531017980432487,0.6931471805599453,0.0,0.0,,0.0
amrex,4333,https://github.com/AMReX-Codes/amrex/pull/4333,0.08,1,1,0,,0,0.07696104113612832,0.6931471805599453,0.6931471805599453,0.0,,0.0
amrex,4334,https://github.com/AMReX-Codes/amrex/pull/4334,0.63,1,0,0,,0,0.48858001481867097,0.6931471805599453,0.0,0.0,,0.0
amrex,4338,https://github.com/AMReX-Codes/amrex/pull/4338,0.61,1,1,0,,0,0.4762341789963716,0.6931471805599453,0.6931471805599453,0.0,,0.0
amrex,4341,https://github.com/AMReX-Codes/amrex/pull/4341,0.03,1,3,0,0.0,0,0.0295588022415444,0.6931471805599453,1.3862943611198906,0.0,0.0,0.0
amrex,4343,https://github.com/AMReX-Codes/amrex/pull/4343,0.06,1,0,0,,0,0.058268908123975775,0.6931471805599453,0.0,0.0,,0.0
amrex,4344,https://github.com/AMReX-Codes/amrex/pull/4344,0.22,1,0,0,,0,0.1988508587451652,0.6931471805599453,0.0,0.0,,0.0
amrex,4345,https://github.com/AMReX-Codes/amrex/pull/4345,1.57,1,0,0,,0,0.9439058989071285,0.6931471805599453,0.0,0.0,,0.0
amrex,4350,https://github.com/AMReX-Codes/amrex/pull/4350,12.17,1,0,0,,0,2.5779415157551897,0.6931471805599453,0.0,0.0,,0.0
amrex,4354,https://github.com/AMReX-Codes/amrex/pull/4354,12.17,1,0,0,,0,2.5779415157551897,0.6931471805599453,0.0,0.0,,0.0
amrex,4357,https://github.com/AMReX-Codes/amrex/pull/4357,12.08,2,3,0,11.24,0,2.5710843460290524,1.0986122886681096,1.3862943611198906,0.0,2.50470927708418,0.0
amrex,4358,https://github.com/AMReX-Codes/amrex/pull/4358,1.21,1,0,0,,0,0.7929925155296614,0.6931471805599453,0.0,0.0,,0.0
amrex,4367,https://github.com/AMReX-Codes/amrex/pull/4367,0.05,1,0,0,,0,0.04879016416943201,0.6931471805599453,0.0,0.0,,0.0
amrex,4369,https://github.com/AMReX-Codes/amrex/pull/4369,3.36,1,0,0,,0,1.4724720573609429,0.6931471805599453,0.0,0.0,,0.0
amrex,4374,https://github.com/AMReX-Codes/amrex/pull/4374,0.32,1,1,0,,0,0.2776317365982795,0.6931471805599453,0.6931471805599453,0.0,,0.0
amrex,4375,https://github.com/AMReX-Codes/amrex/pull/4375,12.57,2,9,4,38.49,0,2.6078614738467776,1.0986122886681096,2.302585092994046,1.6094379124341003,3.676047475298558,0.0
amrex,4379,https://github.com/AMReX-Codes/amrex/pull/4379,0.98,1,1,0,,0,0.6830968447064438,0.6931471805599453,0.6931471805599453,0.0,,0.0
amrex,4385,https://github.com/AMReX-Codes/amrex/pull/4385,3.63,2,1,1,,0,1.5325568680981427,1.0986122886681096,0.6931471805599453,0.6931471805599453,,0.0
amrex,4392,https://github.com/AMReX-Codes/amrex/pull/4392,28.13,1,1,0,,0,3.3717685709713434,0.6931471805599453,0.6931471805599453,0.0,,0.0
amrex,4399,https://github.com/AMReX-Codes/amrex/pull/4399,1.15,1,2,0,0.01,0,0.7654678421395714,0.6931471805599453,1.0986122886681096,0.0,0.009950330853168083,0.0
amrex,4403,https://github.com/AMReX-Codes/amrex/pull/4403,0.04,1,0,0,,0,0.039220713153281295,0.6931471805599453,0.0,0.0,,0.0
amrex,4406,https://github.com/AMReX-Codes/amrex/pull/4406,0.85,2,1,0,,0,0.6151856390902335,1.0986122886681096,0.6931471805599453,0.0,,0.0
amrex,4410,https://github.com/AMReX-Codes/amrex/pull/4410,13.23,1,0,0,,0,2.655352412101761,0.6931471805599453,0.0,0.0,,0.0
amrex,4411,https://github.com/AMReX-Codes/amrex/pull/4411,0.03,2,2,0,0.02,0,0.0295588022415444,1.0986122886681096,1.0986122886681096,0.0,0.019802627296179712,0.0
amrex,4413,https://github.com/AMReX-Codes/amrex/pull/4413,3.97,1,3,2,1.94,0,1.6034198401085373,0.6931471805599453,1.3862943611198906,1.0986122886681096,1.0784095813505903,0.0
amrex,4414,https://github.com/AMReX-Codes/amrex/pull/4414,12.18,1,0,0,,0,2.578700529074361,0.6931471805599453,0.0,0.0,,0.0
amrex,4416,https://github.com/AMReX-Codes/amrex/pull/4416,0.11,2,0,0,,0,0.10436001532424277,1.0986122886681096,0.0,0.0,,0.0
amrex,4418,https://github.com/AMReX-Codes/amrex/pull/4418,1.03,1,0,0,,0,0.708035793053696,0.6931471805599453,0.0,0.0,,0.0
amrex,4419,https://github.com/AMReX-Codes/amrex/pull/4419,0.59,2,0,0,,0,0.46373401623214017,1.0986122886681096,0.0,0.0,,0.0
amrex,4421,https://github.com/AMReX-Codes/amrex/pull/4421,7.44,1,0,0,,0,2.1329823086078656,0.6931471805599453,0.0,0.0,,0.0
amrex,4422,https://github.com/AMReX-Codes/amrex/pull/4422,6.46,1,0,0,,0,2.0095554142156695,0.6931471805599453,0.0,0.0,,0.0
amrex,4425,https://github.com/AMReX-Codes/amrex/pull/4425,23.9,1,1,0,,0,3.214867803470662,0.6931471805599453,0.6931471805599453,0.0,,0.0
amrex,4426,https://github.com/AMReX-Codes/amrex/pull/4426,44.6,2,15,2,26.03,0,3.8199077165203406,1.0986122886681096,2.772588722239781,1.0986122886681096,3.2969473602883563,0.0
amrex,4428,https://github.com/AMReX-Codes/amrex/pull/4428,9.82,1,0,0,,0,2.3813962734183356,0.6931471805599453,0.0,0.0,,0.0
amrex,4429,https://github.com/AMReX-Codes/amrex/pull/4429,14.02,1,0,0,,0,2.7093826463359885,0.6931471805599453,0.0,0.0,,0.0
amrex,4430,https://github.com/AMReX-Codes/amrex/pull/4430,14.86,1,1,0,,0,2.7638002162067017,0.6931471805599453,0.6931471805599453,0.0,,0.0
amrex,4440,https://github.com/AMReX-Codes/amrex/pull/4440,0.04,1,0,0,,0,0.039220713153281295,0.6931471805599453,0.0,0.0,,0.0
amrex,4441,https://github.com/AMReX-Codes/amrex/pull/4441,6.6,1,1,0,,0,2.028148247292285,0.6931471805599453,0.6931471805599453,0.0,,0.0
amrex,4443,https://github.com/AMReX-Codes/amrex/pull/4443,0.06,1,0,0,,0,0.058268908123975775,0.6931471805599453,0.0,0.0,,0.0
amrex,4444,https://github.com/AMReX-Codes/amrex/pull/4444,0.04,1,0,0,,0,0.039220713153281295,0.6931471805599453,0.0,0.0,,0.0
amrex,4445,https://github.com/AMReX-Codes/amrex/pull/4445,1.51,1,0,0,,0,0.9202827531436926,0.6931471805599453,0.0,0.0,,0.0
amrex,4448,https://github.com/AMReX-Codes/amrex/pull/4448,0.04,1,2,0,0.0,0,0.039220713153281295,0.6931471805599453,1.0986122886681096,0.0,0.0,0.0
amrex,4449,https://github.com/AMReX-Codes/amrex/pull/4449,2.1,1,3,0,2.06,0,1.1314021114911006,0.6931471805599453,1.3862943611198906,0.0,1.1184149159642893,0.0
amrex,4451,https://github.com/AMReX-Codes/amrex/pull/4451,0.83,2,9,0,13.23,0,0.6043159668533296,1.0986122886681096,2.302585092994046,0.0,2.655352412101761,0.0
amrex,4452,https://github.com/AMReX-Codes/amrex/pull/4452,0.04,1,1,0,,0,0.039220713153281295,0.6931471805599453,0.6931471805599453,0.0,,0.0
amrex,4453,https://github.com/AMReX-Codes/amrex/pull/4453,0.03,1,0,0,,0,0.0295588022415444,0.6931471805599453,0.0,0.0,,0.0
amrex,4456,https://github.com/AMReX-Codes/amrex/pull/4456,0.03,1,3,0,0.0,0,0.0295588022415444,0.6931471805599453,1.3862943611198906,0.0,0.0,0.0
amrex,4457,https://github.com/AMReX-Codes/amrex/pull/4457,0.08,1,2,0,0.01,0,0.07696104113612832,0.6931471805599453,1.0986122886681096,0.0,0.009950330853168083,0.0
amrex,4459,https://github.com/AMReX-Codes/amrex/pull/4459,0.04,2,0,0,,0,0.039220713153281295,1.0986122886681096,0.0,0.0,,0.0
amrex,4460,https://github.com/AMReX-Codes/amrex/pull/4460,0.05,1,0,0,,0,0.04879016416943201,0.6931471805599453,0.0,0.0,,0.0
amrex,4462,https://github.com/AMReX-Codes/amrex/pull/4462,21.7,1,2,16,20.74,0,3.122364924487357,0.6931471805599453,1.0986122886681096,2.833213344056216,3.0791538816930633,0.0
amrex,4463,https://github.com/AMReX-Codes/amrex/pull/4463,0.81,2,6,0,0.03,0,0.5933268452777344,1.0986122886681096,1.9459101490553132,0.0,0.0295588022415444,0.0
amrex,4465,https://github.com/AMReX-Codes/amrex/pull/4465,0.03,1,0,0,,0,0.0295588022415444,0.6931471805599453,0.0,0.0,,0.0
amrex,4468,https://github.com/AMReX-Codes/amrex/pull/4468,0.99,1,2,3,,1,0.688134638736401,0.6931471805599453,1.0986122886681096,1.3862943611198906,,0.6931471805599453
amrex,4470,https://github.com/AMReX-Codes/amrex/pull/4470,0.05,1,0,0,,0,0.04879016416943201,0.6931471805599453,0.0,0.0,,0.0
amrex,4471,https://github.com/AMReX-Codes/amrex/pull/4471,0.05,1,0,0,,0,0.04879016416943201,0.6931471805599453,0.0,0.0,,0.0
amrex,4474,https://github.com/AMReX-Codes/amrex/pull/4474,0.03,1,1,0,,0,0.0295588022415444,0.6931471805599453,0.6931471805599453,0.0,,0.0
amrex,4475,https://github.com/AMReX-Codes/amrex/pull/4475,0.03,1,0,0,,0,0.0295588022415444,0.6931471805599453,0.0,0.0,,0.0
amrex,4476,https://github.com/AMReX-Codes/amrex/pull/4476,0.83,1,0,0,,0,0.6043159668533296,0.6931471805599453,0.0,0.0,,0.0
amrex,4479,https://github.com/AMReX-Codes/amrex/pull/4479,20.72,2,11,0,2.53,0,3.0782334950657346,1.0986122886681096,2.4849066497880004,0.0,1.2612978709452054,0.0
amrex,4480,https://github.com/AMReX-Codes/amrex/pull/4480,0.21,1,1,0,,0,0.1906203596086497,0.6931471805599453,0.6931471805599453,0.0,,0.0
amrex,4481,https://github.com/AMReX-Codes/amrex/pull/4481,5.97,1,0,0,,0,1.9416152247724325,0.6931471805599453,0.0,0.0,,0.0
amrex,4485,https://github.com/AMReX-Codes/amrex/pull/4485,12.84,1,0,0,,0,2.6275629501895237,0.6931471805599453,0.0,0.0,,0.0
amrex,4486,https://github.com/AMReX-Codes/amrex/pull/4486,2.92,1,0,0,,0,1.366091653802371,0.6931471805599453,0.0,0.0,,0.0
amrex,4488,https://github.com/AMReX-Codes/amrex/pull/4488,0.99,1,1,0,,0,0.688134638736401,0.6931471805599453,0.6931471805599453,0.0,,0.0
amrex,4489,https://github.com/AMReX-Codes/amrex/pull/4489,1.83,2,8,3,0.06,1,1.0402767116551463,1.0986122886681096,2.1972245773362196,1.3862943611198906,0.058268908123975775,0.6931471805599453
amrex,4490,https://github.com/AMReX-Codes/amrex/pull/4490,0.77,2,3,0,0.7,0,0.5709795465857378,1.0986122886681096,1.3862943611198906,0.0,0.5306282510621704,0.0
amrex,4493,https://github.com/AMReX-Codes/amrex/pull/4493,6.96,1,1,1,,0,2.0744289998562917,0.6931471805599453,0.6931471805599453,0.6931471805599453,,0.0
amrex,4495,https://github.com/AMReX-Codes/amrex/pull/4495,5.64,2,12,6,4.32,2,1.8931119634883424,1.0986122886681096,2.5649493574615367,1.9459101490553132,1.6714733033535532,1.0986122886681096
amrex,4500,https://github.com/AMReX-Codes/amrex/pull/4500,0.69,1,1,0,,0,0.5247285289349821,0.6931471805599453,0.6931471805599453,0.0,,0.0
amrex,4501,https://github.com/AMReX-Codes/amrex/pull/4501,1.7,1,0,0,,0,0.9932517730102834,0.6931471805599453,0.0,0.0,,0.0
amrex,4503,https://github.com/AMReX-Codes/amrex/pull/4503,15.95,1,0,0,,0,2.830267833826459,0.6931471805599453,0.0,0.0,,0.0
amrex,4509,https://github.com/AMReX-Codes/amrex/pull/4509,0.72,1,1,0,,0,0.5423242908253616,0.6931471805599453,0.6931471805599453,0.0,,0.0
amrex,4510,https://github.com/AMReX-Codes/amrex/pull/4510,1.9,1,0,0,,0,1.0647107369924282,0.6931471805599453,0.0,0.0,,0.0
amrex,4511,https://github.com/AMReX-Codes/amrex/pull/4511,3.03,1,1,0,,0,1.3937663759585917,0.6931471805599453,0.6931471805599453,0.0,,0.0
amrex,4512,https://github.com/AMReX-Codes/amrex/pull/4512,0.04,1,1,0,,0,0.039220713153281295,0.6931471805599453,0.6931471805599453,0.0,,0.0
amrex,4514,https://github.com/AMReX-Codes/amrex/pull/4514,0.08,2,4,1,0.03,0,0.07696104113612832,1.0986122886681096,1.6094379124341003,0.6931471805599453,0.0295588022415444,0.0
amrex,4515,https://github.com/AMReX-Codes/amrex/pull/4515,2.82,2,0,10,,0,1.3402504226184837,1.0986122886681096,0.0,2.3978952727983707,,0.0
amrex,4517,https://github.com/AMReX-Codes/amrex/pull/4517,0.14,1,0,0,,0,0.1310282624064041,0.6931471805599453,0.0,0.0,,0.0
amrex,4519,https://github.com/AMReX-Codes/amrex/pull/4519,0.03,1,0,0,,0,0.0295588022415444,0.6931471805599453,0.0,0.0,,0.0
amrex,4520,https://github.com/AMReX-Codes/amrex/pull/4520,23.14,3,37,10,21.04,0,3.183870215669385,1.3862943611198906,3.6375861597263857,2.3978952727983707,3.092858984284714,0.0
amrex,4521,https://github.com/AMReX-Codes/amrex/pull/4521,1.93,1,1,0,,0,1.0750024230289759,0.6931471805599453,0.6931471805599453,0.0,,0.0
amrex,4523,https://github.com/AMReX-Codes/amrex/pull/4523,0.22,2,2,1,0.01,0,0.1988508587451652,1.0986122886681096,1.0986122886681096,0.6931471805599453,0.009950330853168083,0.0
amrex,4526,https://github.com/AMReX-Codes/amrex/pull/4526,6.28,2,3,1,0.1,0,1.9851308622085946,1.0986122886681096,1.3862943611198906,0.6931471805599453,0.09531017980432487,0.0
amrex,4528,https://github.com/AMReX-Codes/amrex/pull/4528,0.89,1,4,0,0.59,0,0.636576829071551,0.6931471805599453,1.6094379124341003,0.0,0.46373401623214017,0.0
amrex,4531,https://github.com/AMReX-Codes/amrex/pull/4531,4.84,1,8,0,6.18,0,1.7647307968401358,0.6931471805599453,2.1972245773362196,0.0,1.9712993830601329,0.0
amrex,4534,https://github.com/AMReX-Codes/amrex/pull/4534,0.05,2,2,1,0.03,0,0.04879016416943201,1.0986122886681096,1.0986122886681096,0.6931471805599453,0.0295588022415444,0.0
amrex,4537,https://github.com/AMReX-Codes/amrex/pull/4537,8.75,3,3,0,0.0,0,2.277267285009756,1.3862943611198906,1.3862943611198906,0.0,0.0,0.0
amrex,4539,https://github.com/AMReX-Codes/amrex/pull/4539,0.03,1,0,0,,0,0.0295588022415444,0.6931471805599453,0.0,0.0,,0.0
amrex,4545,https://github.com/AMReX-Codes/amrex/pull/4545,9.09,2,11,0,25.07,0,2.3115448343655176,1.0986122886681096,2.4849066497880004,0.0,3.2607852279454104,0.0
amrex,4546,https://github.com/AMReX-Codes/amrex/pull/4546,0.04,1,0,0,,0,0.039220713153281295,0.6931471805599453,0.0,0.0,,0.0
amrex,4547,https://github.com/AMReX-Codes/amrex/pull/4547,19.96,1,1,0,,0,3.0426158594528414,0.6931471805599453,0.6931471805599453,0.0,,0.0
amrex,4548,https://github.com/AMReX-Codes/amrex/pull/4548,0.07,1,0,0,,0,0.06765864847381481,0.6931471805599453,0.0,0.0,,0.0
amrex,4549,https://github.com/AMReX-Codes/amrex/pull/4549,0.02,1,0,0,,0,0.019802627296179712,0.6931471805599453,0.0,0.0,,0.0
amrex,4553,https://github.com/AMReX-Codes/amrex/pull/4553,1.31,1,3,1,0.17,0,0.8372475245337022,0.6931471805599453,1.3862943611198906,0.6931471805599453,0.15700374880966475,0.0
amrex,4554,https://github.com/AMReX-Codes/amrex/pull/4554,6.12,2,5,0,5.05,0,1.9629077254238845,1.0986122886681096,1.791759469228055,0.0,1.80005827204275,0.0
amrex,4555,https://github.com/AMReX-Codes/amrex/pull/4555,0.1,1,0,0,,0,0.09531017980432487,0.6931471805599453,0.0,0.0,,0.0
amrex,4556,https://github.com/AMReX-Codes/amrex/pull/4556,0.69,1,0,0,,0,0.5247285289349821,0.6931471805599453,0.0,0.0,,0.0
amrex,4559,https://github.com/AMReX-Codes/amrex/pull/4559,4.72,3,6,1,4.71,0,1.7439688053917064,1.3862943611198906,1.9459101490553132,0.6931471805599453,1.7422190236679187,0.0
amrex,4560,https://github.com/AMReX-Codes/amrex/pull/4560,0.66,1,0,0,,0,0.5068176023684519,0.6931471805599453,0.0,0.0,,0.0
amrex,4566,https://github.com/AMReX-Codes/amrex/pull/4566,0.05,1,0,0,,0,0.04879016416943201,0.6931471805599453,0.0,0.0,,0.0
amrex,4567,https://github.com/AMReX-Codes/amrex/pull/4567,7.34,1,1,0,,0,2.1210632163706555,0.6931471805599453,0.6931471805599453,0.0,,0.0
amrex,4568,https://github.com/AMReX-Codes/amrex/pull/4568,0.06,1,0,0,,0,0.058268908123975775,0.6931471805599453,0.0,0.0,,0.0
amrex,4569,https://github.com/AMReX-Codes/amrex/pull/4569,0.03,1,0,0,,0,0.0295588022415444,0.6931471805599453,0.0,0.0,,0.0
amrex,4570,https://github.com/AMReX-Codes/amrex/pull/4570,0.09,1,11,0,1.9,0,0.08617769624105233,0.6931471805599453,2.4849066497880004,0.0,1.0647107369924282,0.0
amrex,4573,https://github.com/AMReX-Codes/amrex/pull/4573,0.04,1,0,1,,0,0.039220713153281295,0.6931471805599453,0.0,0.6931471805599453,,0.0
amrex,4575,https://github.com/AMReX-Codes/amrex/pull/4575,0.05,1,2,0,,0,0.04879016416943201,0.6931471805599453,1.0986122886681096,0.0,,0.0
amrex,4577,https://github.com/AMReX-Codes/amrex/pull/4577,0.96,1,0,0,,0,0.6729444732424258,0.6931471805599453,0.0,0.0,,0.0
amrex,4579,https://github.com/AMReX-Codes/amrex/pull/4579,0.51,1,0,0,,0,0.412109650826833,0.6931471805599453,0.0,0.0,,0.0
amrex,4580,https://github.com/AMReX-Codes/amrex/pull/4580,1.24,1,0,0,,0,0.8064758658669485,0.6931471805599453,0.0,0.0,,0.0
amrex,4581,https://github.com/AMReX-Codes/amrex/pull/4581,13.37,1,0,0,,0,2.6651427000909336,0.6931471805599453,0.0,0.0,,0.0
amrex,4584,https://github.com/AMReX-Codes/amrex/pull/4584,12.17,2,7,3,2.96,0,2.5779415157551897,1.0986122886681096,2.0794415416798357,1.3862943611198906,1.3762440252663892,0.0
amrex,4585,https://github.com/AMReX-Codes/amrex/pull/4585,1.88,2,1,0,,0,1.0577902941478545,1.0986122886681096,0.6931471805599453,0.0,,0.0
amrex,4586,https://github.com/AMReX-Codes/amrex/pull/4586,0.03,1,0,0,,0,0.0295588022415444,0.6931471805599453,0.0,0.0,,0.0
amrex,4587,https://github.com/AMReX-Codes/amrex/pull/4587,0.68,1,0,0,,0,0.5187937934151676,0.6931471805599453,0.0,0.0,,0.0
amrex,4588,https://github.com/AMReX-Codes/amrex/pull/4588,0.67,1,0,0,,0,0.5128236264286637,0.6931471805599453,0.0,0.0,,0.0
amrex,4589,https://github.com/AMReX-Codes/amrex/pull/4589,0.04,1,2,0,0.89,0,0.039220713153281295,0.6931471805599453,1.0986122886681096,0.0,0.636576829071551,0.0
amrex,4590,https://github.com/AMReX-Codes/amrex/pull/4590,0.06,1,0,0,,0,0.058268908123975775,0.6931471805599453,0.0,0.0,,0.0
amrex,4591,https://github.com/AMReX-Codes/amrex/pull/4591,0.29,2,4,1,0.11,0,0.2546422183735807,1.0986122886681096,1.6094379124341003,0.6931471805599453,0.10436001532424277,0.0
amrex,4594,https://github.com/AMReX-Codes/amrex/pull/4594,3.73,1,1,0,,0,1.5539252025038417,0.6931471805599453,0.6931471805599453,0.0,,0.0
amrex,4595,https://github.com/AMReX-Codes/amrex/pull/4595,5.02,1,2,1,4.94,0,1.7950872593207297,0.6931471805599453,1.0986122886681096,0.6931471805599453,1.7817091333745536,0.0
amrex,4596,https://github.com/AMReX-Codes/amrex/pull/4596,1.21,1,0,0,,0,0.7929925155296614,0.6931471805599453,0.0,0.0,,0.0
amrex,4598,https://github.com/AMReX-Codes/amrex/pull/4598,0.68,1,0,0,,0,0.5187937934151676,0.6931471805599453,0.0,0.0,,0.0
amrex,4604,https://github.com/AMReX-Codes/amrex/pull/4604,0.08,1,0,0,,0,0.07696104113612832,0.6931471805599453,0.0,0.0,,0.0
amrex,4607,https://github.com/AMReX-Codes/amrex/pull/4607,0.11,1,0,0,,0,0.10436001532424277,0.6931471805599453,0.0,0.0,,0.0
amrex,4617,https://github.com/AMReX-Codes/amrex/pull/4617,0.16,2,1,0,,0,0.14842000511827327,1.0986122886681096,0.6931471805599453,0.0,,0.0
amrex,4618,https://github.com/AMReX-Codes/amrex/pull/4618,0.78,1,3,1,0.76,0,0.5766133643039938,0.6931471805599453,1.3862943611198906,0.6931471805599453,0.5653138090500605,0.0
mantid,37104,https://github.com/mantidproject/mantid/pull/37104,0.07,0,0,0,,0,0.06765864847381481,0.0,0.0,0.0,,0.0
mantid,37118,https://github.com/mantidproject/mantid/pull/37118,1.33,2,9,2,0.58,1,0.8458682675776092,1.0986122886681096,2.302585092994046,1.0986122886681096,0.4574248470388754,0.6931471805599453
mantid,37133,https://github.com/mantidproject/mantid/pull/37133,2.96,0,0,0,,0,1.3762440252663892,0.0,0.0,0.0,,0.0
mantid,37138,https://github.com/mantidproject/mantid/pull/37138,0.07,0,0,0,,0,0.06765864847381481,0.0,0.0,0.0,,0.0
mantid,37140,https://github.com/mantidproject/mantid/pull/37140,0.09,0,0,0,,0,0.08617769624105233,0.0,0.0,0.0,,0.0
mantid,37148,https://github.com/mantidproject/mantid/pull/37148,0.04,0,0,0,,0,0.039220713153281295,0.0,0.0,0.0,,0.0
mantid,37160,https://github.com/mantidproject/mantid/pull/37160,0.09,0,0,0,,0,0.08617769624105233,0.0,0.0,0.0,,0.0
mantid,37161,https://github.com/mantidproject/mantid/pull/37161,0.08,0,0,0,,0,0.07696104113612832,0.0,0.0,0.0,,0.0
mantid,37172,https://github.com/mantidproject/mantid/pull/37172,0.04,0,0,0,,0,0.039220713153281295,0.0,0.0,0.0,,0.0
mantid,37182,https://github.com/mantidproject/mantid/pull/37182,1.04,0,0,0,,0,0.712949807856125,0.0,0.0,0.0,,0.0
mantid,37208,https://github.com/mantidproject/mantid/pull/37208,1.02,0,0,0,,0,0.7030975114131134,0.0,0.0,0.0,,0.0
mantid,37312,https://github.com/mantidproject/mantid/pull/37312,0.13,0,0,0,,0,0.12221763272424921,0.0,0.0,0.0,,0.0
mantid,37350,https://github.com/mantidproject/mantid/pull/37350,400.02,3,52,11,364.99,2,5.994011301374558,1.3862943611198906,3.970291913552122,2.4849066497880004,5.902606010623731,1.0986122886681096
mantid,37736,https://github.com/mantidproject/mantid/pull/37736,0.24,0,0,0,,0,0.2151113796169455,0.0,0.0,0.0,,0.0
mantid,37737,https://github.com/mantidproject/mantid/pull/37737,0.04,0,0,0,,0,0.039220713153281295,0.0,0.0,0.0,,0.0
mantid,37764,https://github.com/mantidproject/mantid/pull/37764,0.65,0,0,0,,0,0.5007752879124893,0.0,0.0,0.0,,0.0
mantid,37784,https://github.com/mantidproject/mantid/pull/37784,0.05,0,0,0,,0,0.04879016416943201,0.0,0.0,0.0,,0.0
mantid,37785,https://github.com/mantidproject/mantid/pull/37785,0.06,0,0,0,,0,0.058268908123975775,0.0,0.0,0.0,,0.0
mantid,37825,https://github.com/mantidproject/mantid/pull/37825,1.87,0,2,0,1.12,0,1.0543120297715298,0.0,1.0986122886681096,0.0,0.7514160886839212,0.0
mantid,37853,https://github.com/mantidproject/mantid/pull/37853,0.1,0,0,0,,0,0.09531017980432487,0.0,0.0,0.0,,0.0
mantid,37871,https://github.com/mantidproject/mantid/pull/37871,0.04,0,0,0,,0,0.039220713153281295,0.0,0.0,0.0,,0.0
mantid,37882,https://github.com/mantidproject/mantid/pull/37882,0.03,0,0,0,,0,0.0295588022415444,0.0,0.0,0.0,,0.0
mantid,37910,https://github.com/mantidproject/mantid/pull/37910,0.07,0,0,0,,0,0.06765864847381481,0.0,0.0,0.0,,0.0
mantid,37911,https://github.com/mantidproject/mantid/pull/37911,0.07,0,0,0,,0,0.06765864847381481,0.0,0.0,0.0,,0.0
mantid,37913,https://github.com/mantidproject/mantid/pull/37913,0.8,0,0,0,,0,0.5877866649021191,0.0,0.0,0.0,,0.0
mantid,37930,https://github.com/mantidproject/mantid/pull/37930,0.14,0,0,0,,0,0.1310282624064041,0.0,0.0,0.0,,0.0
mantid,37943,https://github.com/mantidproject/mantid/pull/37943,0.06,0,0,0,,0,0.058268908123975775,0.0,0.0,0.0,,0.0
mantid,37951,https://github.com/mantidproject/mantid/pull/37951,0.07,0,0,0,,0,0.06765864847381481,0.0,0.0,0.0,,0.0
mantid,38017,https://github.com/mantidproject/mantid/pull/38017,0.27,0,0,0,,0,0.23901690047049992,0.0,0.0,0.0,,0.0
mantid,38125,https://github.com/mantidproject/mantid/pull/38125,0.82,0,0,0,,0,0.598836501088704,0.0,0.0,0.0,,0.0
mantid,38139,https://github.com/mantidproject/mantid/pull/38139,0.27,0,0,0,,0,0.23901690047049992,0.0,0.0,0.0,,0.0
mantid,38186,https://github.com/mantidproject/mantid/pull/38186,11.01,1,4,1,131.89,0,2.485739636091892,0.6931471805599453,1.6094379124341003,0.6931471805599453,4.889521718343416,0.0
mantid,38277,https://github.com/mantidproject/mantid/pull/38277,0.17,0,0,0,,0,0.15700374880966475,0.0,0.0,0.0,,0.0
mantid,38359,https://github.com/mantidproject/mantid/pull/38359,0.56,1,1,0,,0,0.44468582126144574,0.6931471805599453,0.6931471805599453,0.0,,0.0
mantid,38455,https://github.com/mantidproject/mantid/pull/38455,40.83,3,19,50,36.98,2,3.733613785454107,1.3862943611198906,2.995732273553991,3.9318256327243257,3.63705970538414,1.0986122886681096
mantid,38600,https://github.com/mantidproject/mantid/pull/38600,85.95,2,9,19,83.25,2,4.465333240800292,1.0986122886681096,2.302585092994046,2.995732273553991,4.433788569232471,1.0986122886681096
mantid,38626,https://github.com/mantidproject/mantid/pull/38626,0.88,1,3,1,0.07,0,0.6312717768418579,0.6931471805599453,1.3862943611198906,0.6931471805599453,0.06765864847381481,0.0
mantid,38684,https://github.com/mantidproject/mantid/pull/38684,76.86,1,5,0,5.43,0,4.35491234218231,0.6931471805599453,1.791759469228055,0.0,1.860974538249528,0.0
mantid,38708,https://github.com/mantidproject/mantid/pull/38708,3.97,2,8,9,18.04,0,1.6034198401085373,1.0986122886681096,2.1972245773362196,2.302585092994046,2.9465420293632194,0.0
mantid,38738,https://github.com/mantidproject/mantid/pull/38738,1.56,1,2,1,,1,0.9400072584914712,0.6931471805599453,1.0986122886681096,0.6931471805599453,,0.6931471805599453
mantid,38760,https://github.com/mantidproject/mantid/pull/38760,3.28,1,3,1,0.11,0,1.4539530095937054,0.6931471805599453,1.3862943611198906,0.6931471805599453,0.10436001532424277,0.0
mantid,38766,https://github.com/mantidproject/mantid/pull/38766,4.05,2,20,3,3.3,0,1.6193882432872684,1.0986122886681096,3.044522437723423,1.3862943611198906,1.4586150226995167,0.0
mantid,38767,https://github.com/mantidproject/mantid/pull/38767,3.43,1,1,0,,0,1.4883995840570443,0.6931471805599453,0.6931471805599453,0.0,,0.0
mantid,38776,https://github.com/mantidproject/mantid/pull/38776,0.09,0,0,0,,0,0.08617769624105233,0.0,0.0,0.0,,0.0
mantid,38782,https://github.com/mantidproject/mantid/pull/38782,0.07,0,0,0,,0,0.06765864847381481,0.0,0.0,0.0,,0.0
mantid,38786,https://github.com/mantidproject/mantid/pull/38786,1.76,3,7,0,0.22,0,1.0152306797290587,1.3862943611198906,2.0794415416798357,0.0,0.1988508587451652,0.0
mantid,38790,https://github.com/mantidproject/mantid/pull/38790,5.97,3,11,1,5.39,0,1.9416152247724325,1.3862943611198906,2.4849066497880004,0.6931471805599453,1.8547342683894434,0.0
mantid,38792,https://github.com/mantidproject/mantid/pull/38792,0.08,0,0,0,,0,0.07696104113612832,0.0,0.0,0.0,,0.0
mantid,38805,https://github.com/mantidproject/mantid/pull/38805,13.18,2,25,3,10.19,0,2.6518325211039815,1.0986122886681096,3.258096538021482,1.3862943611198906,2.4150205223238337,0.0
mantid,38813,https://github.com/mantidproject/mantid/pull/38813,0.09,1,1,1,,0,0.08617769624105233,0.6931471805599453,0.6931471805599453,0.6931471805599453,,0.0
mantid,38816,https://github.com/mantidproject/mantid/pull/38816,0.4,1,0,0,,0,0.33647223662121295,0.6931471805599453,0.0,0.0,,0.0
mantid,38824,https://github.com/mantidproject/mantid/pull/38824,7.79,2,4,0,2.19,0,2.1736147116970854,1.0986122886681096,1.6094379124341003,0.0,1.1600209167967532,0.0
mantid,38825,https://github.com/mantidproject/mantid/pull/38825,8.4,1,3,0,2.38,0,2.2407096892759584,0.6931471805599453,1.3862943611198906,0.0,1.2178757094949273,0.0
mantid,38840,https://github.com/mantidproject/mantid/pull/38840,0.49,1,2,2,,0,0.3987761199573678,0.6931471805599453,1.0986122886681096,1.0986122886681096,,0.0
mantid,38844,https://github.com/mantidproject/mantid/pull/38844,3.22,2,4,0,0.53,0,1.4398351280479205,1.0986122886681096,1.6094379124341003,0.0,0.4252677354043441,0.0
mantid,38846,https://github.com/mantidproject/mantid/pull/38846,1.04,1,2,0,,0,0.712949807856125,0.6931471805599453,1.0986122886681096,0.0,,0.0
mantid,38850,https://github.com/mantidproject/mantid/pull/38850,0.09,0,0,0,,0,0.08617769624105233,0.0,0.0,0.0,,0.0
mantid,38856,https://github.com/mantidproject/mantid/pull/38856,2.92,1,1,0,,0,1.366091653802371,0.6931471805599453,0.6931471805599453,0.0,,0.0
mantid,38860,https://github.com/mantidproject/mantid/pull/38860,0.06,0,0,0,,0,0.058268908123975775,0.0,0.0,0.0,,0.0
mantid,38866,https://github.com/mantidproject/mantid/pull/38866,0.37,1,3,0,0.02,0,0.31481073984003355,0.6931471805599453,1.3862943611198906,0.0,0.019802627296179712,0.0
mantid,38870,https://github.com/mantidproject/mantid/pull/38870,42.64,3,34,18,21.86,2,3.77597416096487,1.3862943611198906,3.5553480614894135,2.9444389791664403,3.129388658366665,1.0986122886681096
mantid,38874,https://github.com/mantidproject/mantid/pull/38874,1.03,2,16,2,0.06,0,0.708035793053696,1.0986122886681096,2.833213344056216,1.0986122886681096,0.058268908123975775,0.0
mantid,38897,https://github.com/mantidproject/mantid/pull/38897,0.1,1,1,0,,0,0.09531017980432487,0.6931471805599453,0.6931471805599453,0.0,,0.0
mantid,38901,https://github.com/mantidproject/mantid/pull/38901,0.44,1,1,0,,0,0.36464311358790924,0.6931471805599453,0.6931471805599453,0.0,,0.0
mantid,38906,https://github.com/mantidproject/mantid/pull/38906,0.72,1,0,0,,0,0.5423242908253616,0.6931471805599453,0.0,0.0,,0.0
mantid,38939,https://github.com/mantidproject/mantid/pull/38939,0.93,1,3,0,0.2,0,0.6575200029167942,0.6931471805599453,1.3862943611198906,0.0,0.18232155679395462,0.0
mantid,38949,https://github.com/mantidproject/mantid/pull/38949,0.19,2,7,2,0.09,0,0.173953307123438,1.0986122886681096,2.0794415416798357,1.0986122886681096,0.08617769624105233,0.0
mantid,38977,https://github.com/mantidproject/mantid/pull/38977,0.59,1,0,0,,0,0.46373401623214017,0.6931471805599453,0.0,0.0,,0.0
mantid,38978,https://github.com/mantidproject/mantid/pull/38978,0.65,1,1,0,,0,0.5007752879124893,0.6931471805599453,0.6931471805599453,0.0,,0.0
mantid,38988,https://github.com/mantidproject/mantid/pull/38988,1.13,1,0,0,,0,0.7561219797213337,0.6931471805599453,0.0,0.0,,0.0
mantid,38989,https://github.com/mantidproject/mantid/pull/38989,0.57,1,3,0,0.01,0,0.4510756193602167,0.6931471805599453,1.3862943611198906,0.0,0.009950330853168083,0.0
mantid,38990,https://github.com/mantidproject/mantid/pull/38990,77.07,3,30,22,72.67,0,4.3576058601322,1.3862943611198906,3.4339872044851463,3.1354942159291497,4.299595660694722,0.0
mantid,38992,https://github.com/mantidproject/mantid/pull/38992,0.07,0,0,0,,0,0.06765864847381481,0.0,0.0,0.0,,0.0
mantid,39021,https://github.com/mantidproject/mantid/pull/39021,0.78,2,2,0,,0,0.5766133643039938,1.0986122886681096,1.0986122886681096,0.0,,0.0
mantid,39049,https://github.com/mantidproject/mantid/pull/39049,20.99,2,6,2,0.15,1,3.09058780456667,1.0986122886681096,1.9459101490553132,1.0986122886681096,0.13976194237515868,0.6931471805599453
mantid,39055,https://github.com/mantidproject/mantid/pull/39055,5.7,1,0,0,,0,1.9021075263969205,0.6931471805599453,0.0,0.0,,0.0
mantid,39056,https://github.com/mantidproject/mantid/pull/39056,17.78,3,10,2,8.01,2,2.932792473780117,1.3862943611198906,2.3978952727983707,1.0986122886681096,2.1983350716202463,1.0986122886681096
mantid,39057,https://github.com/mantidproject/mantid/pull/39057,0.79,1,1,0,,0,0.5822156198526637,0.6931471805599453,0.6931471805599453,0.0,,0.0
mantid,39062,https://github.com/mantidproject/mantid/pull/39062,11.74,1,2,1,,1,2.5447466501440172,0.6931471805599453,1.0986122886681096,0.6931471805599453,,0.6931471805599453
mantid,39071,https://github.com/mantidproject/mantid/pull/39071,57.49,3,18,6,54.97,2,4.068855799454934,1.3862943611198906,2.9444389791664403,1.9459101490553132,4.024815832903268,1.0986122886681096
mantid,39073,https://github.com/mantidproject/mantid/pull/39073,14.23,1,3,2,0.26,1,2.7232671669070703,0.6931471805599453,1.3862943611198906,1.0986122886681096,0.23111172096338664,0.6931471805599453
mantid,39074,https://github.com/mantidproject/mantid/pull/39074,8.94,1,2,1,,0,2.2965670206684825,0.6931471805599453,1.0986122886681096,0.6931471805599453,,0.0
mantid,39086,https://github.com/mantidproject/mantid/pull/39086,5.61,1,2,0,,0,1.888583653863595,0.6931471805599453,1.0986122886681096,0.0,,0.0
mantid,39087,https://github.com/mantidproject/mantid/pull/39087,4.04,1,1,0,,0,1.6174060820832772,0.6931471805599453,0.6931471805599453,0.0,,0.0
mantid,39091,https://github.com/mantidproject/mantid/pull/39091,0.15,0,0,0,,0,0.13976194237515868,0.0,0.0,0.0,,0.0
mantid,39093,https://github.com/mantidproject/mantid/pull/39093,0.13,0,0,0,,0,0.12221763272424921,0.0,0.0,0.0,,0.0
mantid,39094,https://github.com/mantidproject/mantid/pull/39094,14.8,2,7,2,5.84,0,2.760009940032921,1.0986122886681096,2.0794415416798357,1.0986122886681096,1.922787731634459,0.0
mantid,39097,https://github.com/mantidproject/mantid/pull/39097,1.12,1,2,1,,0,0.7514160886839212,0.6931471805599453,1.0986122886681096,0.6931471805599453,,0.0
mantid,39098,https://github.com/mantidproject/mantid/pull/39098,0.99,0,0,0,,0,0.688134638736401,0.0,0.0,0.0,,0.0
mantid,39100,https://github.com/mantidproject/mantid/pull/39100,1.71,1,1,0,,0,0.9969486348916095,0.6931471805599453,0.6931471805599453,0.0,,0.0
mantid,39101,https://github.com/mantidproject/mantid/pull/39101,50.87,3,13,3,19.92,2,3.9487405883633087,1.3862943611198906,2.639057329615259,1.3862943611198906,3.040705639196722,1.0986122886681096
mantid,39104,https://github.com/mantidproject/mantid/pull/39104,16.02,1,4,3,0.55,0,2.834389123145228,0.6931471805599453,1.6094379124341003,1.3862943611198906,0.4382549309311553,0.0
mantid,39111,https://github.com/mantidproject/mantid/pull/39111,6.76,2,8,9,0.03,0,2.048982334195127,1.0986122886681096,2.1972245773362196,2.302585092994046,0.0295588022415444,0.0
mantid,39114,https://github.com/mantidproject/mantid/pull/39114,6.06,2,2,2,,1,1.9544450515051506,1.0986122886681096,1.0986122886681096,1.0986122886681096,,0.6931471805599453
mantid,39121,https://github.com/mantidproject/mantid/pull/39121,3.2,0,2,0,0.0,0,1.4350845252893227,0.0,1.0986122886681096,0.0,0.0,0.0
mantid,39123,https://github.com/mantidproject/mantid/pull/39123,1.3,0,0,0,,0,0.832909122935104,0.0,0.0,0.0,,0.0
mantid,39124,https://github.com/mantidproject/mantid/pull/39124,9.0,2,7,3,2.77,1,2.302585092994046,1.0986122886681096,2.0794415416798357,1.3862943611198906,1.3270750014599193,0.6931471805599453
mantid,39126,https://github.com/mantidproject/mantid/pull/39126,6.06,2,5,1,2.7,0,1.9544450515051506,1.0986122886681096,1.791759469228055,0.6931471805599453,1.308332819650179,0.0
mantid,39128,https://github.com/mantidproject/mantid/pull/39128,0.24,1,1,0,,0,0.2151113796169455,0.6931471805599453,0.6931471805599453,0.0,,0.0
mantid,39132,https://github.com/mantidproject/mantid/pull/39132,9.81,1,0,0,,0,2.380471631651117,0.6931471805599453,0.0,0.0,,0.0
mantid,39133,https://github.com/mantidproject/mantid/pull/39133,1.72,1,3,0,1.04,0,1.000631880307906,0.6931471805599453,1.3862943611198906,0.0,0.712949807856125,0.0
mantid,39134,https://github.com/mantidproject/mantid/pull/39134,0.29,0,0,0,,0,0.2546422183735807,0.0,0.0,0.0,,0.0
mantid,39135,https://github.com/mantidproject/mantid/pull/39135,6.4,2,10,1,4.7,2,2.0014800002101243,1.0986122886681096,2.3978952727983707,0.6931471805599453,1.7404661748405044,1.0986122886681096
mantid,39136,https://github.com/mantidproject/mantid/pull/39136,0.09,1,1,0,,0,0.08617769624105233,0.6931471805599453,0.6931471805599453,0.0,,0.0
mantid,39138,https://github.com/mantidproject/mantid/pull/39138,0.06,0,0,0,,0,0.058268908123975775,0.0,0.0,0.0,,0.0
mantid,39142,https://github.com/mantidproject/mantid/pull/39142,0.07,0,0,0,,0,0.06765864847381481,0.0,0.0,0.0,,0.0
mantid,39144,https://github.com/mantidproject/mantid/pull/39144,7.95,3,23,9,6.46,1,2.191653532286764,1.3862943611198906,3.1780538303479458,2.302585092994046,2.0095554142156695,0.6931471805599453
mantid,39145,https://github.com/mantidproject/mantid/pull/39145,0.08,0,0,0,,0,0.07696104113612832,0.0,0.0,0.0,,0.0
mantid,39153,https://github.com/mantidproject/mantid/pull/39153,0.13,0,0,0,,0,0.12221763272424921,0.0,0.0,0.0,,0.0
mantid,39160,https://github.com/mantidproject/mantid/pull/39160,0.05,0,0,0,,0,0.04879016416943201,0.0,0.0,0.0,,0.0
mantid,39162,https://github.com/mantidproject/mantid/pull/39162,4.26,3,6,2,2.29,2,1.6601310267496183,1.3862943611198906,1.9459101490553132,1.0986122886681096,1.1908875647772805,1.0986122886681096
mantid,39163,https://github.com/mantidproject/mantid/pull/39163,2.49,1,3,0,0.1,0,1.2499017362143359,0.6931471805599453,1.3862943611198906,0.0,0.09531017980432487,0.0
mantid,39165,https://github.com/mantidproject/mantid/pull/39165,0.05,0,0,0,,0,0.04879016416943201,0.0,0.0,0.0,,0.0
mantid,39168,https://github.com/mantidproject/mantid/pull/39168,0.14,1,1,0,,0,0.1310282624064041,0.6931471805599453,0.6931471805599453,0.0,,0.0
mantid,39169,https://github.com/mantidproject/mantid/pull/39169,2.16,1,2,0,0.59,0,1.1505720275988207,0.6931471805599453,1.0986122886681096,0.0,0.46373401623214017,0.0
mantid,39170,https://github.com/mantidproject/mantid/pull/39170,2.09,1,3,2,,1,1.128171090909654,0.6931471805599453,1.3862943611198906,1.0986122886681096,,0.6931471805599453
mantid,39172,https://github.com/mantidproject/mantid/pull/39172,0.94,0,0,0,,0,0.6626879730752367,0.0,0.0,0.0,,0.0
mantid,39175,https://github.com/mantidproject/mantid/pull/39175,1.11,0,0,0,,0,0.7466879474879752,0.0,0.0,0.0,,0.0
mantid,39176,https://github.com/mantidproject/mantid/pull/39176,1.35,1,0,0,,0,0.8544153281560676,0.6931471805599453,0.0,0.0,,0.0
mantid,39177,https://github.com/mantidproject/mantid/pull/39177,0.14,1,1,0,,0,0.1310282624064041,0.6931471805599453,0.6931471805599453,0.0,,0.0
mantid,39179,https://github.com/mantidproject/mantid/pull/39179,1.05,2,0,0,,0,0.7178397931503169,1.0986122886681096,0.0,0.0,,0.0
mantid,39181,https://github.com/mantidproject/mantid/pull/39181,20.66,2,19,16,19.63,1,3.0754672415728446,1.0986122886681096,2.995732273553991,2.833213344056216,3.0267463270831603,0.6931471805599453
mantid,39182,https://github.com/mantidproject/mantid/pull/39182,0.01,1,1,0,,0,0.009950330853168083,0.6931471805599453,0.6931471805599453,0.0,,0.0
mantid,39183,https://github.com/mantidproject/mantid/pull/39183,0.05,0,0,0,,0,0.04879016416943201,0.0,0.0,0.0,,0.0
mantid,39184,https://github.com/mantidproject/mantid/pull/39184,0.25,0,0,0,,0,0.22314355131420976,0.0,0.0,0.0,,0.0
mantid,39186,https://github.com/mantidproject/mantid/pull/39186,93.86,1,3,0,54.07,0,4.552402120449436,0.6931471805599453,1.3862943611198906,0.0,4.00860510327439,0.0
mantid,39187,https://github.com/mantidproject/mantid/pull/39187,0.12,0,0,0,,0,0.11332868530700317,0.0,0.0,0.0,,0.0
mantid,39188,https://github.com/mantidproject/mantid/pull/39188,0.16,0,0,0,,0,0.14842000511827327,0.0,0.0,0.0,,0.0
mantid,39189,https://github.com/mantidproject/mantid/pull/39189,0.06,0,0,0,,0,0.058268908123975775,0.0,0.0,0.0,,0.0
mantid,39190,https://github.com/mantidproject/mantid/pull/39190,4.05,0,0,0,,0,1.6193882432872684,0.0,0.0,0.0,,0.0
mantid,39193,https://github.com/mantidproject/mantid/pull/39193,3.19,0,0,0,,0,1.4327007339340463,0.0,0.0,0.0,,0.0
mantid,39194,https://github.com/mantidproject/mantid/pull/39194,2.68,1,2,0,,0,1.3029127521808397,0.6931471805599453,1.0986122886681096,0.0,,0.0
mantid,39198,https://github.com/mantidproject/mantid/pull/39198,0.11,0,0,0,,0,0.10436001532424277,0.0,0.0,0.0,,0.0
mantid,39201,https://github.com/mantidproject/mantid/pull/39201,2.16,2,6,4,0.0,2,1.1505720275988207,1.0986122886681096,1.9459101490553132,1.6094379124341003,0.0,1.0986122886681096
mantid,39205,https://github.com/mantidproject/mantid/pull/39205,1.07,1,1,0,,0,0.7275486072772778,0.6931471805599453,0.6931471805599453,0.0,,0.0
mantid,39207,https://github.com/mantidproject/mantid/pull/39207,16.0,1,0,0,,0,2.833213344056216,0.6931471805599453,0.0,0.0,,0.0
mantid,39209,https://github.com/mantidproject/mantid/pull/39209,0.05,0,0,0,,0,0.04879016416943201,0.0,0.0,0.0,,0.0
mantid,39210,https://github.com/mantidproject/mantid/pull/39210,9.9,2,38,13,8.67,0,2.388762789235098,1.0986122886681096,3.6635616461296463,2.639057329615259,2.269028309465203,0.0
mantid,39211,https://github.com/mantidproject/mantid/pull/39211,0.07,0,0,0,,0,0.06765864847381481,0.0,0.0,0.0,,0.0
mantid,39212,https://github.com/mantidproject/mantid/pull/39212,6.95,2,10,6,6.04,1,2.0731719286662407,1.0986122886681096,2.3978952727983707,1.9459101490553132,1.951608170169951,0.6931471805599453
mantid,39214,https://github.com/mantidproject/mantid/pull/39214,8.92,3,11,4,1.03,2,2.2945529212967815,1.3862943611198906,2.4849066497880004,1.6094379124341003,0.708035793053696,1.0986122886681096
mantid,39216,https://github.com/mantidproject/mantid/pull/39216,7.01,1,1,0,,0,2.080690761080268,0.6931471805599453,0.6931471805599453,0.0,,0.0
mantid,39218,https://github.com/mantidproject/mantid/pull/39218,0.71,1,2,0,,0,0.5364933705145685,0.6931471805599453,1.0986122886681096,0.0,,0.0
mantid,39219,https://github.com/mantidproject/mantid/pull/39219,35.71,2,14,17,13.04,5,3.603049197508743,1.0986122886681096,2.70805020110221,2.8903717578961645,2.641910398597665,1.791759469228055
mantid,39221,https://github.com/mantidproject/mantid/pull/39221,0.7,2,2,0,,0,0.5306282510621704,1.0986122886681096,1.0986122886681096,0.0,,0.0
mantid,39222,https://github.com/mantidproject/mantid/pull/39222,0.06,0,0,0,,0,0.058268908123975775,0.0,0.0,0.0,,0.0
mantid,39225,https://github.com/mantidproject/mantid/pull/39225,0.07,0,0,0,,0,0.06765864847381481,0.0,0.0,0.0,,0.0
mantid,39226,https://github.com/mantidproject/mantid/pull/39226,0.05,0,0,0,,0,0.04879016416943201,0.0,0.0,0.0,,0.0
mantid,39227,https://github.com/mantidproject/mantid/pull/39227,111.77,2,20,17,96.98,2,4.725350346244197,1.0986122886681096,3.044522437723423,2.8903717578961645,4.584763376210429,1.0986122886681096
mantid,39228,https://github.com/mantidproject/mantid/pull/39228,35.92,3,27,19,25.12,2,3.6087534096346516,1.3862943611198906,3.332204510175204,2.995732273553991,3.2627013044082305,1.0986122886681096
mantid,39232,https://github.com/mantidproject/mantid/pull/39232,2.37,1,4,1,0.01,0,1.2149127443642704,0.6931471805599453,1.6094379124341003,0.6931471805599453,0.009950330853168083,0.0
mantid,39234,https://github.com/mantidproject/mantid/pull/39234,26.97,2,8,0,14.01,0,3.3311325072138684,1.0986122886681096,2.1972245773362196,0.0,2.7087166456453704,0.0
mantid,39235,https://github.com/mantidproject/mantid/pull/39235,6.01,1,4,2,0.92,0,1.9473377010464987,0.6931471805599453,1.6094379124341003,1.0986122886681096,0.6523251860396903,0.0
mantid,39236,https://github.com/mantidproject/mantid/pull/39236,0.06,0,0,0,,0,0.058268908123975775,0.0,0.0,0.0,,0.0
mantid,39238,https://github.com/mantidproject/mantid/pull/39238,4.08,2,4,1,0.09,1,1.6253112615903906,1.0986122886681096,1.6094379124341003,0.6931471805599453,0.08617769624105233,0.6931471805599453
mantid,39239,https://github.com/mantidproject/mantid/pull/39239,4.88,1,3,0,0.08,0,1.7715567619105355,0.6931471805599453,1.3862943611198906,0.0,0.07696104113612832,0.0
mantid,39241,https://github.com/mantidproject/mantid/pull/39241,6.82,3,4,13,0.0,0,2.05668455455722,1.3862943611198906,1.6094379124341003,2.639057329615259,0.0,0.0
mantid,39243,https://github.com/mantidproject/mantid/pull/39243,6.68,1,4,0,0.11,0,2.038619547159581,0.6931471805599453,1.6094379124341003,0.0,0.10436001532424277,0.0
mantid,39245,https://github.com/mantidproject/mantid/pull/39245,4.4,1,1,4,,0,1.6863989535702286,0.6931471805599453,0.6931471805599453,1.6094379124341003,,0.0
mantid,39246,https://github.com/mantidproject/mantid/pull/39246,2.96,1,1,2,,1,1.3762440252663892,0.6931471805599453,0.6931471805599453,1.0986122886681096,,0.6931471805599453
mantid,39248,https://github.com/mantidproject/mantid/pull/39248,3.99,1,1,0,,0,1.6074359097634274,0.6931471805599453,0.6931471805599453,0.0,,0.0
mantid,39249,https://github.com/mantidproject/mantid/pull/39249,17.95,2,2,1,,0,2.9418039315284354,1.0986122886681096,1.0986122886681096,0.6931471805599453,,0.0
mantid,39250,https://github.com/mantidproject/mantid/pull/39250,2.69,1,1,0,,0,1.3056264580524357,0.6931471805599453,0.6931471805599453,0.0,,0.0
mantid,39251,https://github.com/mantidproject/mantid/pull/39251,0.07,0,0,0,,0,0.06765864847381481,0.0,0.0,0.0,,0.0
mantid,39254,https://github.com/mantidproject/mantid/pull/39254,0.06,0,0,0,,0,0.058268908123975775,0.0,0.0,0.0,,0.0
mantid,39255,https://github.com/mantidproject/mantid/pull/39255,0.06,0,0,0,,0,0.058268908123975775,0.0,0.0,0.0,,0.0
mantid,39258,https://github.com/mantidproject/mantid/pull/39258,0.06,0,0,0,,0,0.058268908123975775,0.0,0.0,0.0,,0.0
mantid,39259,https://github.com/mantidproject/mantid/pull/39259,1.66,3,6,0,0.1,0,0.9783261227936076,1.3862943611198906,1.9459101490553132,0.0,0.09531017980432487,0.0
mantid,39264,https://github.com/mantidproject/mantid/pull/39264,16.12,3,13,17,9.79,3,2.840247370713596,1.3862943611198906,2.639057329615259,2.8903717578961645,2.378619779270043,1.3862943611198906
mantid,39265,https://github.com/mantidproject/mantid/pull/39265,13.68,1,4,0,6.19,0,2.6864860231863696,0.6931471805599453,1.6094379124341003,0.0,1.9726911717329554,0.0
mantid,39266,https://github.com/mantidproject/mantid/pull/39266,0.17,1,4,0,0.0,0,0.15700374880966475,0.6931471805599453,1.6094379124341003,0.0,0.0,0.0
mantid,39268,https://github.com/mantidproject/mantid/pull/39268,0.08,0,1,0,,0,0.07696104113612832,0.0,0.6931471805599453,0.0,,0.0
mantid,39269,https://github.com/mantidproject/mantid/pull/39269,1.06,0,1,0,,0,0.7227059828014898,0.0,0.6931471805599453,0.0,,0.0
mantid,39272,https://github.com/mantidproject/mantid/pull/39272,89.79,2,6,1,81.96,0,4.508549147383666,1.0986122886681096,1.9459101490553132,0.6931471805599453,4.418358563921272,0.0
mantid,39273,https://github.com/mantidproject/mantid/pull/39273,0.07,0,0,0,,0,0.06765864847381481,0.0,0.0,0.0,,0.0
mantid,39276,https://github.com/mantidproject/mantid/pull/39276,1.06,1,1,0,,0,0.7227059828014898,0.6931471805599453,0.6931471805599453,0.0,,0.0
mantid,39277,https://github.com/mantidproject/mantid/pull/39277,1.81,1,6,4,0.44,0,1.0331844833456545,0.6931471805599453,1.9459101490553132,1.6094379124341003,0.36464311358790924,0.0
mantid,39278,https://github.com/mantidproject/mantid/pull/39278,2.03,3,8,3,1.08,0,1.1085626195212777,1.3862943611198906,2.1972245773362196,1.3862943611198906,0.7323678937132266,0.0
mantid,39280,https://github.com/mantidproject/mantid/pull/39280,0.38,1,1,0,,0,0.32208349916911333,0.6931471805599453,0.6931471805599453,0.0,,0.0
mantid,39281,https://github.com/mantidproject/mantid/pull/39281,0.07,0,0,0,,0,0.06765864847381481,0.0,0.0,0.0,,0.0
mantid,39282,https://github.com/mantidproject/mantid/pull/39282,1.15,2,2,2,,0,0.7654678421395714,1.0986122886681096,1.0986122886681096,1.0986122886681096,,0.0
mantid,39283,https://github.com/mantidproject/mantid/pull/39283,9.07,2,6,0,6.14,0,2.309560706730471,1.0986122886681096,1.9459101490553132,0.0,1.965712776351493,0.0
mantid,39284,https://github.com/mantidproject/mantid/pull/39284,0.17,0,0,0,,0,0.15700374880966475,0.0,0.0,0.0,,0.0
mantid,39287,https://github.com/mantidproject/mantid/pull/39287,0.87,0,0,0,,0,0.6259384308664953,0.0,0.0,0.0,,0.0
mantid,39289,https://github.com/mantidproject/mantid/pull/39289,1.72,1,2,1,,0,1.000631880307906,0.6931471805599453,1.0986122886681096,0.6931471805599453,,0.0
mantid,39290,https://github.com/mantidproject/mantid/pull/39290,0.2,0,0,0,,0,0.18232155679395462,0.0,0.0,0.0,,0.0
mantid,39291,https://github.com/mantidproject/mantid/pull/39291,0.05,0,0,0,,0,0.04879016416943201,0.0,0.0,0.0,,0.0
mantid,39292,https://github.com/mantidproject/mantid/pull/39292,0.05,0,0,0,,0,0.04879016416943201,0.0,0.0,0.0,,0.0
mantid,39293,https://github.com/mantidproject/mantid/pull/39293,54.73,2,6,1,0.97,0,4.020518601581445,1.0986122886681096,1.9459101490553132,0.6931471805599453,0.6780335427498971,0.0
mantid,39296,https://github.com/mantidproject/mantid/pull/39296,4.82,1,1,0,,0,1.7613002617433464,0.6931471805599453,0.6931471805599453,0.0,,0.0
mantid,39297,https://github.com/mantidproject/mantid/pull/39297,1.97,1,1,0,,0,1.0885619528146082,0.6931471805599453,0.6931471805599453,0.0,,0.0
mantid,39298,https://github.com/mantidproject/mantid/pull/39298,0.7,0,0,0,,0,0.5306282510621704,0.0,0.0,0.0,,0.0
mantid,39299,https://github.com/mantidproject/mantid/pull/39299,0.05,0,0,0,,0,0.04879016416943201,0.0,0.0,0.0,,0.0
mantid,39300,https://github.com/mantidproject/mantid/pull/39300,13.98,3,24,5,8.05,1,2.7067159780890733,1.3862943611198906,3.2188758248682006,1.791759469228055,2.2027647577118348,0.6931471805599453
mantid,39302,https://github.com/mantidproject/mantid/pull/39302,5.11,1,2,1,,1,1.809926773183504,0.6931471805599453,1.0986122886681096,0.6931471805599453,,0.6931471805599453
mantid,39303,https://github.com/mantidproject/mantid/pull/39303,2.91,0,0,0,,0,1.3635373739972745,0.0,0.0,0.0,,0.0
mantid,39304,https://github.com/mantidproject/mantid/pull/39304,4.31,1,1,0,,0,1.6695918352538475,0.6931471805599453,0.6931471805599453,0.0,,0.0
mantid,39306,https://github.com/mantidproject/mantid/pull/39306,0.04,0,0,0,,0,0.039220713153281295,0.0,0.0,0.0,,0.0
mantid,39307,https://github.com/mantidproject/mantid/pull/39307,2.68,2,3,1,,0,1.3029127521808397,1.0986122886681096,1.3862943611198906,0.6931471805599453,,0.0
mantid,39309,https://github.com/mantidproject/mantid/pull/39309,14.9,2,4,3,0.86,1,2.766319109226186,1.0986122886681096,1.6094379124341003,1.3862943611198906,0.6205764877251099,0.6931471805599453
mantid,39310,https://github.com/mantidproject/mantid/pull/39310,2.01,1,3,1,0.14,0,1.1019400787607843,0.6931471805599453,1.3862943611198906,0.6931471805599453,0.1310282624064041,0.0
mantid,39311,https://github.com/mantidproject/mantid/pull/39311,0.18,1,1,0,,0,0.16551443847757338,0.6931471805599453,0.6931471805599453,0.0,,0.0
mantid,39313,https://github.com/mantidproject/mantid/pull/39313,1.6,3,5,2,1.8,0,0.9555114450274365,1.3862943611198906,1.791759469228055,1.0986122886681096,1.0296194171811583,0.0
mantid,39314,https://github.com/mantidproject/mantid/pull/39314,0.05,0,0,0,,0,0.04879016416943201,0.0,0.0,0.0,,0.0
mantid,39315,https://github.com/mantidproject/mantid/pull/39315,6.57,2,9,1,2.24,2,2.0241930674493576,1.0986122886681096,2.302585092994046,0.6931471805599453,1.1755733298042381,1.0986122886681096
mantid,39322,https://github.com/mantidproject/mantid/pull/39322,9.24,3,6,17,4.7,0,2.3263016196113617,1.3862943611198906,1.9459101490553132,2.8903717578961645,1.7404661748405044,0.0
mantid,39323,https://github.com/mantidproject/mantid/pull/39323,0.05,0,0,0,,0,0.04879016416943201,0.0,0.0,0.0,,0.0
mantid,39324,https://github.com/mantidproject/mantid/pull/39324,7.62,3,18,7,0.89,1,2.154085084675602,1.3862943611198906,2.9444389791664403,2.0794415416798357,0.636576829071551,0.6931471805599453
mantid,39328,https://github.com/mantidproject/mantid/pull/39328,4.87,1,2,0,,0,1.769854633840005,0.6931471805599453,1.0986122886681096,0.0,,0.0
mantid,39330,https://github.com/mantidproject/mantid/pull/39330,0.21,1,1,0,,0,0.1906203596086497,0.6931471805599453,0.6931471805599453,0.0,,0.0
mantid,39331,https://github.com/mantidproject/mantid/pull/39331,6.2,2,15,1,1.06,1,1.9740810260220096,1.0986122886681096,2.772588722239781,0.6931471805599453,0.7227059828014898,0.6931471805599453
mantid,39332,https://github.com/mantidproject/mantid/pull/39332,0.12,0,0,0,,0,0.11332868530700317,0.0,0.0,0.0,,0.0
mantid,39333,https://github.com/mantidproject/mantid/pull/39333,0.15,0,0,0,,0,0.13976194237515868,0.0,0.0,0.0,,0.0
mantid,39334,https://github.com/mantidproject/mantid/pull/39334,61.9,3,11,3,34.03,1,4.141546163706395,1.3862943611198906,2.4849066497880004,1.3862943611198906,3.5562048372093953,0.6931471805599453
mantid,39335,https://github.com/mantidproject/mantid/pull/39335,43.02,3,15,4,33.21,1,3.7846440760983158,1.3862943611198906,2.772588722239781,1.6094379124341003,3.5325179989895132,0.6931471805599453
mantid,39337,https://github.com/mantidproject/mantid/pull/39337,1.19,2,1,0,,0,0.7839015438284094,1.0986122886681096,0.6931471805599453,0.0,,0.0
mantid,39338,https://github.com/mantidproject/mantid/pull/39338,3.04,2,3,0,,0,1.3962446919730587,1.0986122886681096,1.3862943611198906,0.0,,0.0
mantid,39342,https://github.com/mantidproject/mantid/pull/39342,2.26,4,13,5,1.12,2,1.1817271953786161,1.6094379124341003,2.639057329615259,1.791759469228055,0.7514160886839212,1.0986122886681096
mantid,39344,https://github.com/mantidproject/mantid/pull/39344,0.07,0,0,0,,0,0.06765864847381481,0.0,0.0,0.0,,0.0
mantid,39346,https://github.com/mantidproject/mantid/pull/39346,1.86,2,2,1,,1,1.0508216248317612,1.0986122886681096,1.0986122886681096,0.6931471805599453,,0.6931471805599453
mantid,39347,https://github.com/mantidproject/mantid/pull/39347,2.58,2,6,1,0.1,1,1.275362800412609,1.0986122886681096,1.9459101490553132,0.6931471805599453,0.09531017980432487,0.6931471805599453
mantid,39348,https://github.com/mantidproject/mantid/pull/39348,0.29,2,3,0,,0,0.2546422183735807,1.0986122886681096,1.3862943611198906,0.0,,0.0
mantid,39353,https://github.com/mantidproject/mantid/pull/39353,0.26,1,1,0,,0,0.23111172096338664,0.6931471805599453,0.6931471805599453,0.0,,0.0
mantid,39358,https://github.com/mantidproject/mantid/pull/39358,0.91,2,1,0,,0,0.6471032420585385,1.0986122886681096,0.6931471805599453,0.0,,0.0
mantid,39359,https://github.com/mantidproject/mantid/pull/39359,1.01,2,2,0,,0,0.6981347220709844,1.0986122886681096,1.0986122886681096,0.0,,0.0
mantid,39360,https://github.com/mantidproject/mantid/pull/39360,0.96,1,3,0,0.0,0,0.6729444732424258,0.6931471805599453,1.3862943611198906,0.0,0.0,0.0
mantid,39361,https://github.com/mantidproject/mantid/pull/39361,5.69,1,1,0,,0,1.900613874140137,0.6931471805599453,0.6931471805599453,0.0,,0.0
mantid,39362,https://github.com/mantidproject/mantid/pull/39362,5.39,2,5,7,3.62,0,1.8547342683894434,1.0986122886681096,1.791759469228055,2.0794415416798357,1.5303947050936475,0.0
mantid,39363,https://github.com/mantidproject/mantid/pull/39363,0.62,1,1,0,,0,0.4824261492442927,0.6931471805599453,0.6931471805599453,0.0,,0.0
mantid,39365,https://github.com/mantidproject/mantid/pull/39365,1.14,1,1,0,,0,0.76080582903376,0.6931471805599453,0.6931471805599453,0.0,,0.0
mantid,39389,https://github.com/mantidproject/mantid/pull/39389,2.16,0,0,0,,0,1.1505720275988207,0.0,0.0,0.0,,0.0
mantid,39391,https://github.com/mantidproject/mantid/pull/39391,6.56,1,1,0,,0,2.0228711901914416,0.6931471805599453,0.6931471805599453,0.0,,0.0
mantid,39392,https://github.com/mantidproject/mantid/pull/39392,6.48,1,1,0,,0,2.012232791986386,0.6931471805599453,0.6931471805599453,0.0,,0.0
mantid,39394,https://github.com/mantidproject/mantid/pull/39394,0.27,1,1,0,,0,0.23901690047049992,0.6931471805599453,0.6931471805599453,0.0,,0.0
mantid,39401,https://github.com/mantidproject/mantid/pull/39401,6.74,1,1,0,,0,2.046401687601636,0.6931471805599453,0.6931471805599453,0.0,,0.0
mantid,39402,https://github.com/mantidproject/mantid/pull/39402,4.7,1,2,3,0.03,0,1.7404661748405044,0.6931471805599453,1.0986122886681096,1.3862943611198906,0.0295588022415444,0.0
mantid,39403,https://github.com/mantidproject/mantid/pull/39403,19.86,2,8,3,1.16,1,3.0378334495726262,1.0986122886681096,2.1972245773362196,1.3862943611198906,0.7701082216960736,0.6931471805599453
mantid,39404,https://github.com/mantidproject/mantid/pull/39404,0.15,1,1,0,,0,0.13976194237515868,0.6931471805599453,0.6931471805599453,0.0,,0.0
mantid,39407,https://github.com/mantidproject/mantid/pull/39407,0.14,1,1,0,,0,0.1310282624064041,0.6931471805599453,0.6931471805599453,0.0,,0.0
mantid,39413,https://github.com/mantidproject/mantid/pull/39413,0.46,1,1,0,,0,0.3784364357202451,0.6931471805599453,0.6931471805599453,0.0,,0.0
mantid,39414,https://github.com/mantidproject/mantid/pull/39414,0.53,1,2,0,,0,0.4252677354043441,0.6931471805599453,1.0986122886681096,0.0,,0.0
mantid,39415,https://github.com/mantidproject/mantid/pull/39415,34.75,1,4,7,5.82,1,3.5765502691400166,0.6931471805599453,1.6094379124341003,2.0794415416798357,1.9198594718553708,0.6931471805599453
mantid,39417,https://github.com/mantidproject/mantid/pull/39417,0.8,1,3,0,0.33,0,0.5877866649021191,0.6931471805599453,1.3862943611198906,0.0,0.2851789422336624,0.0
mantid,39419,https://github.com/mantidproject/mantid/pull/39419,0.43,0,0,0,,0,0.3576744442718159,0.0,0.0,0.0,,0.0
mantid,39420,https://github.com/mantidproject/mantid/pull/39420,0.41,1,1,0,,0,0.3435897043900769,0.6931471805599453,0.6931471805599453,0.0,,0.0
mantid,39421,https://github.com/mantidproject/mantid/pull/39421,0.4,2,4,1,0.1,1,0.33647223662121295,1.0986122886681096,1.6094379124341003,0.6931471805599453,0.09531017980432487,0.6931471805599453
mantid,39422,https://github.com/mantidproject/mantid/pull/39422,0.09,0,0,0,,0,0.08617769624105233,0.0,0.0,0.0,,0.0
mantid,39425,https://github.com/mantidproject/mantid/pull/39425,3.18,1,3,5,2.22,0,1.430311246536665,0.6931471805599453,1.3862943611198906,1.791759469228055,1.169381359556317,0.0
mantid,39427,https://github.com/mantidproject/mantid/pull/39427,0.1,0,0,0,,0,0.09531017980432487,0.0,0.0,0.0,,0.0
mantid,39432,https://github.com/mantidproject/mantid/pull/39432,1.18,2,3,2,0.01,0,0.7793248768009976,1.0986122886681096,1.3862943611198906,1.0986122886681096,0.009950330853168083,0.0
mantid,39437,https://github.com/mantidproject/mantid/pull/39437,0.12,1,0,0,,0,0.11332868530700317,0.6931471805599453,0.0,0.0,,0.0
mantid,39438,https://github.com/mantidproject/mantid/pull/39438,0.97,1,2,6,0.28,0,0.6780335427498971,0.6931471805599453,1.0986122886681096,1.9459101490553132,0.2468600779315258,0.0
mantid,39440,https://github.com/mantidproject/mantid/pull/39440,10.05,2,11,4,9.05,1,2.402430427963762,1.0986122886681096,2.4849066497880004,1.6094379124341003,2.307572634505085,0.6931471805599453
mantid,39441,https://github.com/mantidproject/mantid/pull/39441,6.68,0,0,0,,0,2.038619547159581,0.0,0.0,0.0,,0.0
mantid,39455,https://github.com/mantidproject/mantid/pull/39455,5.67,1,1,0,,0,1.8976198599275325,0.6931471805599453,0.6931471805599453,0.0,,0.0
mantid,39458,https://github.com/mantidproject/mantid/pull/39458,0.29,1,0,0,,0,0.2546422183735807,0.6931471805599453,0.0,0.0,,0.0
mantid,39461,https://github.com/mantidproject/mantid/pull/39461,3.85,2,1,0,,0,1.578978704949392,1.0986122886681096,0.6931471805599453,0.0,,0.0
mantid,39463,https://github.com/mantidproject/mantid/pull/39463,0.28,1,2,0,,0,0.2468600779315258,0.6931471805599453,1.0986122886681096,0.0,,0.0
mantid,39469,https://github.com/mantidproject/mantid/pull/39469,0.19,1,2,0,,0,0.173953307123438,0.6931471805599453,1.0986122886681096,0.0,,0.0
mantid,39478,https://github.com/mantidproject/mantid/pull/39478,8.87,1,0,0,,0,2.28949985344539,0.6931471805599453,0.0,0.0,,0.0
mantid,39479,https://github.com/mantidproject/mantid/pull/39479,5.26,3,13,0,0.93,1,1.8341801851120072,1.3862943611198906,2.639057329615259,0.0,0.6575200029167942,0.6931471805599453
mantid,39480,https://github.com/mantidproject/mantid/pull/39480,0.11,0,0,0,,0,0.10436001532424277,0.0,0.0,0.0,,0.0
mantid,39482,https://github.com/mantidproject/mantid/pull/39482,5.82,0,0,0,,0,1.9198594718553708,0.0,0.0,0.0,,0.0
mantid,39484,https://github.com/mantidproject/mantid/pull/39484,5.07,2,11,14,2.22,0,1.803358605071407,1.0986122886681096,2.4849066497880004,2.70805020110221,1.169381359556317,0.0
mantid,39489,https://github.com/mantidproject/mantid/pull/39489,2.1,3,16,3,0.45,1,1.1314021114911006,1.3862943611198906,2.833213344056216,1.3862943611198906,0.37156355643248307,0.6931471805599453
mantid,39490,https://github.com/mantidproject/mantid/pull/39490,7.81,1,5,1,1.33,1,2.175887439948088,0.6931471805599453,1.791759469228055,0.6931471805599453,0.8458682675776092,0.6931471805599453
mantid,39491,https://github.com/mantidproject/mantid/pull/39491,1.99,1,3,0,0.04,0,1.095273387402595,0.6931471805599453,1.3862943611198906,0.0,0.039220713153281295,0.0
mantid,39494,https://github.com/mantidproject/mantid/pull/39494,2.34,1,10,3,1.03,2,1.205970806988609,0.6931471805599453,2.3978952727983707,1.3862943611198906,0.708035793053696,1.0986122886681096
mantid,39496,https://github.com/mantidproject/mantid/pull/39496,5.91,4,6,1,4.96,1,1.9329696377795786,1.6094379124341003,1.9459101490553132,0.6931471805599453,1.7850704810772584,0.6931471805599453
mantid,39500,https://github.com/mantidproject/mantid/pull/39500,1.84,1,1,0,,0,1.0438040521731147,0.6931471805599453,0.6931471805599453,0.0,,0.0
mantid,39502,https://github.com/mantidproject/mantid/pull/39502,34.86,2,3,0,5.91,0,3.5796224681769866,1.0986122886681096,1.3862943611198906,0.0,1.9329696377795786,0.0
mantid,39503,https://github.com/mantidproject/mantid/pull/39503,1.27,3,14,5,0.14,1,0.8197798314933114,1.3862943611198906,2.70805020110221,1.791759469228055,0.1310282624064041,0.6931471805599453
mantid,39505,https://github.com/mantidproject/mantid/pull/39505,1.58,0,0,0,,0,0.9477893989335261,0.0,0.0,0.0,,0.0
mantid,39508,https://github.com/mantidproject/mantid/pull/39508,5.69,2,5,2,4.01,1,1.900613874140137,1.0986122886681096,1.791759469228055,1.0986122886681096,1.6114359150967734,0.6931471805599453
mantid,39509,https://github.com/mantidproject/mantid/pull/39509,1.37,2,3,4,0.14,0,0.8628899551470399,1.0986122886681096,1.3862943611198906,1.6094379124341003,0.1310282624064041,0.0
mantid,39511,https://github.com/mantidproject/mantid/pull/39511,5.83,1,0,0,,0,1.9213246735826988,0.6931471805599453,0.0,0.0,,0.0
mantid,39512,https://github.com/mantidproject/mantid/pull/39512,0.85,0,0,0,,0,0.6151856390902335,0.0,0.0,0.0,,0.0
mantid,39513,https://github.com/mantidproject/mantid/pull/39513,12.06,3,14,4,6.08,1,2.569554123848285,1.3862943611198906,2.70805020110221,1.6094379124341003,1.9572739077056285,0.6931471805599453
mantid,39519,https://github.com/mantidproject/mantid/pull/39519,5.98,1,4,1,0.84,1,1.943048916774281,0.6931471805599453,1.6094379124341003,0.6931471805599453,0.6097655716208943,0.6931471805599453
mantid,39520,https://github.com/mantidproject/mantid/pull/39520,4.82,3,9,1,0.04,1,1.7613002617433464,1.3862943611198906,2.302585092994046,0.6931471805599453,0.039220713153281295,0.6931471805599453
mantid,39521,https://github.com/mantidproject/mantid/pull/39521,0.11,0,0,0,,0,0.10436001532424277,0.0,0.0,0.0,,0.0
mantid,39522,https://github.com/mantidproject/mantid/pull/39522,0.81,2,0,0,,0,0.5933268452777344,1.0986122886681096,0.0,0.0,,0.0
mantid,39523,https://github.com/mantidproject/mantid/pull/39523,0.02,1,0,0,,0,0.019802627296179712,0.6931471805599453,0.0,0.0,,0.0
mantid,39525,https://github.com/mantidproject/mantid/pull/39525,0.06,1,1,0,,0,0.058268908123975775,0.6931471805599453,0.6931471805599453,0.0,,0.0
mantid,39526,https://github.com/mantidproject/mantid/pull/39526,4.57,1,1,0,,0,1.7173950539391927,0.6931471805599453,0.6931471805599453,0.0,,0.0
mantid,39528,https://github.com/mantidproject/mantid/pull/39528,9.76,1,4,0,2.99,0,2.3758355547336385,0.6931471805599453,1.6094379124341003,0.0,1.3837912309017721,0.0
mantid,39529,https://github.com/mantidproject/mantid/pull/39529,0.09,0,0,0,,0,0.08617769624105233,0.0,0.0,0.0,,0.0
mantid,39530,https://github.com/mantidproject/mantid/pull/39530,3.73,1,1,0,,0,1.5539252025038417,0.6931471805599453,0.6931471805599453,0.0,,0.0
mantid,39531,https://github.com/mantidproject/mantid/pull/39531,0.1,0,1,0,,0,0.09531017980432487,0.0,0.6931471805599453,0.0,,0.0
mantid,39533,https://github.com/mantidproject/mantid/pull/39533,1.6,1,4,1,0.01,1,0.9555114450274365,0.6931471805599453,1.6094379124341003,0.6931471805599453,0.009950330853168083,0.6931471805599453
mantid,39534,https://github.com/mantidproject/mantid/pull/39534,0.11,1,1,0,,0,0.10436001532424277,0.6931471805599453,0.6931471805599453,0.0,,0.0
mantid,39537,https://github.com/mantidproject/mantid/pull/39537,0.06,0,0,0,,0,0.058268908123975775,0.0,0.0,0.0,,0.0
mantid,39538,https://github.com/mantidproject/mantid/pull/39538,6.02,2,3,0,4.01,0,1.9487632180377197,1.0986122886681096,1.3862943611198906,0.0,1.6114359150967734,0.0
mantid,39577,https://github.com/mantidproject/mantid/pull/39577,2.87,1,1,0,,0,1.3532545070416904,0.6931471805599453,0.6931471805599453,0.0,,0.0
mantid,39578,https://github.com/mantidproject/mantid/pull/39578,0.06,0,0,0,,0,0.058268908123975775,0.0,0.0,0.0,,0.0
mantid,39582,https://github.com/mantidproject/mantid/pull/39582,1.01,2,3,0,0.16,0,0.6981347220709844,1.0986122886681096,1.3862943611198906,0.0,0.14842000511827327,0.0
mantid,39583,https://github.com/mantidproject/mantid/pull/39583,1.91,3,7,1,0.92,1,1.068153081183401,1.3862943611198906,2.0794415416798357,0.6931471805599453,0.6523251860396903,0.6931471805599453
mantid,39584,https://github.com/mantidproject/mantid/pull/39584,0.85,1,8,0,0.22,0,0.6151856390902335,0.6931471805599453,2.1972245773362196,0.0,0.1988508587451652,0.0
mantid,39585,https://github.com/mantidproject/mantid/pull/39585,1.75,2,2,4,,0,1.0116009116784799,1.0986122886681096,1.0986122886681096,1.6094379124341003,,0.0
mantid,39586,https://github.com/mantidproject/mantid/pull/39586,0.63,1,0,0,,0,0.48858001481867097,0.6931471805599453,0.0,0.0,,0.0
mantid,39587,https://github.com/mantidproject/mantid/pull/39587,12.08,3,11,1,11.12,1,2.5710843460290524,1.3862943611198906,2.4849066497880004,0.6931471805599453,2.4948569806411682,0.6931471805599453
mantid,39590,https://github.com/mantidproject/mantid/pull/39590,0.89,1,1,0,,0,0.636576829071551,0.6931471805599453,0.6931471805599453,0.0,,0.0
mantid,39595,https://github.com/mantidproject/mantid/pull/39595,0.06,0,0,0,,0,0.058268908123975775,0.0,0.0,0.0,,0.0
mantid,39599,https://github.com/mantidproject/mantid/pull/39599,2.65,1,0,0,,0,1.2947271675944,0.6931471805599453,0.0,0.0,,0.0
mantid,39600,https://github.com/mantidproject/mantid/pull/39600,10.9,2,15,8,1.93,2,2.4765384001174837,1.0986122886681096,2.772588722239781,2.1972245773362196,1.0750024230289759,1.0986122886681096
mantid,39601,https://github.com/mantidproject/mantid/pull/39601,0.07,0,0,0,,0,0.06765864847381481,0.0,0.0,0.0,,0.0
mantid,39603,https://github.com/mantidproject/mantid/pull/39603,7.15,2,4,4,1.14,0,2.0980179272527715,1.0986122886681096,1.6094379124341003,1.6094379124341003,0.76080582903376,0.0
mantid,39611,https://github.com/mantidproject/mantid/pull/39611,1.26,2,5,2,1.02,1,0.8153648132841945,1.0986122886681096,1.791759469228055,1.0986122886681096,0.7030975114131134,0.6931471805599453
mantid,39613,https://github.com/mantidproject/mantid/pull/39613,7.58,1,1,0,,0,2.149433913499871,0.6931471805599453,0.6931471805599453,0.0,,0.0
mantid,39622,https://github.com/mantidproject/mantid/pull/39622,0.17,1,0,0,,0,0.15700374880966475,0.6931471805599453,0.0,0.0,,0.0
mantid,39625,https://github.com/mantidproject/mantid/pull/39625,16.98,2,9,4,2.14,1,2.8892600290434745,1.0986122886681096,2.302585092994046,1.6094379124341003,1.144222799920162,0.6931471805599453
mantid,39627,https://github.com/mantidproject/mantid/pull/39627,10.84,2,5,1,8.0,0,2.4714836294558595,1.0986122886681096,1.791759469228055,0.6931471805599453,2.1972245773362196,0.0
mantid,39628,https://github.com/mantidproject/mantid/pull/39628,0.08,1,0,0,,0,0.07696104113612832,0.6931471805599453,0.0,0.0,,0.0
mantid,39629,https://github.com/mantidproject/mantid/pull/39629,1.84,2,2,0,0.0,0,1.0438040521731147,1.0986122886681096,1.0986122886681096,0.0,0.0,0.0
mantid,39630,https://github.com/mantidproject/mantid/pull/39630,0.06,0,0,0,,0,0.058268908123975775,0.0,0.0,0.0,,0.0
mantid,39632,https://github.com/mantidproject/mantid/pull/39632,0.07,0,0,0,,0,0.06765864847381481,0.0,0.0,0.0,,0.0
mantid,39633,https://github.com/mantidproject/mantid/pull/39633,14.96,2,6,0,0.95,1,2.7700855920216627,1.0986122886681096,1.9459101490553132,0.0,0.6678293725756554,0.6931471805599453
mantid,39635,https://github.com/mantidproject/mantid/pull/39635,0.07,0,0,0,,0,0.06765864847381481,0.0,0.0,0.0,,0.0
mantid,39636,https://github.com/mantidproject/mantid/pull/39636,0.69,0,0,0,,0,0.5247285289349821,0.0,0.0,0.0,,0.0
mantid,39639,https://github.com/mantidproject/mantid/pull/39639,0.13,0,0,0,,0,0.12221763272424921,0.0,0.0,0.0,,0.0
mantid,39641,https://github.com/mantidproject/mantid/pull/39641,0.98,1,1,0,,0,0.6830968447064438,0.6931471805599453,0.6931471805599453,0.0,,0.0
mantid,39642,https://github.com/mantidproject/mantid/pull/39642,1.6,1,1,0,,0,0.9555114450274365,0.6931471805599453,0.6931471805599453,0.0,,0.0
mantid,39647,https://github.com/mantidproject/mantid/pull/39647,0.06,0,0,0,,0,0.058268908123975775,0.0,0.0,0.0,,0.0
mantid,39648,https://github.com/mantidproject/mantid/pull/39648,1.02,1,1,0,,0,0.7030975114131134,0.6931471805599453,0.6931471805599453,0.0,,0.0
mantid,39649,https://github.com/mantidproject/mantid/pull/39649,3.89,1,1,0,,0,1.5871923034867808,0.6931471805599453,0.6931471805599453,0.0,,0.0
mantid,39650,https://github.com/mantidproject/mantid/pull/39650,2.71,0,0,0,,0,1.3110318766193438,0.0,0.0,0.0,,0.0
mantid,39651,https://github.com/mantidproject/mantid/pull/39651,2.54,0,0,0,,0,1.264126727145683,0.0,0.0,0.0,,0.0
mantid,39654,https://github.com/mantidproject/mantid/pull/39654,16.96,2,17,8,12.9,2,2.8881470628740535,1.0986122886681096,2.8903717578961645,2.1972245773362196,2.631888840136646,1.0986122886681096
mantid,39657,https://github.com/mantidproject/mantid/pull/39657,5.86,1,5,0,2.69,0,1.925707441737794,0.6931471805599453,1.791759469228055,0.0,1.3056264580524357,0.0
mantid,39658,https://github.com/mantidproject/mantid/pull/39658,15.95,2,7,0,14.29,0,2.830267833826459,1.0986122886681096,2.0794415416798357,0.0,2.727199019940971,0.0
mantid,39659,https://github.com/mantidproject/mantid/pull/39659,0.2,0,0,0,,0,0.18232155679395462,0.0,0.0,0.0,,0.0
mantid,39660,https://github.com/mantidproject/mantid/pull/39660,2.03,1,1,0,,0,1.1085626195212777,0.6931471805599453,0.6931471805599453,0.0,,0.0
mantid,39665,https://github.com/mantidproject/mantid/pull/39665,0.18,1,1,0,,0,0.16551443847757338,0.6931471805599453,0.6931471805599453,0.0,,0.0
mantid,39666,https://github.com/mantidproject/mantid/pull/39666,0.06,0,0,0,,0,0.058268908123975775,0.0,0.0,0.0,,0.0
mantid,39668,https://github.com/mantidproject/mantid/pull/39668,1.84,2,2,9,,0,1.0438040521731147,1.0986122886681096,1.0986122886681096,2.302585092994046,,0.0
mantid,39670,https://github.com/mantidproject/mantid/pull/39670,1.74,1,2,0,,0,1.007957920399979,0.6931471805599453,1.0986122886681096,0.0,,0.0
mantid,39673,https://github.com/mantidproject/mantid/pull/39673,0.59,0,0,0,,0,0.46373401623214017,0.0,0.0,0.0,,0.0
mantid,39674,https://github.com/mantidproject/mantid/pull/39674,0.25,0,0,0,,0,0.22314355131420976,0.0,0.0,0.0,,0.0
mantid,39675,https://github.com/mantidproject/mantid/pull/39675,6.83,2,6,1,5.97,1,2.057962510002712,1.0986122886681096,1.9459101490553132,0.6931471805599453,1.9416152247724325,0.6931471805599453
mantid,39677,https://github.com/mantidproject/mantid/pull/39677,5.74,1,10,1,0.03,1,1.9080599249242156,0.6931471805599453,2.3978952727983707,0.6931471805599453,0.0295588022415444,0.6931471805599453
mantid,39682,https://github.com/mantidproject/mantid/pull/39682,0.0,0,0,0,,0,0.0,0.0,0.0,0.0,,0.0
mantid,39683,https://github.com/mantidproject/mantid/pull/39683,0.05,0,0,0,,0,0.04879016416943201,0.0,0.0,0.0,,0.0
mantid,39685,https://github.com/mantidproject/mantid/pull/39685,0.05,0,0,0,,0,0.04879016416943201,0.0,0.0,0.0,,0.0
mantid,39686,https://github.com/mantidproject/mantid/pull/39686,4.88,4,8,4,3.88,1,1.7715567619105355,1.6094379124341003,2.1972245773362196,1.6094379124341003,1.5851452198650557,0.6931471805599453
mantid,39693,https://github.com/mantidproject/mantid/pull/39693,0.12,1,1,0,,0,0.11332868530700317,0.6931471805599453,0.6931471805599453,0.0,,0.0
mantid,39697,https://github.com/mantidproject/mantid/pull/39697,0.06,0,0,0,,0,0.058268908123975775,0.0,0.0,0.0,,0.0
mantid,39698,https://github.com/mantidproject/mantid/pull/39698,4.19,1,2,0,,0,1.6467336971777973,0.6931471805599453,1.0986122886681096,0.0,,0.0
mantid,39701,https://github.com/mantidproject/mantid/pull/39701,3.41,1,2,0,,0,1.4838746894587547,0.6931471805599453,1.0986122886681096,0.0,,0.0
mantid,39702,https://github.com/mantidproject/mantid/pull/39702,2.84,1,1,0,,0,1.3454723665996355,0.6931471805599453,0.6931471805599453,0.0,,0.0
mantid,39708,https://github.com/mantidproject/mantid/pull/39708,0.62,1,1,0,,0,0.4824261492442927,0.6931471805599453,0.6931471805599453,0.0,,0.0
mantid,39709,https://github.com/mantidproject/mantid/pull/39709,13.92,2,5,1,13.0,1,2.702702594775615,1.0986122886681096,1.791759469228055,0.6931471805599453,2.639057329615259,0.6931471805599453
mantid,39710,https://github.com/mantidproject/mantid/pull/39710,1.25,1,2,1,,1,0.8109302162163288,0.6931471805599453,1.0986122886681096,0.6931471805599453,,0.6931471805599453
mantid,39713,https://github.com/mantidproject/mantid/pull/39713,0.06,0,1,0,,0,0.058268908123975775,0.0,0.6931471805599453,0.0,,0.0
mantid,39714,https://github.com/mantidproject/mantid/pull/39714,13.9,2,6,0,0.07,0,2.7013612129514133,1.0986122886681096,1.9459101490553132,0.0,0.06765864847381481,0.0
mantid,39715,https://github.com/mantidproject/mantid/pull/39715,1.17,3,9,10,0.03,0,0.7747271675523681,1.3862943611198906,2.302585092994046,2.3978952727983707,0.0295588022415444,0.0
mantid,39716,https://github.com/mantidproject/mantid/pull/39716,0.05,0,0,0,,0,0.04879016416943201,0.0,0.0,0.0,,0.0
mantid,39717,https://github.com/mantidproject/mantid/pull/39717,0.12,0,0,0,,0,0.11332868530700317,0.0,0.0,0.0,,0.0
mantid,39719,https://github.com/mantidproject/mantid/pull/39719,0.07,0,0,0,,0,0.06765864847381481,0.0,0.0,0.0,,0.0
mantid,39721,https://github.com/mantidproject/mantid/pull/39721,6.43,3,9,1,4.44,0,2.005525858729668,1.3862943611198906,2.302585092994046,0.6931471805599453,1.6937790608678513,0.0
mantid,39723,https://github.com/mantidproject/mantid/pull/39723,0.06,0,0,0,,0,0.058268908123975775,0.0,0.0,0.0,,0.0
mantid,39726,https://github.com/mantidproject/mantid/pull/39726,0.1,0,0,0,,0,0.09531017980432487,0.0,0.0,0.0,,0.0
mantid,39730,https://github.com/mantidproject/mantid/pull/39730,1.08,2,1,0,,0,0.7323678937132266,1.0986122886681096,0.6931471805599453,0.0,,0.0
mantid,39732,https://github.com/mantidproject/mantid/pull/39732,4.0,4,14,6,0.43,0,1.6094379124341003,1.6094379124341003,2.70805020110221,1.9459101490553132,0.3576744442718159,0.0
mantid,39733,https://github.com/mantidproject/mantid/pull/39733,4.75,4,7,4,0.94,1,1.749199854809259,1.6094379124341003,2.0794415416798357,1.6094379124341003,0.6626879730752367,0.6931471805599453
mantid,39735,https://github.com/mantidproject/mantid/pull/39735,1.18,0,2,0,0.22,0,0.7793248768009976,0.0,1.0986122886681096,0.0,0.1988508587451652,0.0
mantid,39737,https://github.com/mantidproject/mantid/pull/39737,0.12,1,1,0,,0,0.11332868530700317,0.6931471805599453,0.6931471805599453,0.0,,0.0
mantid,39740,https://github.com/mantidproject/mantid/pull/39740,7.46,2,10,2,5.29,0,2.135349173618132,1.0986122886681096,2.3978952727983707,1.0986122886681096,1.8389610707123492,0.0
mantid,39741,https://github.com/mantidproject/mantid/pull/39741,4.15,1,1,0,,0,1.6389967146756448,0.6931471805599453,0.6931471805599453,0.0,,0.0
mantid,39742,https://github.com/mantidproject/mantid/pull/39742,0.38,0,1,0,,0,0.32208349916911333,0.0,0.6931471805599453,0.0,,0.0
mantid,39753,https://github.com/mantidproject/mantid/pull/39753,0.06,0,1,0,,0,0.058268908123975775,0.0,0.6931471805599453,0.0,,0.0
mantid,39754,https://github.com/mantidproject/mantid/pull/39754,5.29,1,1,0,,0,1.8389610707123492,0.6931471805599453,0.6931471805599453,0.0,,0.0
mantid,39755,https://github.com/mantidproject/mantid/pull/39755,0.1,0,0,0,,0,0.09531017980432487,0.0,0.0,0.0,,0.0
mantid,39756,https://github.com/mantidproject/mantid/pull/39756,0.07,0,0,0,,0,0.06765864847381481,0.0,0.0,0.0,,0.0
mantid,39762,https://github.com/mantidproject/mantid/pull/39762,1.15,1,5,2,1.06,0,0.7654678421395714,0.6931471805599453,1.791759469228055,1.0986122886681096,0.7227059828014898,0.0
mantid,39770,https://github.com/mantidproject/mantid/pull/39770,2.94,2,8,5,1.92,1,1.3711807233098425,1.0986122886681096,2.1972245773362196,1.791759469228055,1.0715836162801904,0.6931471805599453
mantid,39778,https://github.com/mantidproject/mantid/pull/39778,0.08,0,0,0,,0,0.07696104113612832,0.0,0.0,0.0,,0.0
mantid,39779,https://github.com/mantidproject/mantid/pull/39779,0.14,0,0,0,,0,0.1310282624064041,0.0,0.0,0.0,,0.0
mantid,39780,https://github.com/mantidproject/mantid/pull/39780,0.84,1,2,0,,0,0.6097655716208943,0.6931471805599453,1.0986122886681096,0.0,,0.0
mantid,39782,https://github.com/mantidproject/mantid/pull/39782,0.71,1,1,0,,0,0.5364933705145685,0.6931471805599453,0.6931471805599453,0.0,,0.0
mantid,39783,https://github.com/mantidproject/mantid/pull/39783,0.06,0,0,0,,0,0.058268908123975775,0.0,0.0,0.0,,0.0
mantid,39786,https://github.com/mantidproject/mantid/pull/39786,0.12,2,2,0,,0,0.11332868530700317,1.0986122886681096,1.0986122886681096,0.0,,0.0
mantid,39788,https://github.com/mantidproject/mantid/pull/39788,0.05,0,0,0,,0,0.04879016416943201,0.0,0.0,0.0,,0.0
mantid,39790,https://github.com/mantidproject/mantid/pull/39790,0.05,0,0,0,,0,0.04879016416943201,0.0,0.0,0.0,,0.0
mantid,39791,https://github.com/mantidproject/mantid/pull/39791,8.53,2,7,3,0.0,1,2.254444717666111,1.0986122886681096,2.0794415416798357,1.3862943611198906,0.0,0.6931471805599453
mantid,39792,https://github.com/mantidproject/mantid/pull/39792,0.87,1,1,0,,0,0.6259384308664953,0.6931471805599453,0.6931471805599453,0.0,,0.0
mantid,39793,https://github.com/mantidproject/mantid/pull/39793,0.07,0,0,0,,0,0.06765864847381481,0.0,0.0,0.0,,0.0
mantid,39794,https://github.com/mantidproject/mantid/pull/39794,0.05,0,0,0,,0,0.04879016416943201,0.0,0.0,0.0,,0.0
mantid,39799,https://github.com/mantidproject/mantid/pull/39799,4.87,4,15,1,0.9,1,1.769854633840005,1.6094379124341003,2.772588722239781,0.6931471805599453,0.6418538861723948,0.6931471805599453
mantid,39800,https://github.com/mantidproject/mantid/pull/39800,0.05,0,0,0,,0,0.04879016416943201,0.0,0.0,0.0,,0.0
mantid,39805,https://github.com/mantidproject/mantid/pull/39805,0.16,1,1,0,,0,0.14842000511827327,0.6931471805599453,0.6931471805599453,0.0,,0.0
mantid,39807,https://github.com/mantidproject/mantid/pull/39807,0.79,1,1,0,,0,0.5822156198526637,0.6931471805599453,0.6931471805599453,0.0,,0.0
mantid,39811,https://github.com/mantidproject/mantid/pull/39811,6.96,1,1,0,,0,2.0744289998562917,0.6931471805599453,0.6931471805599453,0.0,,0.0
mantid,39814,https://github.com/mantidproject/mantid/pull/39814,3.79,2,8,1,0.1,0,1.5665304114228238,1.0986122886681096,2.1972245773362196,0.6931471805599453,0.09531017980432487,0.0
mantid,39816,https://github.com/mantidproject/mantid/pull/39816,10.68,4,31,33,7.96,0,2.4578779774000807,1.6094379124341003,3.4657359027997265,3.5263605246161616,2.192770226986839,0.0
mantid,39819,https://github.com/mantidproject/mantid/pull/39819,5.4,2,3,1,0.01,0,1.8562979903656263,1.0986122886681096,1.3862943611198906,0.6931471805599453,0.009950330853168083,0.0
mantid,39825,https://github.com/mantidproject/mantid/pull/39825,0.65,2,1,0,,0,0.5007752879124893,1.0986122886681096,0.6931471805599453,0.0,,0.0
mantid,39827,https://github.com/mantidproject/mantid/pull/39827,5.93,1,2,0,,0,1.9358598132018119,0.6931471805599453,1.0986122886681096,0.0,,0.0
mantid,39829,https://github.com/mantidproject/mantid/pull/39829,0.8,0,0,0,,0,0.5877866649021191,0.0,0.0,0.0,,0.0
mantid,39834,https://github.com/mantidproject/mantid/pull/39834,0.05,1,8,0,0.01,0,0.04879016416943201,0.6931471805599453,2.1972245773362196,0.0,0.009950330853168083,0.0
mantid,39841,https://github.com/mantidproject/mantid/pull/39841,0.08,1,2,0,,0,0.07696104113612832,0.6931471805599453,1.0986122886681096,0.0,,0.0
